{"features":[{"geometry":{"coordinates":[-77.495128,38.71497],"type":"Point"},"properties":{"campus_id":"camp_cloudhq_mcc","cooling":"unknown","id":"dc_nova_0000","in_steam":false,"in_uten":false,"mw":6.0468373275111365,"mw_confidence":"parcel_estimate","mw_source":"parcel_estimate","name":"CloudHQ MCC3","region":"nova","sources":["im3_datacenter_atlas","manual_nova_mw"]},"type":"Feature"},{"geometry":{"coordinates":[-77.499897,38.717028],"type":"Point"},"properties":{"campus_id":"camp_cloudhq_mcc","cooling":"unknown","id":"dc_nova_0001","in_steam":false,"in_uten":false,"mw":19.67777095012341,"mw_confidence":"parcel_estimate","mw_source":"parcel_estimate","name":"CloudHQ MCC1","region":"nova","sources":["im3_datacenter_atlas","manual_nova_mw"]},"type":"Feature"},{"geometry":{"coordinates":[-77.499009,38.723182],"type":"Point"},"properties":{"campus_id":"camp_cloudhq_mcc","cooling":"unknown","id":"dc_nova_0002","in_steam":false,"in_uten":false,"mw":17.275391722365452,"mw_confidence":"parcel_estimate","mw_source":"parcel_estimate","name":"CloudHQ MCC2","region":"nova","sources":["im3_datacenter_atlas","manual_nova_mw"]},"type":"Feature"},{"geometry":{"coordinates":[-77.506642,38.734598],"type":"Point"},"properties":{"campus_id":null,"cooling":"unknown","id":"dc_nova_0003","in_steam":false,"in_uten":false,"mw":21.461100000000002,"mw_confidence":"footprint_estimate","mw_source":"atlas_sqft","name":"Amazon IAD100","region":"nova","sources":["im3_datacenter_atlas"]},"type":"Feature"},{"geometry":{"coordinates":[-77.505695,38.73544],"type":"Point"},"properties":{"campus_id":null,"cooling":"unknown","id":"dc_nova_0004","in_steam":false,"in_uten":false,"mw":21.433,"mw_confidence":"footprint_estimate","mw_source":"atlas_sqft","name":"Amazon IAD101","region":"nova","sources":["im3_datacenter_atlas"]},"type":"Feature"},{"geometry":{"coordinates":[-77.504901,38.73597],"type":"Point"},"properties":{"campus_id":null,"cooling":"unknown","id":"dc_nova_0005","in_steam":false,"in_uten":false,"mw":21.4338,"mw_confidence":"footprint_estimate","mw_source":"atlas_sqft","name":"Amazon IAD102","region":"nova","sources":["im3_datacenter_atlas"]},"type":"Feature"},{"geometry":{"coordinates":[-77.504075,38.736984],"type":"Point"},"properties":{"campus_id":null,"cooling":"unknown","id":"dc_nova_0006","in_steam":false,"in_uten":false,"mw":14.1914,"mw_confidence":"footprint_estimate","mw_source":"atlas_sqft","name":"Amazon IAD103","region":"nova","sources":["im3_datacenter_atlas"]},"type":"Feature"},{"geometry":{"coordinates":[-77.503984,38.740436],"type":"Point"},"properties":{"campus_id":null,"cooling":"unknown","id":"dc_nova_0007","in_steam":false,"in_uten":false,"mw":9.598700000000001,"mw_confidence":"footprint_estimate","mw_source":"atlas_sqft","name":"Unnamed data center","region":"nova","sources":["im3_datacenter_atlas"]},"type":"Feature"},{"geometry":{"coordinates":[-77.533384,38.743053],"type":"Point"},"properties":{"campus_id":null,"cooling":"unknown","id":"dc_nova_0008","in_steam":false,"in_uten":false,"mw":11.250200000000001,"mw_confidence":"footprint_estimate","mw_source":"atlas_sqft","name":"Amazon Web Services","region":"nova","sources":["im3_datacenter_atlas"]},"type":"Feature"},{"geometry":{"coordinates":[-77.530625,38.743886],"type":"Point"},"properties":{"campus_id":null,"cooling":"unknown","id":"dc_nova_0009","in_steam":false,"in_uten":false,"mw":14.9206,"mw_confidence":"footprint_estimate","mw_source":"atlas_sqft","name":"COPT Innovation Park Data Center","region":"nova","sources":["im3_datacenter_atlas"]},"type":"Feature"},{"geometry":{"coordinates":[-77.529196,38.744055],"type":"Point"},"properties":{"campus_id":null,"cooling":"unknown","id":"dc_nova_0010","in_steam":false,"in_uten":false,"mw":10.4114,"mw_confidence":"footprint_estimate","mw_source":"atlas_sqft","name":"COPT Data Center Bldg 2","region":"nova","sources":["im3_datacenter_atlas"]},"type":"Feature"},{"geometry":{"coordinates":[-77.533322,38.744286],"type":"Point"},"properties":{"campus_id":null,"cooling":"unknown","id":"dc_nova_0011","in_steam":false,"in_uten":false,"mw":11.1697,"mw_confidence":"footprint_estimate","mw_source":"atlas_sqft","name":"Amazon Web Services","region":"nova","sources":["im3_datacenter_atlas"]},"type":"Feature"},{"geometry":{"coordinates":[-77.533094,38.74512],"type":"Point"},"properties":{"campus_id":null,"cooling":"unknown","id":"dc_nova_0012","in_steam":false,"in_uten":false,"mw":1.4507,"mw_confidence":"footprint_estimate","mw_source":"atlas_sqft","name":"Amazon Web Services","region":"nova","sources":["im3_datacenter_atlas"]},"type":"Feature"},{"geometry":{"coordinates":[-77.537509,38.745959],"type":"Point"},"properties":{"campus_id":null,"cooling":"unknown","id":"dc_nova_0013","in_steam":false,"in_uten":false,"mw":25.796000000000003,"mw_confidence":"footprint_estimate","mw_source":"atlas_sqft","name":"Unnamed data center","region":"nova","sources":["im3_datacenter_atlas"]},"type":"Feature"},{"geometry":{"coordinates":[-77.517215,38.746146],"type":"Point"},"properties":{"campus_id":null,"cooling":"unknown","id":"dc_nova_0014","in_steam":false,"in_uten":false,"mw":21.270200000000003,"mw_confidence":"footprint_estimate","mw_source":"atlas_sqft","name":"Amazon Web Services","region":"nova","sources":["im3_datacenter_atlas"]},"type":"Feature"},{"geometry":{"coordinates":[-77.518528,38.746975],"type":"Point"},"properties":{"campus_id":null,"cooling":"unknown","id":"dc_nova_0015","in_steam":false,"in_uten":false,"mw":20.5206,"mw_confidence":"footprint_estimate","mw_source":"atlas_sqft","name":"AWS IAD106","region":"nova","sources":["im3_datacenter_atlas"]},"type":"Feature"},{"geometry":{"coordinates":[-77.531845,38.747281],"type":"Point"},"properties":{"campus_id":null,"cooling":"unknown","id":"dc_nova_0016","in_steam":false,"in_uten":false,"mw":12.7955,"mw_confidence":"footprint_estimate","mw_source":"atlas_sqft","name":"COPT Data Center","region":"nova","sources":["im3_datacenter_atlas"]},"type":"Feature"},{"geometry":{"coordinates":[-77.519475,38.747596],"type":"Point"},"properties":{"campus_id":null,"cooling":"unknown","id":"dc_nova_0017","in_steam":false,"in_uten":false,"mw":21.427,"mw_confidence":"footprint_estimate","mw_source":"atlas_sqft","name":"AWS IAD105","region":"nova","sources":["im3_datacenter_atlas"]},"type":"Feature"},{"geometry":{"coordinates":[-77.520705,38.748374],"type":"Point"},"properties":{"campus_id":null,"cooling":"unknown","id":"dc_nova_0018","in_steam":false,"in_uten":false,"mw":21.425800000000002,"mw_confidence":"footprint_estimate","mw_source":"atlas_sqft","name":"AWS IAD104","region":"nova","sources":["im3_datacenter_atlas"]},"type":"Feature"},{"geometry":{"coordinates":[-77.196273,38.750817],"type":"Point"},"properties":{"campus_id":null,"cooling":"unknown","id":"dc_nova_0019","in_steam":false,"in_uten":false,"mw":5.604900000000001,"mw_confidence":"footprint_estimate","mw_source":"atlas_sqft","name":"Unnamed data center","region":"nova","sources":["im3_datacenter_atlas"]},"type":"Feature"},{"geometry":{"coordinates":[-77.512523,38.752551],"type":"Point"},"properties":{"campus_id":"camp_qts_manassas","cooling":"unknown","id":"dc_nova_0020","in_steam":false,"in_uten":false,"mw":58.011257751023535,"mw_confidence":"parcel_estimate","mw_source":"parcel_estimate","name":"QTS Manassas DC1","region":"nova","sources":["im3_datacenter_atlas","manual_nova_mw"]},"type":"Feature"},{"geometry":{"coordinates":[-77.510797,38.753195],"type":"Point"},"properties":{"campus_id":"camp_qts_manassas","cooling":"unknown","id":"dc_nova_0021","in_steam":false,"in_uten":false,"mw":62.47167689015352,"mw_confidence":"parcel_estimate","mw_source":"parcel_estimate","name":"QTS Manassas DC2","region":"nova","sources":["im3_datacenter_atlas","manual_nova_mw"]},"type":"Feature"},{"geometry":{"coordinates":[-77.517447,38.754693],"type":"Point"},"properties":{"campus_id":"camp_qts_manassas","cooling":"unknown","id":"dc_nova_0022","in_steam":false,"in_uten":false,"mw":69.51706535882295,"mw_confidence":"parcel_estimate","mw_source":"parcel_estimate","name":"QTS Manassas DC5","region":"nova","sources":["im3_datacenter_atlas","manual_nova_mw"]},"type":"Feature"},{"geometry":{"coordinates":[-77.516652,38.758875],"type":"Point"},"properties":{"campus_id":null,"cooling":"unknown","id":"dc_nova_0023","in_steam":false,"in_uten":false,"mw":13.959200000000001,"mw_confidence":"footprint_estimate","mw_source":"atlas_sqft","name":"Unnamed data center","region":"nova","sources":["im3_datacenter_atlas"]},"type":"Feature"},{"geometry":{"coordinates":[-77.519302,38.760361],"type":"Point"},"properties":{"campus_id":null,"cooling":"unknown","id":"dc_nova_0024","in_steam":false,"in_uten":false,"mw":10.312800000000001,"mw_confidence":"footprint_estimate","mw_source":"atlas_sqft","name":"Amazon IAD130","region":"nova","sources":["im3_datacenter_atlas"]},"type":"Feature"},{"geometry":{"coordinates":[-77.518221,38.761105],"type":"Point"},"properties":{"campus_id":null,"cooling":"unknown","id":"dc_nova_0025","in_steam":false,"in_uten":false,"mw":10.469700000000001,"mw_confidence":"footprint_estimate","mw_source":"atlas_sqft","name":"Amazon IAD131","region":"nova","sources":["im3_datacenter_atlas"]},"type":"Feature"},{"geometry":{"coordinates":[-77.538648,38.768143],"type":"Point"},"properties":{"campus_id":"camp_iron_mountain_va","cooling":"unknown","id":"dc_nova_0026","in_steam":false,"in_uten":false,"mw":57.8029298051903,"mw_confidence":"parcel_estimate","mw_source":"parcel_estimate","name":"Iron Mountain VA-6","region":"nova","sources":["im3_datacenter_atlas","manual_nova_mw"]},"type":"Feature"},{"geometry":{"coordinates":[-77.541169,38.773043],"type":"Point"},"properties":{"campus_id":"camp_iron_mountain_va","cooling":"unknown","id":"dc_nova_0027","in_steam":false,"in_uten":false,"mw":33.88047693025229,"mw_confidence":"parcel_estimate","mw_source":"parcel_estimate","name":"Iron Mountain VA-5","region":"nova","sources":["im3_datacenter_atlas","manual_nova_mw"]},"type":"Feature"},{"geometry":{"coordinates":[-77.585627,38.774417],"type":"Point"},"properties":{"campus_id":null,"cooling":"unknown","id":"dc_nova_0028","in_steam":false,"in_uten":false,"mw":28.962100000000003,"mw_confidence":"footprint_estimate","mw_source":"atlas_sqft","name":"Google","region":"nova","sources":["im3_datacenter_atlas"]},"type":"Feature"},{"geometry":{"coordinates":[-77.542221,38.774423],"type":"Point"},"properties":{"campus_id":"camp_iron_mountain_va","cooling":"unknown","id":"dc_nova_0029","in_steam":false,"in_uten":false,"mw":28.29298959736456,"mw_confidence":"parcel_estimate","mw_source":"parcel_estimate","name":"Iron Mountain VA-4","region":"nova","sources":["im3_datacenter_atlas","manual_nova_mw"]},"type":"Feature"},{"geometry":{"coordinates":[-77.5452,38.775507],"type":"Point"},"properties":{"campus_id":"camp_iron_mountain_va","cooling":"unknown","id":"dc_nova_0030","in_steam":false,"in_uten":false,"mw":57.566529999920554,"mw_confidence":"parcel_estimate","mw_source":"parcel_estimate","name":"Iron Mountain VA-3","region":"nova","sources":["im3_datacenter_atlas","manual_nova_mw"]},"type":"Feature"},{"geometry":{"coordinates":[-77.582524,38.776123],"type":"Point"},"properties":{"campus_id":null,"cooling":"unknown","id":"dc_nova_0031","in_steam":false,"in_uten":false,"mw":28.973100000000002,"mw_confidence":"footprint_estimate","mw_source":"atlas_sqft","name":"Google","region":"nova","sources":["im3_datacenter_atlas"]},"type":"Feature"},{"geometry":{"coordinates":[-77.545965,38.777249],"type":"Point"},"properties":{"campus_id":"camp_iron_mountain_va","cooling":"unknown","id":"dc_nova_0032","in_steam":false,"in_uten":false,"mw":50.414164923815754,"mw_confidence":"parcel_estimate","mw_source":"parcel_estimate","name":"Iron Mountain VA-2","region":"nova","sources":["im3_datacenter_atlas","manual_nova_mw"]},"type":"Feature"},{"geometry":{"coordinates":[-77.557891,38.777437],"type":"Point"},"properties":{"campus_id":null,"cooling":"unknown","id":"dc_nova_0033","in_steam":false,"in_uten":false,"mw":14.748000000000001,"mw_confidence":"footprint_estimate","mw_source":"atlas_sqft","name":"Amazon IAD74","region":"nova","sources":["im3_datacenter_atlas"]},"type":"Feature"},{"geometry":{"coordinates":[-77.547073,38.777917],"type":"Point"},"properties":{"campus_id":"camp_iron_mountain_va","cooling":"unknown","id":"dc_nova_0034","in_steam":false,"in_uten":false,"mw":52.04290874345651,"mw_confidence":"parcel_estimate","mw_source":"parcel_estimate","name":"Iron Mountain VA-1","region":"nova","sources":["im3_datacenter_atlas","manual_nova_mw"]},"type":"Feature"},{"geometry":{"coordinates":[-77.559099,38.777979],"type":"Point"},"properties":{"campus_id":null,"cooling":"unknown","id":"dc_nova_0035","in_steam":false,"in_uten":false,"mw":14.616200000000001,"mw_confidence":"footprint_estimate","mw_source":"atlas_sqft","name":"Amazon IAD73","region":"nova","sources":["im3_datacenter_atlas"]},"type":"Feature"},{"geometry":{"coordinates":[-77.594876,38.778111],"type":"Point"},"properties":{"campus_id":null,"cooling":"unknown","id":"dc_nova_0036","in_steam":false,"in_uten":false,"mw":26.3538,"mw_confidence":"footprint_estimate","mw_source":"atlas_sqft","name":"VA 4","region":"nova","sources":["im3_datacenter_atlas"]},"type":"Feature"},{"geometry":{"coordinates":[-77.539427,38.778451],"type":"Point"},"properties":{"campus_id":null,"cooling":"unknown","id":"dc_nova_0037","in_steam":false,"in_uten":false,"mw":21.474800000000002,"mw_confidence":"footprint_estimate","mw_source":"atlas_sqft","name":"Amazon Web Services","region":"nova","sources":["im3_datacenter_atlas"]},"type":"Feature"},{"geometry":{"coordinates":[-77.557115,38.778857],"type":"Point"},"properties":{"campus_id":null,"cooling":"unknown","id":"dc_nova_0038","in_steam":false,"in_uten":false,"mw":1.4469,"mw_confidence":"footprint_estimate","mw_source":"atlas_sqft","name":"Amazon IAD601","region":"nova","sources":["im3_datacenter_atlas"]},"type":"Feature"},{"geometry":{"coordinates":[-77.58634,38.779293],"type":"Point"},"properties":{"campus_id":null,"cooling":"unknown","id":"dc_nova_0039","in_steam":false,"in_uten":false,"mw":28.959200000000003,"mw_confidence":"footprint_estimate","mw_source":"atlas_sqft","name":"Google","region":"nova","sources":["im3_datacenter_atlas"]},"type":"Feature"},{"geometry":{"coordinates":[-77.542896,38.779343],"type":"Point"},"properties":{"campus_id":null,"cooling":"unknown","id":"dc_nova_0040","in_steam":false,"in_uten":false,"mw":21.4662,"mw_confidence":"footprint_estimate","mw_source":"atlas_sqft","name":"Amazon Web Services","region":"nova","sources":["im3_datacenter_atlas"]},"type":"Feature"},{"geometry":{"coordinates":[-77.541725,38.779382],"type":"Point"},"properties":{"campus_id":null,"cooling":"unknown","id":"dc_nova_0041","in_steam":false,"in_uten":false,"mw":14.906400000000001,"mw_confidence":"footprint_estimate","mw_source":"atlas_sqft","name":"Amazon Web Services","region":"nova","sources":["im3_datacenter_atlas"]},"type":"Feature"},{"geometry":{"coordinates":[-77.539884,38.780151],"type":"Point"},"properties":{"campus_id":null,"cooling":"unknown","id":"dc_nova_0042","in_steam":false,"in_uten":false,"mw":14.906400000000001,"mw_confidence":"footprint_estimate","mw_source":"atlas_sqft","name":"Amazon Web Services","region":"nova","sources":["im3_datacenter_atlas"]},"type":"Feature"},{"geometry":{"coordinates":[-77.548217,38.789932],"type":"Point"},"properties":{"campus_id":null,"cooling":"unknown","id":"dc_nova_0043","in_steam":false,"in_uten":false,"mw":11.8192,"mw_confidence":"footprint_estimate","mw_source":"atlas_sqft","name":"Amazon IAD14","region":"nova","sources":["im3_datacenter_atlas"]},"type":"Feature"},{"geometry":{"coordinates":[-77.540006,38.79035],"type":"Point"},"properties":{"campus_id":null,"cooling":"unknown","id":"dc_nova_0044","in_steam":false,"in_uten":false,"mw":3.1388000000000003,"mw_confidence":"footprint_estimate","mw_source":"atlas_sqft","name":"Amazon IAD24","region":"nova","sources":["im3_datacenter_atlas"]},"type":"Feature"},{"geometry":{"coordinates":[-77.541111,38.7905],"type":"Point"},"properties":{"campus_id":null,"cooling":"unknown","id":"dc_nova_0045","in_steam":false,"in_uten":false,"mw":12.2474,"mw_confidence":"footprint_estimate","mw_source":"atlas_sqft","name":"Amazon IAD11","region":"nova","sources":["im3_datacenter_atlas"]},"type":"Feature"},{"geometry":{"coordinates":[-77.548372,38.791069],"type":"Point"},"properties":{"campus_id":null,"cooling":"unknown","id":"dc_nova_0046","in_steam":false,"in_uten":false,"mw":12.6699,"mw_confidence":"footprint_estimate","mw_source":"atlas_sqft","name":"Amazon IAD52","region":"nova","sources":["im3_datacenter_atlas"]},"type":"Feature"},{"geometry":{"coordinates":[-77.538277,38.791204],"type":"Point"},"properties":{"campus_id":null,"cooling":"unknown","id":"dc_nova_0047","in_steam":false,"in_uten":false,"mw":10.942300000000001,"mw_confidence":"footprint_estimate","mw_source":"atlas_sqft","name":"Amazon IAD7","region":"nova","sources":["im3_datacenter_atlas"]},"type":"Feature"},{"geometry":{"coordinates":[-77.54845,38.792226],"type":"Point"},"properties":{"campus_id":null,"cooling":"unknown","id":"dc_nova_0048","in_steam":false,"in_uten":false,"mw":12.728100000000001,"mw_confidence":"footprint_estimate","mw_source":"atlas_sqft","name":"Amazon IAD59","region":"nova","sources":["im3_datacenter_atlas"]},"type":"Feature"},{"geometry":{"coordinates":[-77.58338,38.799956],"type":"Point"},"properties":{"campus_id":null,"cooling":"unknown","id":"dc_nova_0049","in_steam":false,"in_uten":false,"mw":24.707,"mw_confidence":"footprint_estimate","mw_source":"atlas_sqft","name":"Microsoft Data Center 2","region":"nova","sources":["im3_datacenter_atlas"]},"type":"Feature"},{"geometry":{"coordinates":[-77.609964,38.799973],"type":"Point"},"properties":{"campus_id":null,"cooling":"unknown","id":"dc_nova_0050","in_steam":false,"in_uten":false,"mw":1.5,"mw_confidence":"footprint_estimate","mw_source":"atlas_default","name":"NTT VA11 Data Center","region":"nova","sources":["im3_datacenter_atlas"]},"type":"Feature"},{"geometry":{"coordinates":[-77.620481,38.801257],"type":"Point"},"properties":{"campus_id":null,"cooling":"unknown","id":"dc_nova_0051","in_steam":false,"in_uten":false,"mw":13.017000000000001,"mw_confidence":"footprint_estimate","mw_source":"atlas_sqft","name":"Amazon Web Services","region":"nova","sources":["im3_datacenter_atlas"]},"type":"Feature"},{"geometry":{"coordinates":[-77.62121,38.801857],"type":"Point"},"properties":{"campus_id":null,"cooling":"unknown","id":"dc_nova_0052","in_steam":false,"in_uten":false,"mw":12.701,"mw_confidence":"footprint_estimate","mw_source":"atlas_sqft","name":"Amazon Web Services","region":"nova","sources":["im3_datacenter_atlas"]},"type":"Feature"},{"geometry":{"coordinates":[-77.582379,38.802411],"type":"Point"},"properties":{"campus_id":null,"cooling":"unknown","id":"dc_nova_0053","in_steam":false,"in_uten":false,"mw":24.8706,"mw_confidence":"footprint_estimate","mw_source":"atlas_sqft","name":"Microsoft Data Center 1","region":"nova","sources":["im3_datacenter_atlas"]},"type":"Feature"},{"geometry":{"coordinates":[-77.622127,38.802897],"type":"Point"},"properties":{"campus_id":null,"cooling":"unknown","id":"dc_nova_0054","in_steam":false,"in_uten":false,"mw":12.922500000000001,"mw_confidence":"footprint_estimate","mw_source":"atlas_sqft","name":"Amazon Web Services","region":"nova","sources":["im3_datacenter_atlas"]},"type":"Feature"},{"geometry":{"coordinates":[-77.510577,38.803415],"type":"Point"},"properties":{"campus_id":null,"cooling":"unknown","id":"dc_nova_0055","in_steam":false,"in_uten":false,"mw":5.2906,"mw_confidence":"footprint_estimate","mw_source":"atlas_sqft","name":"Unnamed data center","region":"nova","sources":["im3_datacenter_atlas"]},"type":"Feature"},{"geometry":{"coordinates":[-77.654331,38.814598],"type":"Point"},"properties":{"campus_id":null,"cooling":"unknown","id":"dc_nova_0056","in_steam":false,"in_uten":false,"mw":1.4389,"mw_confidence":"footprint_estimate","mw_source":"atlas_sqft","name":"Amazon Web Services","region":"nova","sources":["im3_datacenter_atlas"]},"type":"Feature"},{"geometry":{"coordinates":[-77.648764,38.815062],"type":"Point"},"properties":{"campus_id":null,"cooling":"unknown","id":"dc_nova_0057","in_steam":false,"in_uten":false,"mw":22.814,"mw_confidence":"footprint_estimate","mw_source":"atlas_sqft","name":"Amazon IAD-55","region":"nova","sources":["im3_datacenter_atlas"]},"type":"Feature"},{"geometry":{"coordinates":[-77.652919,38.815132],"type":"Point"},"properties":{"campus_id":null,"cooling":"unknown","id":"dc_nova_0058","in_steam":false,"in_uten":false,"mw":14.754700000000001,"mw_confidence":"footprint_estimate","mw_source":"atlas_sqft","name":"Amazon IAD64","region":"nova","sources":["im3_datacenter_atlas"]},"type":"Feature"},{"geometry":{"coordinates":[-77.652499,38.816103],"type":"Point"},"properties":{"campus_id":null,"cooling":"unknown","id":"dc_nova_0059","in_steam":false,"in_uten":false,"mw":15.269200000000001,"mw_confidence":"footprint_estimate","mw_source":"atlas_sqft","name":"Amazon IAD84","region":"nova","sources":["im3_datacenter_atlas"]},"type":"Feature"},{"geometry":{"coordinates":[-77.652159,38.816968],"type":"Point"},"properties":{"campus_id":null,"cooling":"unknown","id":"dc_nova_0060","in_steam":false,"in_uten":false,"mw":14.933200000000001,"mw_confidence":"footprint_estimate","mw_source":"atlas_sqft","name":"Amazon Web Services","region":"nova","sources":["im3_datacenter_atlas"]},"type":"Feature"},{"geometry":{"coordinates":[-77.454075,38.897859],"type":"Point"},"properties":{"campus_id":null,"cooling":"unknown","id":"dc_nova_0061","in_steam":false,"in_uten":false,"mw":9.388200000000001,"mw_confidence":"footprint_estimate","mw_source":"atlas_sqft","name":"Amazon IAD-1","region":"nova","sources":["im3_datacenter_atlas"]},"type":"Feature"},{"geometry":{"coordinates":[-77.455102,38.897902],"type":"Point"},"properties":{"campus_id":null,"cooling":"unknown","id":"dc_nova_0062","in_steam":false,"in_uten":false,"mw":3.0140000000000002,"mw_confidence":"footprint_estimate","mw_source":"atlas_sqft","name":"Amazon IAD22","region":"nova","sources":["im3_datacenter_atlas"]},"type":"Feature"},{"geometry":{"coordinates":[-77.45344,38.899652],"type":"Point"},"properties":{"campus_id":null,"cooling":"unknown","id":"dc_nova_0063","in_steam":false,"in_uten":false,"mw":8.5855,"mw_confidence":"footprint_estimate","mw_source":"atlas_sqft","name":"Amazon IAD-9","region":"nova","sources":["im3_datacenter_atlas"]},"type":"Feature"},{"geometry":{"coordinates":[-77.452473,38.904346],"type":"Point"},"properties":{"campus_id":null,"cooling":"unknown","id":"dc_nova_0064","in_steam":false,"in_uten":false,"mw":12.0946,"mw_confidence":"footprint_estimate","mw_source":"atlas_sqft","name":"Amazon Web Services","region":"nova","sources":["im3_datacenter_atlas"]},"type":"Feature"},{"geometry":{"coordinates":[-77.45476,38.904837],"type":"Point"},"properties":{"campus_id":null,"cooling":"unknown","id":"dc_nova_0065","in_steam":false,"in_uten":false,"mw":11.898800000000001,"mw_confidence":"footprint_estimate","mw_source":"atlas_sqft","name":"Amazon Web Services","region":"nova","sources":["im3_datacenter_atlas"]},"type":"Feature"},{"geometry":{"coordinates":[-77.219744,38.908367],"type":"Point"},"properties":{"campus_id":null,"cooling":"unknown","id":"dc_nova_0066","in_steam":false,"in_uten":false,"mw":2.0483000000000002,"mw_confidence":"footprint_estimate","mw_source":"atlas_sqft","name":"Element Critical VA1","region":"nova","sources":["im3_datacenter_atlas"]},"type":"Feature"},{"geometry":{"coordinates":[-77.220557,38.909139],"type":"Point"},"properties":{"campus_id":null,"cooling":"unknown","id":"dc_nova_0067","in_steam":false,"in_uten":false,"mw":7.9709,"mw_confidence":"footprint_estimate","mw_source":"atlas_sqft","name":"Equinix DC7","region":"nova","sources":["im3_datacenter_atlas"]},"type":"Feature"},{"geometry":{"coordinates":[-77.472245,38.909245],"type":"Point"},"properties":{"campus_id":null,"cooling":"unknown","id":"dc_nova_0068","in_steam":false,"in_uten":false,"mw":4.333,"mw_confidence":"footprint_estimate","mw_source":"atlas_sqft","name":"Unnamed data center","region":"nova","sources":["im3_datacenter_atlas"]},"type":"Feature"},{"geometry":{"coordinates":[-77.473466,38.909798],"type":"Point"},"properties":{"campus_id":null,"cooling":"unknown","id":"dc_nova_0069","in_steam":false,"in_uten":false,"mw":3.2222,"mw_confidence":"footprint_estimate","mw_source":"atlas_sqft","name":"Unnamed data center","region":"nova","sources":["im3_datacenter_atlas"]},"type":"Feature"},{"geometry":{"coordinates":[-77.47258,38.910133],"type":"Point"},"properties":{"campus_id":null,"cooling":"unknown","id":"dc_nova_0070","in_steam":false,"in_uten":false,"mw":7.233700000000001,"mw_confidence":"footprint_estimate","mw_source":"atlas_sqft","name":"Digital Realty","region":"nova","sources":["im3_datacenter_atlas"]},"type":"Feature"},{"geometry":{"coordinates":[-77.225838,38.913702],"type":"Point"},"properties":{"campus_id":null,"cooling":"unknown","id":"dc_nova_0071","in_steam":false,"in_uten":false,"mw":1.9578,"mw_confidence":"footprint_estimate","mw_source":"atlas_sqft","name":"Unnamed data center","region":"nova","sources":["im3_datacenter_atlas"]},"type":"Feature"},{"geometry":{"coordinates":[-77.490976,38.91499],"type":"Point"},"properties":{"campus_id":null,"cooling":"unknown","id":"dc_nova_0072","in_steam":false,"in_uten":false,"mw":1.3879000000000001,"mw_confidence":"footprint_estimate","mw_source":"atlas_sqft","name":"Amazon Web Services","region":"nova","sources":["im3_datacenter_atlas"]},"type":"Feature"},{"geometry":{"coordinates":[-77.491987,38.915805],"type":"Point"},"properties":{"campus_id":null,"cooling":"unknown","id":"dc_nova_0073","in_steam":false,"in_uten":false,"mw":15.228900000000001,"mw_confidence":"footprint_estimate","mw_source":"atlas_sqft","name":"Amazon IAD-61","region":"nova","sources":["im3_datacenter_atlas"]},"type":"Feature"},{"geometry":{"coordinates":[-77.490552,38.915905],"type":"Point"},"properties":{"campus_id":null,"cooling":"unknown","id":"dc_nova_0074","in_steam":false,"in_uten":false,"mw":8.7645,"mw_confidence":"footprint_estimate","mw_source":"atlas_sqft","name":"Amazon Web Services","region":"nova","sources":["im3_datacenter_atlas"]},"type":"Feature"},{"geometry":{"coordinates":[-77.477251,38.916076],"type":"Point"},"properties":{"campus_id":null,"cooling":"unknown","id":"dc_nova_0075","in_steam":false,"in_uten":false,"mw":21.3595,"mw_confidence":"footprint_estimate","mw_source":"atlas_sqft","name":"Amazon IAD150","region":"nova","sources":["im3_datacenter_atlas"]},"type":"Feature"},{"geometry":{"coordinates":[-77.478705,38.916151],"type":"Point"},"properties":{"campus_id":null,"cooling":"unknown","id":"dc_nova_0076","in_steam":false,"in_uten":false,"mw":15.554200000000002,"mw_confidence":"footprint_estimate","mw_source":"atlas_sqft","name":"Amazon IAD151","region":"nova","sources":["im3_datacenter_atlas"]},"type":"Feature"},{"geometry":{"coordinates":[-77.479742,38.916576],"type":"Point"},"properties":{"campus_id":null,"cooling":"unknown","id":"dc_nova_0077","in_steam":false,"in_uten":false,"mw":15.6644,"mw_confidence":"footprint_estimate","mw_source":"atlas_sqft","name":"Amazon IAD152","region":"nova","sources":["im3_datacenter_atlas"]},"type":"Feature"},{"geometry":{"coordinates":[-77.493251,38.916885],"type":"Point"},"properties":{"campus_id":null,"cooling":"unknown","id":"dc_nova_0078","in_steam":false,"in_uten":false,"mw":14.398000000000001,"mw_confidence":"footprint_estimate","mw_source":"atlas_sqft","name":"Amazon IAD63","region":"nova","sources":["im3_datacenter_atlas"]},"type":"Feature"},{"geometry":{"coordinates":[-77.494366,38.917011],"type":"Point"},"properties":{"campus_id":null,"cooling":"unknown","id":"dc_nova_0079","in_steam":false,"in_uten":false,"mw":15.1356,"mw_confidence":"footprint_estimate","mw_source":"atlas_sqft","name":"Amazon IAD65","region":"nova","sources":["im3_datacenter_atlas"]},"type":"Feature"},{"geometry":{"coordinates":[-77.495674,38.917256],"type":"Point"},"properties":{"campus_id":null,"cooling":"unknown","id":"dc_nova_0080","in_steam":false,"in_uten":false,"mw":15.0112,"mw_confidence":"footprint_estimate","mw_source":"atlas_sqft","name":"Amazon IAD86","region":"nova","sources":["im3_datacenter_atlas"]},"type":"Feature"},{"geometry":{"coordinates":[-77.213585,38.919905],"type":"Point"},"properties":{"campus_id":null,"cooling":"unknown","id":"dc_nova_0081","in_steam":false,"in_uten":false,"mw":2.2957,"mw_confidence":"footprint_estimate","mw_source":"atlas_sqft","name":"DataBank McLean IAD2","region":"nova","sources":["im3_datacenter_atlas"]},"type":"Feature"},{"geometry":{"coordinates":[-77.211619,38.920021],"type":"Point"},"properties":{"campus_id":null,"cooling":"unknown","id":"dc_nova_0082","in_steam":false,"in_uten":false,"mw":4.2056000000000004,"mw_confidence":"footprint_estimate","mw_source":"atlas_sqft","name":"Lumen McLean","region":"nova","sources":["im3_datacenter_atlas"]},"type":"Feature"},{"geometry":{"coordinates":[-77.211571,38.920854],"type":"Point"},"properties":{"campus_id":null,"cooling":"unknown","id":"dc_nova_0083","in_steam":false,"in_uten":false,"mw":1.5,"mw_confidence":"footprint_estimate","mw_source":"atlas_default","name":"Lumen McLean","region":"nova","sources":["im3_datacenter_atlas"]},"type":"Feature"},{"geometry":{"coordinates":[-77.426554,38.921125],"type":"Point"},"properties":{"campus_id":null,"cooling":"unknown","id":"dc_nova_0084","in_steam":false,"in_uten":false,"mw":13.041300000000001,"mw_confidence":"footprint_estimate","mw_source":"atlas_sqft","name":"Unnamed data center","region":"nova","sources":["im3_datacenter_atlas"]},"type":"Feature"},{"geometry":{"coordinates":[-77.4858,38.921314],"type":"Point"},"properties":{"campus_id":null,"cooling":"unknown","id":"dc_nova_0085","in_steam":false,"in_uten":false,"mw":13.394400000000001,"mw_confidence":"footprint_estimate","mw_source":"atlas_sqft","name":"Amazon Web Services","region":"nova","sources":["im3_datacenter_atlas"]},"type":"Feature"},{"geometry":{"coordinates":[-77.426307,38.922692],"type":"Point"},"properties":{"campus_id":null,"cooling":"unknown","id":"dc_nova_0086","in_steam":false,"in_uten":false,"mw":13.275300000000001,"mw_confidence":"footprint_estimate","mw_source":"atlas_sqft","name":"Unnamed data center","region":"nova","sources":["im3_datacenter_atlas"]},"type":"Feature"},{"geometry":{"coordinates":[-77.427871,38.922773],"type":"Point"},"properties":{"campus_id":null,"cooling":"unknown","id":"dc_nova_0087","in_steam":false,"in_uten":false,"mw":13.5479,"mw_confidence":"footprint_estimate","mw_source":"atlas_sqft","name":"Unnamed data center","region":"nova","sources":["im3_datacenter_atlas"]},"type":"Feature"},{"geometry":{"coordinates":[-77.424979,38.923101],"type":"Point"},"properties":{"campus_id":null,"cooling":"unknown","id":"dc_nova_0088","in_steam":false,"in_uten":false,"mw":11.358400000000001,"mw_confidence":"footprint_estimate","mw_source":"atlas_sqft","name":"Unnamed data center","region":"nova","sources":["im3_datacenter_atlas"]},"type":"Feature"},{"geometry":{"coordinates":[-77.424691,38.936479],"type":"Point"},"properties":{"campus_id":null,"cooling":"unknown","id":"dc_nova_0089","in_steam":false,"in_uten":false,"mw":13.1768,"mw_confidence":"footprint_estimate","mw_source":"atlas_sqft","name":"Unnamed data center","region":"nova","sources":["im3_datacenter_atlas"]},"type":"Feature"},{"geometry":{"coordinates":[-77.527429,38.941821],"type":"Point"},"properties":{"campus_id":null,"cooling":"unknown","id":"dc_nova_0090","in_steam":false,"in_uten":false,"mw":28.9889,"mw_confidence":"footprint_estimate","mw_source":"atlas_sqft","name":"Google: Arcola 2","region":"nova","sources":["im3_datacenter_atlas"]},"type":"Feature"},{"geometry":{"coordinates":[-77.524369,38.943154],"type":"Point"},"properties":{"campus_id":null,"cooling":"unknown","id":"dc_nova_0091","in_steam":false,"in_uten":false,"mw":21.5928,"mw_confidence":"footprint_estimate","mw_source":"atlas_sqft","name":"Google","region":"nova","sources":["im3_datacenter_atlas"]},"type":"Feature"},{"geometry":{"coordinates":[-77.522188,38.946539],"type":"Point"},"properties":{"campus_id":null,"cooling":"unknown","id":"dc_nova_0092","in_steam":false,"in_uten":false,"mw":1.6739000000000002,"mw_confidence":"footprint_estimate","mw_source":"atlas_sqft","name":"Amazon Web Services","region":"nova","sources":["im3_datacenter_atlas"]},"type":"Feature"},{"geometry":{"coordinates":[-77.520226,38.947361],"type":"Point"},"properties":{"campus_id":null,"cooling":"unknown","id":"dc_nova_0093","in_steam":false,"in_uten":false,"mw":1.3569,"mw_confidence":"footprint_estimate","mw_source":"atlas_sqft","name":"Amazon Web Services","region":"nova","sources":["im3_datacenter_atlas"]},"type":"Feature"},{"geometry":{"coordinates":[-77.523108,38.947946],"type":"Point"},"properties":{"campus_id":null,"cooling":"unknown","id":"dc_nova_0094","in_steam":false,"in_uten":false,"mw":15.6166,"mw_confidence":"footprint_estimate","mw_source":"atlas_sqft","name":"Amazon IAD83","region":"nova","sources":["im3_datacenter_atlas"]},"type":"Feature"},{"geometry":{"coordinates":[-77.558987,38.948017],"type":"Point"},"properties":{"campus_id":null,"cooling":"unknown","id":"dc_nova_0095","in_steam":false,"in_uten":false,"mw":13.0181,"mw_confidence":"footprint_estimate","mw_source":"atlas_sqft","name":"Unnamed data center","region":"nova","sources":["im3_datacenter_atlas"]},"type":"Feature"},{"geometry":{"coordinates":[-77.560545,38.94809],"type":"Point"},"properties":{"campus_id":null,"cooling":"unknown","id":"dc_nova_0096","in_steam":false,"in_uten":false,"mw":10.443100000000001,"mw_confidence":"footprint_estimate","mw_source":"atlas_sqft","name":"Amazon IAD125","region":"nova","sources":["im3_datacenter_atlas"]},"type":"Feature"},{"geometry":{"coordinates":[-77.555911,38.948258],"type":"Point"},"properties":{"campus_id":null,"cooling":"unknown","id":"dc_nova_0097","in_steam":false,"in_uten":false,"mw":24.2344,"mw_confidence":"footprint_estimate","mw_source":"atlas_sqft","name":"Microsoft IAD11","region":"nova","sources":["im3_datacenter_atlas"]},"type":"Feature"},{"geometry":{"coordinates":[-77.521831,38.948386],"type":"Point"},"properties":{"campus_id":null,"cooling":"unknown","id":"dc_nova_0098","in_steam":false,"in_uten":false,"mw":18.4907,"mw_confidence":"footprint_estimate","mw_source":"atlas_sqft","name":"Amazon IAD81","region":"nova","sources":["im3_datacenter_atlas"]},"type":"Feature"},{"geometry":{"coordinates":[-77.327295,38.948464],"type":"Point"},"properties":{"campus_id":null,"cooling":"unknown","id":"dc_nova_0099","in_steam":false,"in_uten":false,"mw":9.6241,"mw_confidence":"footprint_estimate","mw_source":"atlas_sqft","name":"VA3","region":"nova","sources":["im3_datacenter_atlas"]},"type":"Feature"},{"geometry":{"coordinates":[-77.37237,38.948468],"type":"Point"},"properties":{"campus_id":null,"cooling":"unknown","id":"dc_nova_0100","in_steam":false,"in_uten":false,"mw":24.9707,"mw_confidence":"footprint_estimate","mw_source":"atlas_sqft","name":"CoreSite Reston VA3","region":"nova","sources":["im3_datacenter_atlas"]},"type":"Feature"},{"geometry":{"coordinates":[-77.520952,38.948687],"type":"Point"},"properties":{"campus_id":null,"cooling":"unknown","id":"dc_nova_0101","in_steam":false,"in_uten":false,"mw":18.1794,"mw_confidence":"footprint_estimate","mw_source":"atlas_sqft","name":"Amazon IAD68","region":"nova","sources":["im3_datacenter_atlas"]},"type":"Feature"},{"geometry":{"coordinates":[-77.32941,38.948816],"type":"Point"},"properties":{"campus_id":null,"cooling":"unknown","id":"dc_nova_0102","in_steam":false,"in_uten":false,"mw":1.9325,"mw_confidence":"footprint_estimate","mw_source":"atlas_sqft","name":"IAD1","region":"nova","sources":["im3_datacenter_atlas"]},"type":"Feature"},{"geometry":{"coordinates":[-77.52358,38.949135],"type":"Point"},"properties":{"campus_id":null,"cooling":"unknown","id":"dc_nova_0103","in_steam":false,"in_uten":false,"mw":1.4235,"mw_confidence":"footprint_estimate","mw_source":"atlas_sqft","name":"Amazon Web Services","region":"nova","sources":["im3_datacenter_atlas"]},"type":"Feature"},{"geometry":{"coordinates":[-77.519875,38.949322],"type":"Point"},"properties":{"campus_id":null,"cooling":"unknown","id":"dc_nova_0104","in_steam":false,"in_uten":false,"mw":14.994100000000001,"mw_confidence":"footprint_estimate","mw_source":"atlas_sqft","name":"Amazon IAD62","region":"nova","sources":["im3_datacenter_atlas"]},"type":"Feature"},{"geometry":{"coordinates":[-77.549509,38.949862],"type":"Point"},"properties":{"campus_id":null,"cooling":"unknown","id":"dc_nova_0105","in_steam":false,"in_uten":false,"mw":17.2204,"mw_confidence":"footprint_estimate","mw_source":"atlas_sqft","name":"Unnamed data center","region":"nova","sources":["im3_datacenter_atlas"]},"type":"Feature"},{"geometry":{"coordinates":[-77.560452,38.949895],"type":"Point"},"properties":{"campus_id":null,"cooling":"unknown","id":"dc_nova_0106","in_steam":false,"in_uten":false,"mw":10.4434,"mw_confidence":"footprint_estimate","mw_source":"atlas_sqft","name":"Amazon IAD124","region":"nova","sources":["im3_datacenter_atlas"]},"type":"Feature"},{"geometry":{"coordinates":[-77.55887,38.950065],"type":"Point"},"properties":{"campus_id":null,"cooling":"unknown","id":"dc_nova_0107","in_steam":false,"in_uten":false,"mw":13.0174,"mw_confidence":"footprint_estimate","mw_source":"atlas_sqft","name":"Unnamed data center","region":"nova","sources":["im3_datacenter_atlas"]},"type":"Feature"},{"geometry":{"coordinates":[-77.364548,38.950586],"type":"Point"},"properties":{"campus_id":null,"cooling":"unknown","id":"dc_nova_0108","in_steam":false,"in_uten":false,"mw":13.803500000000001,"mw_confidence":"footprint_estimate","mw_source":"atlas_sqft","name":"CoreSite Reston Campus VA1","region":"nova","sources":["im3_datacenter_atlas"]},"type":"Feature"},{"geometry":{"coordinates":[-77.364004,38.951451],"type":"Point"},"properties":{"campus_id":null,"cooling":"unknown","id":"dc_nova_0109","in_steam":false,"in_uten":false,"mw":4.0517,"mw_confidence":"footprint_estimate","mw_source":"atlas_sqft","name":"CoreSite Reston Campus VA2","region":"nova","sources":["im3_datacenter_atlas"]},"type":"Feature"},{"geometry":{"coordinates":[-77.49718,38.955863],"type":"Point"},"properties":{"campus_id":null,"cooling":"unknown","id":"dc_nova_0110","in_steam":false,"in_uten":false,"mw":15.327300000000001,"mw_confidence":"footprint_estimate","mw_source":"atlas_sqft","name":"Amazon IAD122","region":"nova","sources":["im3_datacenter_atlas"]},"type":"Feature"},{"geometry":{"coordinates":[-77.497787,38.956783],"type":"Point"},"properties":{"campus_id":null,"cooling":"unknown","id":"dc_nova_0111","in_steam":false,"in_uten":false,"mw":15.4814,"mw_confidence":"footprint_estimate","mw_source":"atlas_sqft","name":"Amazon IAD121","region":"nova","sources":["im3_datacenter_atlas"]},"type":"Feature"},{"geometry":{"coordinates":[-77.498061,38.957922],"type":"Point"},"properties":{"campus_id":null,"cooling":"unknown","id":"dc_nova_0112","in_steam":false,"in_uten":false,"mw":18.8334,"mw_confidence":"footprint_estimate","mw_source":"atlas_sqft","name":"Amazon IAD120","region":"nova","sources":["im3_datacenter_atlas"]},"type":"Feature"},{"geometry":{"coordinates":[-77.50575,38.958308],"type":"Point"},"properties":{"campus_id":null,"cooling":"unknown","id":"dc_nova_0113","in_steam":false,"in_uten":false,"mw":26.6078,"mw_confidence":"footprint_estimate","mw_source":"atlas_sqft","name":"CyrusOne Sterling IX","region":"nova","sources":["im3_datacenter_atlas"]},"type":"Feature"},{"geometry":{"coordinates":[-77.491432,38.960856],"type":"Point"},"properties":{"campus_id":null,"cooling":"unknown","id":"dc_nova_0114","in_steam":false,"in_uten":false,"mw":39.954,"mw_confidence":"footprint_estimate","mw_source":"atlas_sqft","name":"Digital Realty Northern Virginia IAD44","region":"nova","sources":["im3_datacenter_atlas"]},"type":"Feature"},{"geometry":{"coordinates":[-77.377423,38.961571],"type":"Point"},"properties":{"campus_id":null,"cooling":"unknown","id":"dc_nova_0115","in_steam":false,"in_uten":false,"mw":4.3991,"mw_confidence":"footprint_estimate","mw_source":"atlas_sqft","name":"Equinix DC97","region":"nova","sources":["im3_datacenter_atlas"]},"type":"Feature"},{"geometry":{"coordinates":[-77.419905,38.979147],"type":"Point"},"properties":{"campus_id":null,"cooling":"unknown","id":"dc_nova_0116","in_steam":false,"in_uten":false,"mw":12.9566,"mw_confidence":"footprint_estimate","mw_source":"atlas_sqft","name":"Amazon Web Services","region":"nova","sources":["im3_datacenter_atlas"]},"type":"Feature"},{"geometry":{"coordinates":[-77.41749,38.979557],"type":"Point"},"properties":{"campus_id":null,"cooling":"unknown","id":"dc_nova_0117","in_steam":false,"in_uten":false,"mw":13.2491,"mw_confidence":"footprint_estimate","mw_source":"atlas_sqft","name":"Amazon Web Services","region":"nova","sources":["im3_datacenter_atlas"]},"type":"Feature"},{"geometry":{"coordinates":[-77.42548,38.979868],"type":"Point"},"properties":{"campus_id":null,"cooling":"unknown","id":"dc_nova_0118","in_steam":false,"in_uten":false,"mw":8.6503,"mw_confidence":"footprint_estimate","mw_source":"atlas_sqft","name":"Amazon IAD175","region":"nova","sources":["im3_datacenter_atlas"]},"type":"Feature"},{"geometry":{"coordinates":[-77.444247,38.980925],"type":"Point"},"properties":{"campus_id":null,"cooling":"unknown","id":"dc_nova_0119","in_steam":false,"in_uten":false,"mw":13.0748,"mw_confidence":"footprint_estimate","mw_source":"atlas_sqft","name":"Centersquare IAD3","region":"nova","sources":["im3_datacenter_atlas"]},"type":"Feature"},{"geometry":{"coordinates":[-77.41755,38.981455],"type":"Point"},"properties":{"campus_id":null,"cooling":"unknown","id":"dc_nova_0120","in_steam":false,"in_uten":false,"mw":21.509500000000003,"mw_confidence":"footprint_estimate","mw_source":"atlas_sqft","name":"Amazon IAD140","region":"nova","sources":["im3_datacenter_atlas"]},"type":"Feature"},{"geometry":{"coordinates":[-77.419357,38.981546],"type":"Point"},"properties":{"campus_id":null,"cooling":"unknown","id":"dc_nova_0121","in_steam":false,"in_uten":false,"mw":1.4733,"mw_confidence":"footprint_estimate","mw_source":"atlas_sqft","name":"Amazon IAD603","region":"nova","sources":["im3_datacenter_atlas"]},"type":"Feature"},{"geometry":{"coordinates":[-77.427422,38.981643],"type":"Point"},"properties":{"campus_id":null,"cooling":"unknown","id":"dc_nova_0122","in_steam":false,"in_uten":false,"mw":15.038400000000001,"mw_confidence":"footprint_estimate","mw_source":"atlas_sqft","name":"Amazon IAD144","region":"nova","sources":["im3_datacenter_atlas"]},"type":"Feature"},{"geometry":{"coordinates":[-77.416786,38.982388],"type":"Point"},"properties":{"campus_id":null,"cooling":"unknown","id":"dc_nova_0123","in_steam":false,"in_uten":false,"mw":21.685000000000002,"mw_confidence":"footprint_estimate","mw_source":"atlas_sqft","name":"Amazon IAD141","region":"nova","sources":["im3_datacenter_atlas"]},"type":"Feature"},{"geometry":{"coordinates":[-77.424625,38.982552],"type":"Point"},"properties":{"campus_id":null,"cooling":"unknown","id":"dc_nova_0124","in_steam":false,"in_uten":false,"mw":10.3663,"mw_confidence":"footprint_estimate","mw_source":"atlas_sqft","name":"Amazon IAD145","region":"nova","sources":["im3_datacenter_atlas"]},"type":"Feature"},{"geometry":{"coordinates":[-77.417527,38.983575],"type":"Point"},"properties":{"campus_id":null,"cooling":"unknown","id":"dc_nova_0125","in_steam":false,"in_uten":false,"mw":1.4079000000000002,"mw_confidence":"footprint_estimate","mw_source":"atlas_sqft","name":"Amazon Web Services","region":"nova","sources":["im3_datacenter_atlas"]},"type":"Feature"},{"geometry":{"coordinates":[-77.424105,38.983604],"type":"Point"},"properties":{"campus_id":null,"cooling":"unknown","id":"dc_nova_0126","in_steam":false,"in_uten":false,"mw":7.181900000000001,"mw_confidence":"footprint_estimate","mw_source":"atlas_sqft","name":"Centersquare IAD2-B","region":"nova","sources":["im3_datacenter_atlas"]},"type":"Feature"},{"geometry":{"coordinates":[-77.423817,38.984418],"type":"Point"},"properties":{"campus_id":null,"cooling":"unknown","id":"dc_nova_0127","in_steam":false,"in_uten":false,"mw":4.815300000000001,"mw_confidence":"footprint_estimate","mw_source":"atlas_sqft","name":"Centersquare IAD2-A","region":"nova","sources":["im3_datacenter_atlas"]},"type":"Feature"},{"geometry":{"coordinates":[-77.425649,38.984887],"type":"Point"},"properties":{"campus_id":null,"cooling":"unknown","id":"dc_nova_0128","in_steam":false,"in_uten":false,"mw":12.7744,"mw_confidence":"footprint_estimate","mw_source":"atlas_sqft","name":"CyrusOne","region":"nova","sources":["im3_datacenter_atlas"]},"type":"Feature"},{"geometry":{"coordinates":[-77.441842,38.986279],"type":"Point"},"properties":{"campus_id":null,"cooling":"unknown","id":"dc_nova_0129","in_steam":false,"in_uten":false,"mw":13.677000000000001,"mw_confidence":"footprint_estimate","mw_source":"atlas_sqft","name":"Amazon IAD58","region":"nova","sources":["im3_datacenter_atlas"]},"type":"Feature"},{"geometry":{"coordinates":[-77.435176,38.986526],"type":"Point"},"properties":{"campus_id":null,"cooling":"unknown","id":"dc_nova_0130","in_steam":false,"in_uten":false,"mw":11.3421,"mw_confidence":"footprint_estimate","mw_source":"atlas_sqft","name":"Amazon IAD214","region":"nova","sources":["im3_datacenter_atlas"]},"type":"Feature"},{"geometry":{"coordinates":[-77.410475,38.986943],"type":"Point"},"properties":{"campus_id":null,"cooling":"unknown","id":"dc_nova_0131","in_steam":false,"in_uten":false,"mw":14.985700000000001,"mw_confidence":"footprint_estimate","mw_source":"atlas_sqft","name":"Amazon IAD92","region":"nova","sources":["im3_datacenter_atlas"]},"type":"Feature"},{"geometry":{"coordinates":[-77.442638,38.986997],"type":"Point"},"properties":{"campus_id":null,"cooling":"unknown","id":"dc_nova_0132","in_steam":false,"in_uten":false,"mw":11.6533,"mw_confidence":"footprint_estimate","mw_source":"atlas_sqft","name":"Amazon IAD57","region":"nova","sources":["im3_datacenter_atlas"]},"type":"Feature"},{"geometry":{"coordinates":[-77.411119,38.987847],"type":"Point"},"properties":{"campus_id":null,"cooling":"unknown","id":"dc_nova_0133","in_steam":false,"in_uten":false,"mw":14.9486,"mw_confidence":"footprint_estimate","mw_source":"atlas_sqft","name":"Amazon IAD91","region":"nova","sources":["im3_datacenter_atlas"]},"type":"Feature"},{"geometry":{"coordinates":[-77.411652,38.988603],"type":"Point"},"properties":{"campus_id":null,"cooling":"unknown","id":"dc_nova_0134","in_steam":false,"in_uten":false,"mw":14.7749,"mw_confidence":"footprint_estimate","mw_source":"atlas_sqft","name":"Amazon IAD90","region":"nova","sources":["im3_datacenter_atlas"]},"type":"Feature"},{"geometry":{"coordinates":[-77.440752,38.988621],"type":"Point"},"properties":{"campus_id":null,"cooling":"unknown","id":"dc_nova_0135","in_steam":false,"in_uten":false,"mw":7.9844,"mw_confidence":"footprint_estimate","mw_source":"atlas_sqft","name":"Aligned IAD03","region":"nova","sources":["im3_datacenter_atlas"]},"type":"Feature"},{"geometry":{"coordinates":[-77.447671,38.988723],"type":"Point"},"properties":{"campus_id":null,"cooling":"unknown","id":"dc_nova_0136","in_steam":false,"in_uten":false,"mw":14.959800000000001,"mw_confidence":"footprint_estimate","mw_source":"atlas_sqft","name":"Amazon IAD12","region":"nova","sources":["im3_datacenter_atlas"]},"type":"Feature"},{"geometry":{"coordinates":[-77.434801,38.989554],"type":"Point"},"properties":{"campus_id":null,"cooling":"unknown","id":"dc_nova_0137","in_steam":false,"in_uten":false,"mw":13.2942,"mw_confidence":"footprint_estimate","mw_source":"atlas_sqft","name":"Amazon IAD192","region":"nova","sources":["im3_datacenter_atlas"]},"type":"Feature"},{"geometry":{"coordinates":[-77.437062,38.990568],"type":"Point"},"properties":{"campus_id":null,"cooling":"unknown","id":"dc_nova_0138","in_steam":false,"in_uten":false,"mw":7.8441,"mw_confidence":"footprint_estimate","mw_source":"atlas_sqft","name":"Amazon IAD56","region":"nova","sources":["im3_datacenter_atlas"]},"type":"Feature"},{"geometry":{"coordinates":[-77.448825,38.990699],"type":"Point"},"properties":{"campus_id":null,"cooling":"unknown","id":"dc_nova_0139","in_steam":false,"in_uten":false,"mw":7.5817000000000005,"mw_confidence":"footprint_estimate","mw_source":"atlas_sqft","name":"Amazon IAD16","region":"nova","sources":["im3_datacenter_atlas"]},"type":"Feature"},{"geometry":{"coordinates":[-77.44187,38.990964],"type":"Point"},"properties":{"campus_id":null,"cooling":"unknown","id":"dc_nova_0140","in_steam":false,"in_uten":false,"mw":14.7468,"mw_confidence":"footprint_estimate","mw_source":"atlas_sqft","name":"Amazon IAD88","region":"nova","sources":["im3_datacenter_atlas"]},"type":"Feature"},{"geometry":{"coordinates":[-77.436507,38.991414],"type":"Point"},"properties":{"campus_id":null,"cooling":"unknown","id":"dc_nova_0141","in_steam":false,"in_uten":false,"mw":6.4127,"mw_confidence":"footprint_estimate","mw_source":"atlas_sqft","name":"Amazon IAD51","region":"nova","sources":["im3_datacenter_atlas"]},"type":"Feature"},{"geometry":{"coordinates":[-77.44858,38.991693],"type":"Point"},"properties":{"campus_id":null,"cooling":"unknown","id":"dc_nova_0142","in_steam":false,"in_uten":false,"mw":10.3452,"mw_confidence":"footprint_estimate","mw_source":"atlas_sqft","name":"Amazon IAD15","region":"nova","sources":["im3_datacenter_atlas"]},"type":"Feature"},{"geometry":{"coordinates":[-77.441168,38.991814],"type":"Point"},"properties":{"campus_id":null,"cooling":"unknown","id":"dc_nova_0143","in_steam":false,"in_uten":false,"mw":14.739,"mw_confidence":"footprint_estimate","mw_source":"atlas_sqft","name":"Amazon IAD87","region":"nova","sources":["im3_datacenter_atlas"]},"type":"Feature"},{"geometry":{"coordinates":[-77.433932,38.992269],"type":"Point"},"properties":{"campus_id":null,"cooling":"unknown","id":"dc_nova_0144","in_steam":false,"in_uten":false,"mw":8.5319,"mw_confidence":"footprint_estimate","mw_source":"atlas_sqft","name":"Digital Realty IAD55","region":"nova","sources":["im3_datacenter_atlas"]},"type":"Feature"},{"geometry":{"coordinates":[-77.450509,38.993785],"type":"Point"},"properties":{"campus_id":null,"cooling":"unknown","id":"dc_nova_0145","in_steam":false,"in_uten":false,"mw":13.8071,"mw_confidence":"footprint_estimate","mw_source":"atlas_sqft","name":"Amazon IAD76","region":"nova","sources":["im3_datacenter_atlas"]},"type":"Feature"},{"geometry":{"coordinates":[-77.448189,38.994227],"type":"Point"},"properties":{"campus_id":null,"cooling":"unknown","id":"dc_nova_0146","in_steam":false,"in_uten":false,"mw":3.5740000000000003,"mw_confidence":"footprint_estimate","mw_source":"atlas_sqft","name":"Unnamed data center","region":"nova","sources":["im3_datacenter_atlas"]},"type":"Feature"},{"geometry":{"coordinates":[-77.447902,38.994637],"type":"Point"},"properties":{"campus_id":null,"cooling":"unknown","id":"dc_nova_0147","in_steam":false,"in_uten":false,"mw":1.0175,"mw_confidence":"footprint_estimate","mw_source":"atlas_sqft","name":"QTS Data Centers","region":"nova","sources":["im3_datacenter_atlas"]},"type":"Feature"},{"geometry":{"coordinates":[-77.435359,38.995012],"type":"Point"},"properties":{"campus_id":null,"cooling":"unknown","id":"dc_nova_0148","in_steam":false,"in_uten":false,"mw":10.2767,"mw_confidence":"footprint_estimate","mw_source":"atlas_sqft","name":"Amazon IAD147","region":"nova","sources":["im3_datacenter_atlas"]},"type":"Feature"},{"geometry":{"coordinates":[-77.471072,38.995094],"type":"Point"},"properties":{"campus_id":null,"cooling":"unknown","id":"dc_nova_0149","in_steam":false,"in_uten":false,"mw":1.4683000000000002,"mw_confidence":"footprint_estimate","mw_source":"atlas_sqft","name":"Amazon Web Services","region":"nova","sources":["im3_datacenter_atlas"]},"type":"Feature"},{"geometry":{"coordinates":[-77.456888,38.995199],"type":"Point"},"properties":{"campus_id":null,"cooling":"unknown","id":"dc_nova_0150","in_steam":false,"in_uten":false,"mw":13.557,"mw_confidence":"footprint_estimate","mw_source":"atlas_sqft","name":"QTS Ashburn Lockridge","region":"nova","sources":["im3_datacenter_atlas"]},"type":"Feature"},{"geometry":{"coordinates":[-77.455183,38.995355],"type":"Point"},"properties":{"campus_id":null,"cooling":"unknown","id":"dc_nova_0151","in_steam":false,"in_uten":false,"mw":15.3253,"mw_confidence":"footprint_estimate","mw_source":"atlas_sqft","name":"QTS Ashburn Lockridge","region":"nova","sources":["im3_datacenter_atlas"]},"type":"Feature"},{"geometry":{"coordinates":[-77.471291,38.995848],"type":"Point"},"properties":{"campus_id":null,"cooling":"unknown","id":"dc_nova_0152","in_steam":false,"in_uten":false,"mw":13.1476,"mw_confidence":"footprint_estimate","mw_source":"atlas_sqft","name":"Amazon Web Services","region":"nova","sources":["im3_datacenter_atlas"]},"type":"Feature"},{"geometry":{"coordinates":[-77.473262,38.996608],"type":"Point"},"properties":{"campus_id":null,"cooling":"unknown","id":"dc_nova_0153","in_steam":false,"in_uten":false,"mw":13.148200000000001,"mw_confidence":"footprint_estimate","mw_source":"atlas_sqft","name":"Amazon Web Services","region":"nova","sources":["im3_datacenter_atlas"]},"type":"Feature"},{"geometry":{"coordinates":[-77.435598,38.996725],"type":"Point"},"properties":{"campus_id":null,"cooling":"unknown","id":"dc_nova_0154","in_steam":false,"in_uten":false,"mw":10.3076,"mw_confidence":"footprint_estimate","mw_source":"atlas_sqft","name":"Amazon IAD146","region":"nova","sources":["im3_datacenter_atlas"]},"type":"Feature"},{"geometry":{"coordinates":[-77.430254,38.997959],"type":"Point"},"properties":{"campus_id":null,"cooling":"unknown","id":"dc_nova_0155","in_steam":false,"in_uten":false,"mw":18.7488,"mw_confidence":"footprint_estimate","mw_source":"atlas_sqft","name":"Vantage VA2","region":"nova","sources":["im3_datacenter_atlas"]},"type":"Feature"},{"geometry":{"coordinates":[-77.475571,38.998079],"type":"Point"},"properties":{"campus_id":null,"cooling":"unknown","id":"dc_nova_0156","in_steam":false,"in_uten":false,"mw":15.681000000000001,"mw_confidence":"footprint_estimate","mw_source":"atlas_sqft","name":"QTS Ashburn-Shellhorn DC1","region":"nova","sources":["im3_datacenter_atlas"]},"type":"Feature"},{"geometry":{"coordinates":[-77.474264,38.998772],"type":"Point"},"properties":{"campus_id":null,"cooling":"unknown","id":"dc_nova_0157","in_steam":false,"in_uten":false,"mw":15.247100000000001,"mw_confidence":"footprint_estimate","mw_source":"atlas_sqft","name":"QTS Ashburn-Shellhorn DC2","region":"nova","sources":["im3_datacenter_atlas"]},"type":"Feature"},{"geometry":{"coordinates":[-77.460867,38.999113],"type":"Point"},"properties":{"campus_id":null,"cooling":"unknown","id":"dc_nova_0158","in_steam":false,"in_uten":false,"mw":13.0571,"mw_confidence":"footprint_estimate","mw_source":"atlas_sqft","name":"Unnamed data center","region":"nova","sources":["im3_datacenter_atlas"]},"type":"Feature"},{"geometry":{"coordinates":[-77.450171,38.999515],"type":"Point"},"properties":{"campus_id":null,"cooling":"unknown","id":"dc_nova_0159","in_steam":false,"in_uten":false,"mw":16.4144,"mw_confidence":"footprint_estimate","mw_source":"atlas_sqft","name":"QTS Ashburn 1","region":"nova","sources":["im3_datacenter_atlas"]},"type":"Feature"},{"geometry":{"coordinates":[-77.47807,39.00001],"type":"Point"},"properties":{"campus_id":null,"cooling":"unknown","id":"dc_nova_0160","in_steam":false,"in_uten":false,"mw":14.4298,"mw_confidence":"footprint_estimate","mw_source":"atlas_sqft","name":"Digital Realty Northern Virginia IAD37","region":"nova","sources":["im3_datacenter_atlas"]},"type":"Feature"},{"geometry":{"coordinates":[-77.460774,39.000446],"type":"Point"},"properties":{"campus_id":null,"cooling":"unknown","id":"dc_nova_0161","in_steam":false,"in_uten":false,"mw":12.8835,"mw_confidence":"footprint_estimate","mw_source":"atlas_sqft","name":"Unnamed data center","region":"nova","sources":["im3_datacenter_atlas"]},"type":"Feature"},{"geometry":{"coordinates":[-77.480595,39.000511],"type":"Point"},"properties":{"campus_id":null,"cooling":"unknown","id":"dc_nova_0162","in_steam":false,"in_uten":false,"mw":20.622500000000002,"mw_confidence":"footprint_estimate","mw_source":"atlas_sqft","name":"Digital Realty Northern Virginia IAD35","region":"nova","sources":["im3_datacenter_atlas"]},"type":"Feature"},{"geometry":{"coordinates":[-77.43982,39.000655],"type":"Point"},"properties":{"campus_id":null,"cooling":"unknown","id":"dc_nova_0163","in_steam":false,"in_uten":false,"mw":22.4621,"mw_confidence":"footprint_estimate","mw_source":"atlas_sqft","name":"GI Partners","region":"nova","sources":["im3_datacenter_atlas"]},"type":"Feature"},{"geometry":{"coordinates":[-77.477184,39.00111],"type":"Point"},"properties":{"campus_id":null,"cooling":"unknown","id":"dc_nova_0164","in_steam":false,"in_uten":false,"mw":11.4543,"mw_confidence":"footprint_estimate","mw_source":"atlas_sqft","name":"Digital Realty Northern Virginia IAD38","region":"nova","sources":["im3_datacenter_atlas"]},"type":"Feature"},{"geometry":{"coordinates":[-77.479344,39.001552],"type":"Point"},"properties":{"campus_id":null,"cooling":"unknown","id":"dc_nova_0165","in_steam":false,"in_uten":false,"mw":11.2516,"mw_confidence":"footprint_estimate","mw_source":"atlas_sqft","name":"Digital Realty Northern Virginia IAD36","region":"nova","sources":["im3_datacenter_atlas"]},"type":"Feature"},{"geometry":{"coordinates":[-77.438071,39.001779],"type":"Point"},"properties":{"campus_id":null,"cooling":"unknown","id":"dc_nova_0166","in_steam":false,"in_uten":false,"mw":11.561300000000001,"mw_confidence":"footprint_estimate","mw_source":"atlas_sqft","name":"Vantage VA12","region":"nova","sources":["im3_datacenter_atlas"]},"type":"Feature"},{"geometry":{"coordinates":[-77.483345,39.002022],"type":"Point"},"properties":{"campus_id":null,"cooling":"unknown","id":"dc_nova_0167","in_steam":false,"in_uten":false,"mw":18.0269,"mw_confidence":"footprint_estimate","mw_source":"atlas_sqft","name":"Digital Realty Northern Virginia IAD12","region":"nova","sources":["im3_datacenter_atlas"]},"type":"Feature"},{"geometry":{"coordinates":[-77.471993,39.002357],"type":"Point"},"properties":{"campus_id":null,"cooling":"unknown","id":"dc_nova_0168","in_steam":false,"in_uten":false,"mw":46.0596,"mw_confidence":"footprint_estimate","mw_source":"atlas_sqft","name":"CloudHQ","region":"nova","sources":["im3_datacenter_atlas"]},"type":"Feature"},{"geometry":{"coordinates":[-77.437661,39.002395],"type":"Point"},"properties":{"campus_id":null,"cooling":"unknown","id":"dc_nova_0169","in_steam":false,"in_uten":false,"mw":12.757800000000001,"mw_confidence":"footprint_estimate","mw_source":"atlas_sqft","name":"Vantage VA11","region":"nova","sources":["im3_datacenter_atlas"]},"type":"Feature"},{"geometry":{"coordinates":[-77.485449,39.002752],"type":"Point"},"properties":{"campus_id":null,"cooling":"unknown","id":"dc_nova_0170","in_steam":false,"in_uten":false,"mw":11.6698,"mw_confidence":"footprint_estimate","mw_source":"atlas_sqft","name":"Amazon Web Services Building C","region":"nova","sources":["im3_datacenter_atlas"]},"type":"Feature"},{"geometry":{"coordinates":[-77.481954,39.002755],"type":"Point"},"properties":{"campus_id":null,"cooling":"unknown","id":"dc_nova_0171","in_steam":false,"in_uten":false,"mw":13.311300000000001,"mw_confidence":"footprint_estimate","mw_source":"atlas_sqft","name":"Digital Realty Building A","region":"nova","sources":["im3_datacenter_atlas"]},"type":"Feature"},{"geometry":{"coordinates":[-77.439851,39.003108],"type":"Point"},"properties":{"campus_id":null,"cooling":"unknown","id":"dc_nova_0172","in_steam":false,"in_uten":false,"mw":26.1859,"mw_confidence":"footprint_estimate","mw_source":"atlas_sqft","name":"Vantage VA13","region":"nova","sources":["im3_datacenter_atlas"]},"type":"Feature"},{"geometry":{"coordinates":[-77.487093,39.003336],"type":"Point"},"properties":{"campus_id":null,"cooling":"unknown","id":"dc_nova_0173","in_steam":false,"in_uten":false,"mw":13.4503,"mw_confidence":"footprint_estimate","mw_source":"atlas_sqft","name":"Digital Realty Northern Virginia IAD14","region":"nova","sources":["im3_datacenter_atlas"]},"type":"Feature"},{"geometry":{"coordinates":[-77.484355,39.004292],"type":"Point"},"properties":{"campus_id":null,"cooling":"unknown","id":"dc_nova_0174","in_steam":false,"in_uten":false,"mw":11.4428,"mw_confidence":"footprint_estimate","mw_source":"atlas_sqft","name":"Digital Realty Northern Virginia IAD24","region":"nova","sources":["im3_datacenter_atlas"]},"type":"Feature"},{"geometry":{"coordinates":[-77.441764,39.004699],"type":"Point"},"properties":{"campus_id":null,"cooling":"unknown","id":"dc_nova_0175","in_steam":false,"in_uten":false,"mw":17.933,"mw_confidence":"footprint_estimate","mw_source":"atlas_sqft","name":"STACK NVA01A - Northern Virginia","region":"nova","sources":["im3_datacenter_atlas"]},"type":"Feature"},{"geometry":{"coordinates":[-77.485612,39.005052],"type":"Point"},"properties":{"campus_id":null,"cooling":"unknown","id":"dc_nova_0176","in_steam":false,"in_uten":false,"mw":15.335500000000001,"mw_confidence":"footprint_estimate","mw_source":"atlas_sqft","name":"AWS Building E","region":"nova","sources":["im3_datacenter_atlas"]},"type":"Feature"},{"geometry":{"coordinates":[-77.449449,39.005719],"type":"Point"},"properties":{"campus_id":null,"cooling":"unknown","id":"dc_nova_0177","in_steam":false,"in_uten":false,"mw":21.817400000000003,"mw_confidence":"footprint_estimate","mw_source":"atlas_sqft","name":"Digital Realty IAD42","region":"nova","sources":["im3_datacenter_atlas"]},"type":"Feature"},{"geometry":{"coordinates":[-77.467254,39.006454],"type":"Point"},"properties":{"campus_id":null,"cooling":"unknown","id":"dc_nova_0178","in_steam":false,"in_uten":false,"mw":24.4372,"mw_confidence":"footprint_estimate","mw_source":"atlas_sqft","name":"Digital Realty Northern Virginia IAD40","region":"nova","sources":["im3_datacenter_atlas"]},"type":"Feature"},{"geometry":{"coordinates":[-77.467623,39.007718],"type":"Point"},"properties":{"campus_id":null,"cooling":"unknown","id":"dc_nova_0179","in_steam":false,"in_uten":false,"mw":54.9223,"mw_confidence":"footprint_estimate","mw_source":"atlas_sqft","name":"Digital Realty Northern Virginia IAD39","region":"nova","sources":["im3_datacenter_atlas"]},"type":"Feature"},{"geometry":{"coordinates":[-77.458221,39.008677],"type":"Point"},"properties":{"campus_id":null,"cooling":"unknown","id":"dc_nova_0180","in_steam":false,"in_uten":false,"mw":39.6985,"mw_confidence":"footprint_estimate","mw_source":"atlas_sqft","name":"Digital Realty IAD41 (Building P)","region":"nova","sources":["im3_datacenter_atlas"]},"type":"Feature"},{"geometry":{"coordinates":[-77.462785,39.010157],"type":"Point"},"properties":{"campus_id":null,"cooling":"unknown","id":"dc_nova_0181","in_steam":false,"in_uten":false,"mw":49.9194,"mw_confidence":"footprint_estimate","mw_source":"atlas_sqft","name":"CloudHQ LC1","region":"nova","sources":["im3_datacenter_atlas"]},"type":"Feature"},{"geometry":{"coordinates":[-77.475189,39.010411],"type":"Point"},"properties":{"campus_id":null,"cooling":"unknown","id":"dc_nova_0182","in_steam":false,"in_uten":false,"mw":20.8188,"mw_confidence":"footprint_estimate","mw_source":"atlas_sqft","name":"Aligned IAD02","region":"nova","sources":["im3_datacenter_atlas"]},"type":"Feature"},{"geometry":{"coordinates":[-77.460405,39.011212],"type":"Point"},"properties":{"campus_id":null,"cooling":"unknown","id":"dc_nova_0183","in_steam":false,"in_uten":false,"mw":24.120800000000003,"mw_confidence":"footprint_estimate","mw_source":"atlas_sqft","name":"CloudHQ LC3","region":"nova","sources":["im3_datacenter_atlas"]},"type":"Feature"},{"geometry":{"coordinates":[-77.462457,39.011764],"type":"Point"},"properties":{"campus_id":null,"cooling":"unknown","id":"dc_nova_0184","in_steam":false,"in_uten":false,"mw":25.277,"mw_confidence":"footprint_estimate","mw_source":"atlas_sqft","name":"CloudHQ LC2","region":"nova","sources":["im3_datacenter_atlas"]},"type":"Feature"},{"geometry":{"coordinates":[-77.454558,39.011823],"type":"Point"},"properties":{"campus_id":null,"cooling":"unknown","id":"dc_nova_0185","in_steam":false,"in_uten":false,"mw":7.896100000000001,"mw_confidence":"footprint_estimate","mw_source":"atlas_sqft","name":"Equinix Ashburn DC21","region":"nova","sources":["im3_datacenter_atlas"]},"type":"Feature"},{"geometry":{"coordinates":[-77.471561,39.012027],"type":"Point"},"properties":{"campus_id":null,"cooling":"unknown","id":"dc_nova_0186","in_steam":false,"in_uten":false,"mw":4.859100000000001,"mw_confidence":"footprint_estimate","mw_source":"atlas_sqft","name":"Unnamed data center","region":"nova","sources":["im3_datacenter_atlas"]},"type":"Feature"},{"geometry":{"coordinates":[-77.475393,39.012537],"type":"Point"},"properties":{"campus_id":null,"cooling":"unknown","id":"dc_nova_0187","in_steam":false,"in_uten":false,"mw":12.561300000000001,"mw_confidence":"footprint_estimate","mw_source":"atlas_sqft","name":"Equinix DC13","region":"nova","sources":["im3_datacenter_atlas"]},"type":"Feature"},{"geometry":{"coordinates":[-77.465536,39.012707],"type":"Point"},"properties":{"campus_id":null,"cooling":"unknown","id":"dc_nova_0188","in_steam":false,"in_uten":false,"mw":28.904300000000003,"mw_confidence":"footprint_estimate","mw_source":"atlas_sqft","name":"Digital Realty ACC10","region":"nova","sources":["im3_datacenter_atlas"]},"type":"Feature"},{"geometry":{"coordinates":[-77.470578,39.01362],"type":"Point"},"properties":{"campus_id":null,"cooling":"unknown","id":"dc_nova_0189","in_steam":false,"in_uten":false,"mw":14.014000000000001,"mw_confidence":"footprint_estimate","mw_source":"atlas_sqft","name":"Aligned Ashburn","region":"nova","sources":["im3_datacenter_atlas"]},"type":"Feature"},{"geometry":{"coordinates":[-77.45172,39.013675],"type":"Point"},"properties":{"campus_id":null,"cooling":"unknown","id":"dc_nova_0190","in_steam":false,"in_uten":false,"mw":8.3656,"mw_confidence":"footprint_estimate","mw_source":"atlas_sqft","name":"H5 Data Centers Ashburn","region":"nova","sources":["im3_datacenter_atlas"]},"type":"Feature"},{"geometry":{"coordinates":[-77.453798,39.013792],"type":"Point"},"properties":{"campus_id":null,"cooling":"unknown","id":"dc_nova_0191","in_steam":false,"in_uten":false,"mw":1.5,"mw_confidence":"footprint_estimate","mw_source":"atlas_default","name":"Equinix","region":"nova","sources":["im3_datacenter_atlas"]},"type":"Feature"},{"geometry":{"coordinates":[-77.479988,39.014498],"type":"Point"},"properties":{"campus_id":null,"cooling":"unknown","id":"dc_nova_0192","in_steam":false,"in_uten":false,"mw":13.1966,"mw_confidence":"footprint_estimate","mw_source":"atlas_sqft","name":"Sabey Intergate.Ashburn (Building A)","region":"nova","sources":["im3_datacenter_atlas"]},"type":"Feature"},{"geometry":{"coordinates":[-77.458804,39.014931],"type":"Point"},"properties":{"campus_id":null,"cooling":"unknown","id":"dc_nova_0193","in_steam":false,"in_uten":false,"mw":13.2897,"mw_confidence":"footprint_estimate","mw_source":"atlas_sqft","name":"Equinix Ashburn DC11","region":"nova","sources":["im3_datacenter_atlas"]},"type":"Feature"},{"geometry":{"coordinates":[-77.43777,39.015263],"type":"Point"},"properties":{"campus_id":null,"cooling":"unknown","id":"dc_nova_0194","in_steam":false,"in_uten":false,"mw":1.4384000000000001,"mw_confidence":"footprint_estimate","mw_source":"atlas_sqft","name":"Amazon IAD601","region":"nova","sources":["im3_datacenter_atlas"]},"type":"Feature"},{"geometry":{"coordinates":[-77.478273,39.015417],"type":"Point"},"properties":{"campus_id":null,"cooling":"unknown","id":"dc_nova_0195","in_steam":false,"in_uten":false,"mw":14.4382,"mw_confidence":"footprint_estimate","mw_source":"atlas_sqft","name":"Unnamed data center","region":"nova","sources":["im3_datacenter_atlas"]},"type":"Feature"},{"geometry":{"coordinates":[-77.467319,39.015466],"type":"Point"},"properties":{"campus_id":null,"cooling":"unknown","id":"dc_nova_0196","in_steam":false,"in_uten":false,"mw":32.9257,"mw_confidence":"footprint_estimate","mw_source":"atlas_sqft","name":"Digital Realty ACC9","region":"nova","sources":["im3_datacenter_atlas"]},"type":"Feature"},{"geometry":{"coordinates":[-77.482138,39.015549],"type":"Point"},"properties":{"campus_id":null,"cooling":"unknown","id":"dc_nova_0197","in_steam":false,"in_uten":false,"mw":14.474,"mw_confidence":"footprint_estimate","mw_source":"atlas_sqft","name":"Databank Ashburn IAD1","region":"nova","sources":["im3_datacenter_atlas"]},"type":"Feature"},{"geometry":{"coordinates":[-77.460327,39.01556],"type":"Point"},"properties":{"campus_id":null,"cooling":"unknown","id":"dc_nova_0198","in_steam":false,"in_uten":false,"mw":5.975700000000001,"mw_confidence":"footprint_estimate","mw_source":"atlas_sqft","name":"Equinix Ashburn DC1","region":"nova","sources":["im3_datacenter_atlas"]},"type":"Feature"},{"geometry":{"coordinates":[-77.483271,39.015601],"type":"Point"},"properties":{"campus_id":null,"cooling":"unknown","id":"dc_nova_0199","in_steam":false,"in_uten":false,"mw":5.470000000000001,"mw_confidence":"footprint_estimate","mw_source":"atlas_sqft","name":"Golds Gym Ashburn","region":"nova","sources":["im3_datacenter_atlas"]},"type":"Feature"},{"geometry":{"coordinates":[-77.453145,39.015886],"type":"Point"},"properties":{"campus_id":null,"cooling":"unknown","id":"dc_nova_0200","in_steam":false,"in_uten":false,"mw":9.636700000000001,"mw_confidence":"footprint_estimate","mw_source":"atlas_sqft","name":"Amazon Web Services","region":"nova","sources":["im3_datacenter_atlas"]},"type":"Feature"},{"geometry":{"coordinates":[-77.471954,39.016014],"type":"Point"},"properties":{"campus_id":null,"cooling":"unknown","id":"dc_nova_0201","in_steam":false,"in_uten":false,"mw":1.5,"mw_confidence":"footprint_estimate","mw_source":"atlas_default","name":"NTT Ashburn VA7 Data Center","region":"nova","sources":["im3_datacenter_atlas"]},"type":"Feature"},{"geometry":{"coordinates":[-77.438384,39.016082],"type":"Point"},"properties":{"campus_id":null,"cooling":"unknown","id":"dc_nova_0202","in_steam":false,"in_uten":false,"mw":10.573500000000001,"mw_confidence":"footprint_estimate","mw_source":"atlas_sqft","name":"Amazon IAD128","region":"nova","sources":["im3_datacenter_atlas"]},"type":"Feature"},{"geometry":{"coordinates":[-77.461887,39.016408],"type":"Point"},"properties":{"campus_id":null,"cooling":"unknown","id":"dc_nova_0203","in_steam":false,"in_uten":false,"mw":10.1052,"mw_confidence":"footprint_estimate","mw_source":"atlas_sqft","name":"Equinix Ashburn DC4","region":"nova","sources":["im3_datacenter_atlas"]},"type":"Feature"},{"geometry":{"coordinates":[-77.459006,39.016471],"type":"Point"},"properties":{"campus_id":null,"cooling":"unknown","id":"dc_nova_0204","in_steam":false,"in_uten":false,"mw":17.5215,"mw_confidence":"footprint_estimate","mw_source":"atlas_sqft","name":"Equinix Ashburn DC2","region":"nova","sources":["im3_datacenter_atlas"]},"type":"Feature"},{"geometry":{"coordinates":[-77.452001,39.016744],"type":"Point"},"properties":{"campus_id":null,"cooling":"unknown","id":"dc_nova_0205","in_steam":false,"in_uten":false,"mw":9.6372,"mw_confidence":"footprint_estimate","mw_source":"atlas_sqft","name":"Amazon Web Services","region":"nova","sources":["im3_datacenter_atlas"]},"type":"Feature"},{"geometry":{"coordinates":[-77.439387,39.01693],"type":"Point"},"properties":{"campus_id":null,"cooling":"unknown","id":"dc_nova_0206","in_steam":false,"in_uten":false,"mw":12.7104,"mw_confidence":"footprint_estimate","mw_source":"atlas_sqft","name":"Amazon IAD119","region":"nova","sources":["im3_datacenter_atlas"]},"type":"Feature"},{"geometry":{"coordinates":[-77.473267,39.017102],"type":"Point"},"properties":{"campus_id":null,"cooling":"unknown","id":"dc_nova_0207","in_steam":false,"in_uten":false,"mw":9.1264,"mw_confidence":"footprint_estimate","mw_source":"atlas_sqft","name":"Unnamed data center","region":"nova","sources":["im3_datacenter_atlas"]},"type":"Feature"},{"geometry":{"coordinates":[-77.470376,39.017182],"type":"Point"},"properties":{"campus_id":null,"cooling":"unknown","id":"dc_nova_0208","in_steam":false,"in_uten":false,"mw":23.192400000000003,"mw_confidence":"footprint_estimate","mw_source":"atlas_sqft","name":"NTT Ashburn VA3 Data Center","region":"nova","sources":["im3_datacenter_atlas"]},"type":"Feature"},{"geometry":{"coordinates":[-77.465643,39.017532],"type":"Point"},"properties":{"campus_id":null,"cooling":"unknown","id":"dc_nova_0209","in_steam":false,"in_uten":false,"mw":40.948100000000004,"mw_confidence":"footprint_estimate","mw_source":"atlas_sqft","name":"Digital Realty ACC7","region":"nova","sources":["im3_datacenter_atlas"]},"type":"Feature"},{"geometry":{"coordinates":[-77.481828,39.017878],"type":"Point"},"properties":{"campus_id":null,"cooling":"unknown","id":"dc_nova_0210","in_steam":false,"in_uten":false,"mw":14.6234,"mw_confidence":"footprint_estimate","mw_source":"atlas_sqft","name":"DataBank Ashburn IAD3","region":"nova","sources":["im3_datacenter_atlas"]},"type":"Feature"},{"geometry":{"coordinates":[-77.462549,39.017902],"type":"Point"},"properties":{"campus_id":null,"cooling":"unknown","id":"dc_nova_0211","in_steam":false,"in_uten":false,"mw":29.4156,"mw_confidence":"footprint_estimate","mw_source":"atlas_sqft","name":"Digital Realty ACC4","region":"nova","sources":["im3_datacenter_atlas"]},"type":"Feature"},{"geometry":{"coordinates":[-77.459474,39.017948],"type":"Point"},"properties":{"campus_id":null,"cooling":"unknown","id":"dc_nova_0212","in_steam":false,"in_uten":false,"mw":15.812700000000001,"mw_confidence":"footprint_estimate","mw_source":"atlas_sqft","name":"Unnamed data center","region":"nova","sources":["im3_datacenter_atlas"]},"type":"Feature"},{"geometry":{"coordinates":[-77.472614,39.018296],"type":"Point"},"properties":{"campus_id":null,"cooling":"unknown","id":"dc_nova_0213","in_steam":false,"in_uten":false,"mw":12.4046,"mw_confidence":"footprint_estimate","mw_source":"atlas_sqft","name":"NTT Ashburn VA5 Data Center","region":"nova","sources":["im3_datacenter_atlas"]},"type":"Feature"},{"geometry":{"coordinates":[-77.438839,39.018507],"type":"Point"},"properties":{"campus_id":null,"cooling":"unknown","id":"dc_nova_0214","in_steam":false,"in_uten":false,"mw":10.5629,"mw_confidence":"footprint_estimate","mw_source":"atlas_sqft","name":"Amazon IAD118","region":"nova","sources":["im3_datacenter_atlas"]},"type":"Feature"},{"geometry":{"coordinates":[-77.43403,39.019169],"type":"Point"},"properties":{"campus_id":null,"cooling":"unknown","id":"dc_nova_0215","in_steam":false,"in_uten":false,"mw":15.080400000000001,"mw_confidence":"footprint_estimate","mw_source":"atlas_sqft","name":"Amazon IAD99","region":"nova","sources":["im3_datacenter_atlas"]},"type":"Feature"},{"geometry":{"coordinates":[-77.450465,39.019578],"type":"Point"},"properties":{"campus_id":null,"cooling":"unknown","id":"dc_nova_0216","in_steam":false,"in_uten":false,"mw":13.1309,"mw_confidence":"footprint_estimate","mw_source":"atlas_sqft","name":"PowerHouse ABX-1","region":"nova","sources":["im3_datacenter_atlas"]},"type":"Feature"},{"geometry":{"coordinates":[-77.472595,39.019869],"type":"Point"},"properties":{"campus_id":null,"cooling":"unknown","id":"dc_nova_0217","in_steam":false,"in_uten":false,"mw":16.028200000000002,"mw_confidence":"footprint_estimate","mw_source":"atlas_sqft","name":"NTT Ashburn VA4 Data Center","region":"nova","sources":["im3_datacenter_atlas"]},"type":"Feature"},{"geometry":{"coordinates":[-77.459842,39.019936],"type":"Point"},"properties":{"campus_id":null,"cooling":"unknown","id":"dc_nova_0218","in_steam":false,"in_uten":false,"mw":15.1562,"mw_confidence":"footprint_estimate","mw_source":"atlas_sqft","name":"Digital Realty ACC3","region":"nova","sources":["im3_datacenter_atlas"]},"type":"Feature"},{"geometry":{"coordinates":[-77.463071,39.020113],"type":"Point"},"properties":{"campus_id":null,"cooling":"unknown","id":"dc_nova_0219","in_steam":false,"in_uten":false,"mw":29.885900000000003,"mw_confidence":"footprint_estimate","mw_source":"atlas_sqft","name":"Digital Realty ACC5","region":"nova","sources":["im3_datacenter_atlas"]},"type":"Feature"},{"geometry":{"coordinates":[-77.475531,39.02019],"type":"Point"},"properties":{"campus_id":null,"cooling":"unknown","id":"dc_nova_0220","in_steam":false,"in_uten":false,"mw":11.1241,"mw_confidence":"footprint_estimate","mw_source":"atlas_sqft","name":"NTT Ashburn VA8 Data Centre","region":"nova","sources":["im3_datacenter_atlas"]},"type":"Feature"},{"geometry":{"coordinates":[-77.433886,39.020225],"type":"Point"},"properties":{"campus_id":null,"cooling":"unknown","id":"dc_nova_0221","in_steam":false,"in_uten":false,"mw":15.082600000000001,"mw_confidence":"footprint_estimate","mw_source":"atlas_sqft","name":"Amazon IAD98","region":"nova","sources":["im3_datacenter_atlas"]},"type":"Feature"},{"geometry":{"coordinates":[-77.451513,39.021014],"type":"Point"},"properties":{"campus_id":null,"cooling":"unknown","id":"dc_nova_0222","in_steam":false,"in_uten":false,"mw":15.239700000000001,"mw_confidence":"footprint_estimate","mw_source":"atlas_sqft","name":"Equinix Ashburn DC10","region":"nova","sources":["im3_datacenter_atlas"]},"type":"Feature"},{"geometry":{"coordinates":[-77.46359,39.021068],"type":"Point"},"properties":{"campus_id":null,"cooling":"unknown","id":"dc_nova_0223","in_steam":false,"in_uten":false,"mw":22.6152,"mw_confidence":"footprint_estimate","mw_source":"atlas_sqft","name":"Digital Realty ACC6","region":"nova","sources":["im3_datacenter_atlas"]},"type":"Feature"},{"geometry":{"coordinates":[-77.41322,39.021167],"type":"Point"},"properties":{"campus_id":null,"cooling":"unknown","id":"dc_nova_0224","in_steam":false,"in_uten":false,"mw":15.401100000000001,"mw_confidence":"footprint_estimate","mw_source":"atlas_sqft","name":"CyrusOne NVA8","region":"nova","sources":["im3_datacenter_atlas"]},"type":"Feature"},{"geometry":{"coordinates":[-77.434794,39.021569],"type":"Point"},"properties":{"campus_id":null,"cooling":"unknown","id":"dc_nova_0225","in_steam":false,"in_uten":false,"mw":3.5700000000000003,"mw_confidence":"footprint_estimate","mw_source":"atlas_sqft","name":"Amazon IAD32","region":"nova","sources":["im3_datacenter_atlas"]},"type":"Feature"},{"geometry":{"coordinates":[-77.432876,39.021646],"type":"Point"},"properties":{"campus_id":null,"cooling":"unknown","id":"dc_nova_0226","in_steam":false,"in_uten":false,"mw":11.2726,"mw_confidence":"footprint_estimate","mw_source":"atlas_sqft","name":"Amazon IAD10","region":"nova","sources":["im3_datacenter_atlas"]},"type":"Feature"},{"geometry":{"coordinates":[-77.452747,39.021734],"type":"Point"},"properties":{"campus_id":null,"cooling":"unknown","id":"dc_nova_0227","in_steam":false,"in_uten":false,"mw":7.774900000000001,"mw_confidence":"footprint_estimate","mw_source":"atlas_sqft","name":"Centersquare IAD4-A","region":"nova","sources":["im3_datacenter_atlas"]},"type":"Feature"},{"geometry":{"coordinates":[-77.460287,39.021948],"type":"Point"},"properties":{"campus_id":null,"cooling":"unknown","id":"dc_nova_0228","in_steam":false,"in_uten":false,"mw":18.622700000000002,"mw_confidence":"footprint_estimate","mw_source":"atlas_sqft","name":"Equinix Ashburn DC3","region":"nova","sources":["im3_datacenter_atlas"]},"type":"Feature"},{"geometry":{"coordinates":[-77.45361,39.02214],"type":"Point"},"properties":{"campus_id":null,"cooling":"unknown","id":"dc_nova_0229","in_steam":false,"in_uten":false,"mw":9.0029,"mw_confidence":"footprint_estimate","mw_source":"atlas_sqft","name":"Centersquare IAD4-B","region":"nova","sources":["im3_datacenter_atlas"]},"type":"Feature"},{"geometry":{"coordinates":[-77.457595,39.022173],"type":"Point"},"properties":{"campus_id":null,"cooling":"unknown","id":"dc_nova_0230","in_steam":false,"in_uten":false,"mw":4.902200000000001,"mw_confidence":"footprint_estimate","mw_source":"atlas_sqft","name":"Level 3 Ashburn","region":"nova","sources":["im3_datacenter_atlas"]},"type":"Feature"},{"geometry":{"coordinates":[-77.454869,39.022764],"type":"Point"},"properties":{"campus_id":null,"cooling":"unknown","id":"dc_nova_0231","in_steam":false,"in_uten":false,"mw":13.8507,"mw_confidence":"footprint_estimate","mw_source":"atlas_sqft","name":"NTT Ashburn VA1 Data Center","region":"nova","sources":["im3_datacenter_atlas"]},"type":"Feature"},{"geometry":{"coordinates":[-77.449758,39.023007],"type":"Point"},"properties":{"campus_id":null,"cooling":"unknown","id":"dc_nova_0232","in_steam":false,"in_uten":false,"mw":9.638,"mw_confidence":"footprint_estimate","mw_source":"atlas_sqft","name":"Equinix Ashburn DC12","region":"nova","sources":["im3_datacenter_atlas"]},"type":"Feature"},{"geometry":{"coordinates":[-77.413201,39.023321],"type":"Point"},"properties":{"campus_id":null,"cooling":"unknown","id":"dc_nova_0233","in_steam":false,"in_uten":false,"mw":8.983,"mw_confidence":"footprint_estimate","mw_source":"atlas_sqft","name":"Centersquare IAD1-A","region":"nova","sources":["im3_datacenter_atlas"]},"type":"Feature"},{"geometry":{"coordinates":[-77.419095,39.023698],"type":"Point"},"properties":{"campus_id":null,"cooling":"unknown","id":"dc_nova_0234","in_steam":false,"in_uten":false,"mw":10.2452,"mw_confidence":"footprint_estimate","mw_source":"atlas_sqft","name":"Amazon Web Services IAD117","region":"nova","sources":["im3_datacenter_atlas"]},"type":"Feature"},{"geometry":{"coordinates":[-77.41519,39.023907],"type":"Point"},"properties":{"campus_id":null,"cooling":"unknown","id":"dc_nova_0235","in_steam":false,"in_uten":false,"mw":7.907,"mw_confidence":"footprint_estimate","mw_source":"atlas_sqft","name":"Centersquare IAD1-B","region":"nova","sources":["im3_datacenter_atlas"]},"type":"Feature"},{"geometry":{"coordinates":[-77.452327,39.024257],"type":"Point"},"properties":{"campus_id":null,"cooling":"unknown","id":"dc_nova_0236","in_steam":false,"in_uten":false,"mw":8.7843,"mw_confidence":"footprint_estimate","mw_source":"atlas_sqft","name":"Equinix Ashburn DC16","region":"nova","sources":["im3_datacenter_atlas"]},"type":"Feature"},{"geometry":{"coordinates":[-77.434034,39.024327],"type":"Point"},"properties":{"campus_id":null,"cooling":"unknown","id":"dc_nova_0237","in_steam":false,"in_uten":false,"mw":50.6948,"mw_confidence":"footprint_estimate","mw_source":"atlas_sqft","name":"CyrusOne NVA5","region":"nova","sources":["im3_datacenter_atlas"]},"type":"Feature"},{"geometry":{"coordinates":[-77.420439,39.024346],"type":"Point"},"properties":{"campus_id":null,"cooling":"unknown","id":"dc_nova_0238","in_steam":false,"in_uten":false,"mw":10.2629,"mw_confidence":"footprint_estimate","mw_source":"atlas_sqft","name":"Amazon Web Services IAD116","region":"nova","sources":["im3_datacenter_atlas"]},"type":"Feature"},{"geometry":{"coordinates":[-77.412204,39.024756],"type":"Point"},"properties":{"campus_id":null,"cooling":"unknown","id":"dc_nova_0239","in_steam":false,"in_uten":false,"mw":13.538300000000001,"mw_confidence":"footprint_estimate","mw_source":"atlas_sqft","name":"Centersquare IAD1-C","region":"nova","sources":["im3_datacenter_atlas"]},"type":"Feature"},{"geometry":{"coordinates":[-77.457639,39.02501],"type":"Point"},"properties":{"campus_id":null,"cooling":"unknown","id":"dc_nova_0240","in_steam":false,"in_uten":false,"mw":7.419700000000001,"mw_confidence":"footprint_estimate","mw_source":"atlas_sqft","name":"NTT Ashburn VA2 Data Center","region":"nova","sources":["im3_datacenter_atlas"]},"type":"Feature"},{"geometry":{"coordinates":[-77.414523,39.025947],"type":"Point"},"properties":{"campus_id":null,"cooling":"unknown","id":"dc_nova_0241","in_steam":false,"in_uten":false,"mw":26.560100000000002,"mw_confidence":"footprint_estimate","mw_source":"atlas_sqft","name":"CyrusOne NVA1, NVA2 & NVA3","region":"nova","sources":["im3_datacenter_atlas"]},"type":"Feature"},{"geometry":{"coordinates":[-77.434028,39.026301],"type":"Point"},"properties":{"campus_id":null,"cooling":"unknown","id":"dc_nova_0242","in_steam":false,"in_uten":false,"mw":6.093,"mw_confidence":"footprint_estimate","mw_source":"atlas_sqft","name":"CyrusOne NVA7","region":"nova","sources":["im3_datacenter_atlas"]},"type":"Feature"},{"geometry":{"coordinates":[-77.45087,39.026357],"type":"Point"},"properties":{"campus_id":null,"cooling":"unknown","id":"dc_nova_0243","in_steam":false,"in_uten":false,"mw":14.8678,"mw_confidence":"footprint_estimate","mw_source":"atlas_sqft","name":"Amazon IAD79","region":"nova","sources":["im3_datacenter_atlas"]},"type":"Feature"},{"geometry":{"coordinates":[-77.44952,39.026368],"type":"Point"},"properties":{"campus_id":null,"cooling":"unknown","id":"dc_nova_0244","in_steam":false,"in_uten":false,"mw":14.7979,"mw_confidence":"footprint_estimate","mw_source":"atlas_sqft","name":"Amazon IAD78","region":"nova","sources":["im3_datacenter_atlas"]},"type":"Feature"},{"geometry":{"coordinates":[-77.452829,39.027109],"type":"Point"},"properties":{"campus_id":null,"cooling":"unknown","id":"dc_nova_0245","in_steam":false,"in_uten":false,"mw":15.044300000000002,"mw_confidence":"footprint_estimate","mw_source":"atlas_sqft","name":"Amazon IAD80","region":"nova","sources":["im3_datacenter_atlas"]},"type":"Feature"},{"geometry":{"coordinates":[-77.457503,39.027908],"type":"Point"},"properties":{"campus_id":null,"cooling":"unknown","id":"dc_nova_0246","in_steam":false,"in_uten":false,"mw":12.117600000000001,"mw_confidence":"footprint_estimate","mw_source":"atlas_sqft","name":"Amazon IAD71","region":"nova","sources":["im3_datacenter_atlas"]},"type":"Feature"},{"geometry":{"coordinates":[-77.458246,39.028774],"type":"Point"},"properties":{"campus_id":null,"cooling":"unknown","id":"dc_nova_0247","in_steam":false,"in_uten":false,"mw":11.0965,"mw_confidence":"footprint_estimate","mw_source":"atlas_sqft","name":"Amazon IAD60","region":"nova","sources":["im3_datacenter_atlas"]},"type":"Feature"},{"geometry":{"coordinates":[-77.427473,39.028916],"type":"Point"},"properties":{"campus_id":null,"cooling":"unknown","id":"dc_nova_0248","in_steam":false,"in_uten":false,"mw":13.238800000000001,"mw_confidence":"footprint_estimate","mw_source":"atlas_sqft","name":"Amazon IAD174","region":"nova","sources":["im3_datacenter_atlas"]},"type":"Feature"},{"geometry":{"coordinates":[-77.459683,39.02957],"type":"Point"},"properties":{"campus_id":null,"cooling":"unknown","id":"dc_nova_0249","in_steam":false,"in_uten":false,"mw":20.2194,"mw_confidence":"footprint_estimate","mw_source":"atlas_sqft","name":"Amazon IAD50","region":"nova","sources":["im3_datacenter_atlas"]},"type":"Feature"},{"geometry":{"coordinates":[-77.428942,39.030473],"type":"Point"},"properties":{"campus_id":null,"cooling":"unknown","id":"dc_nova_0250","in_steam":false,"in_uten":false,"mw":13.237400000000001,"mw_confidence":"footprint_estimate","mw_source":"atlas_sqft","name":"Amazon IAD164","region":"nova","sources":["im3_datacenter_atlas"]},"type":"Feature"},{"geometry":{"coordinates":[-77.429702,39.032305],"type":"Point"},"properties":{"campus_id":null,"cooling":"unknown","id":"dc_nova_0251","in_steam":false,"in_uten":false,"mw":13.1936,"mw_confidence":"footprint_estimate","mw_source":"atlas_sqft","name":"Amazon IAD163","region":"nova","sources":["im3_datacenter_atlas"]},"type":"Feature"},{"geometry":{"coordinates":[-77.450699,39.035494],"type":"Point"},"properties":{"campus_id":null,"cooling":"unknown","id":"dc_nova_0252","in_steam":false,"in_uten":false,"mw":14.800500000000001,"mw_confidence":"footprint_estimate","mw_source":"atlas_sqft","name":"Amazon IAD114","region":"nova","sources":["im3_datacenter_atlas"]},"type":"Feature"},{"geometry":{"coordinates":[-77.449795,39.036294],"type":"Point"},"properties":{"campus_id":null,"cooling":"unknown","id":"dc_nova_0253","in_steam":false,"in_uten":false,"mw":14.6333,"mw_confidence":"footprint_estimate","mw_source":"atlas_sqft","name":"Amazon IAD115","region":"nova","sources":["im3_datacenter_atlas"]},"type":"Feature"},{"geometry":{"coordinates":[-77.539224,39.041623],"type":"Point"},"properties":{"campus_id":null,"cooling":"unknown","id":"dc_nova_0254","in_steam":false,"in_uten":false,"mw":6.045800000000001,"mw_confidence":"footprint_estimate","mw_source":"atlas_sqft","name":"42255 THUNDERBALL DR","region":"nova","sources":["im3_datacenter_atlas"]},"type":"Feature"},{"geometry":{"coordinates":[-77.5383,39.042553],"type":"Point"},"properties":{"campus_id":null,"cooling":"unknown","id":"dc_nova_0255","in_steam":false,"in_uten":false,"mw":4.0683,"mw_confidence":"footprint_estimate","mw_source":"atlas_sqft","name":"42311 THUNDERBALL DR","region":"nova","sources":["im3_datacenter_atlas"]},"type":"Feature"},{"geometry":{"coordinates":[-77.540874,39.043502],"type":"Point"},"properties":{"campus_id":null,"cooling":"unknown","id":"dc_nova_0256","in_steam":false,"in_uten":false,"mw":7.7498000000000005,"mw_confidence":"footprint_estimate","mw_source":"atlas_sqft","name":"42254 THUNDERBALL DR","region":"nova","sources":["im3_datacenter_atlas"]},"type":"Feature"},{"geometry":{"coordinates":[-77.539674,39.044099],"type":"Point"},"properties":{"campus_id":null,"cooling":"unknown","id":"dc_nova_0257","in_steam":false,"in_uten":false,"mw":7.890700000000001,"mw_confidence":"footprint_estimate","mw_source":"atlas_sqft","name":"42310 THUNDERBALL DR","region":"nova","sources":["im3_datacenter_atlas"]},"type":"Feature"},{"geometry":{"coordinates":[-77.537998,39.044247],"type":"Point"},"properties":{"campus_id":null,"cooling":"unknown","id":"dc_nova_0258","in_steam":false,"in_uten":false,"mw":16.9768,"mw_confidence":"footprint_estimate","mw_source":"atlas_sqft","name":"TikTok Data Center","region":"nova","sources":["im3_datacenter_atlas"]},"type":"Feature"},{"geometry":{"coordinates":[-77.445416,39.048728],"type":"Point"},"properties":{"campus_id":null,"cooling":"unknown","id":"dc_nova_0259","in_steam":false,"in_uten":false,"mw":34.9987,"mw_confidence":"footprint_estimate","mw_source":"atlas_sqft","name":"VISA Data Center","region":"nova","sources":["im3_datacenter_atlas"]},"type":"Feature"},{"geometry":{"coordinates":[-77.540026,39.050608],"type":"Point"},"properties":{"campus_id":null,"cooling":"unknown","id":"dc_nova_0260","in_steam":false,"in_uten":false,"mw":14.0157,"mw_confidence":"footprint_estimate","mw_source":"atlas_sqft","name":"Unnamed data center","region":"nova","sources":["im3_datacenter_atlas"]},"type":"Feature"},{"geometry":{"coordinates":[-77.534749,39.051021],"type":"Point"},"properties":{"campus_id":null,"cooling":"unknown","id":"dc_nova_0261","in_steam":false,"in_uten":false,"mw":30.35,"mw_confidence":"footprint_estimate","mw_source":"atlas_sqft","name":"Unnamed data center","region":"nova","sources":["im3_datacenter_atlas"]},"type":"Feature"},{"geometry":{"coordinates":[-77.539577,39.052641],"type":"Point"},"properties":{"campus_id":null,"cooling":"unknown","id":"dc_nova_0262","in_steam":false,"in_uten":false,"mw":14.063400000000001,"mw_confidence":"footprint_estimate","mw_source":"atlas_sqft","name":"Google Data Center","region":"nova","sources":["im3_datacenter_atlas"]},"type":"Feature"},{"geometry":{"coordinates":[-77.545995,39.054122],"type":"Point"},"properties":{"campus_id":null,"cooling":"unknown","id":"dc_nova_0263","in_steam":false,"in_uten":false,"mw":11.6829,"mw_confidence":"footprint_estimate","mw_source":"atlas_sqft","name":"Unnamed data center","region":"nova","sources":["im3_datacenter_atlas"]},"type":"Feature"},{"geometry":{"coordinates":[-77.544822,39.055261],"type":"Point"},"properties":{"campus_id":null,"cooling":"unknown","id":"dc_nova_0264","in_steam":false,"in_uten":false,"mw":13.9936,"mw_confidence":"footprint_estimate","mw_source":"atlas_sqft","name":"Unnamed data center","region":"nova","sources":["im3_datacenter_atlas"]},"type":"Feature"},{"geometry":{"coordinates":[-77.547338,39.055994],"type":"Point"},"properties":{"campus_id":null,"cooling":"unknown","id":"dc_nova_0265","in_steam":false,"in_uten":false,"mw":14.9008,"mw_confidence":"footprint_estimate","mw_source":"atlas_sqft","name":"Unnamed data center","region":"nova","sources":["im3_datacenter_atlas"]},"type":"Feature"},{"geometry":{"coordinates":[-77.546733,39.057819],"type":"Point"},"properties":{"campus_id":null,"cooling":"unknown","id":"dc_nova_0266","in_steam":false,"in_uten":false,"mw":10.635200000000001,"mw_confidence":"footprint_estimate","mw_source":"atlas_sqft","name":"Unnamed data center","region":"nova","sources":["im3_datacenter_atlas"]},"type":"Feature"},{"geometry":{"coordinates":[-77.549757,39.058427],"type":"Point"},"properties":{"campus_id":null,"cooling":"unknown","id":"dc_nova_0267","in_steam":false,"in_uten":false,"mw":20.0169,"mw_confidence":"footprint_estimate","mw_source":"atlas_sqft","name":"Unnamed data center","region":"nova","sources":["im3_datacenter_atlas"]},"type":"Feature"},{"geometry":{"coordinates":[-77.558569,39.066015],"type":"Point"},"properties":{"campus_id":null,"cooling":"unknown","id":"dc_nova_0268","in_steam":false,"in_uten":false,"mw":15.3155,"mw_confidence":"footprint_estimate","mw_source":"atlas_sqft","name":"Unnamed data center","region":"nova","sources":["im3_datacenter_atlas"]},"type":"Feature"},{"geometry":{"coordinates":[-77.560771,39.069647],"type":"Point"},"properties":{"campus_id":null,"cooling":"unknown","id":"dc_nova_0269","in_steam":false,"in_uten":false,"mw":24.2639,"mw_confidence":"footprint_estimate","mw_source":"atlas_sqft","name":"Unnamed data center","region":"nova","sources":["im3_datacenter_atlas"]},"type":"Feature"},{"geometry":{"coordinates":[-77.559433,39.069654],"type":"Point"},"properties":{"campus_id":null,"cooling":"unknown","id":"dc_nova_0270","in_steam":false,"in_uten":false,"mw":24.706100000000003,"mw_confidence":"footprint_estimate","mw_source":"atlas_sqft","name":"Unnamed data center","region":"nova","sources":["im3_datacenter_atlas"]},"type":"Feature"},{"geometry":{"coordinates":[-77.564129,39.074787],"type":"Point"},"properties":{"campus_id":null,"cooling":"unknown","id":"dc_nova_0271","in_steam":false,"in_uten":false,"mw":15.5317,"mw_confidence":"footprint_estimate","mw_source":"atlas_sqft","name":"Microsoft","region":"nova","sources":["im3_datacenter_atlas"]},"type":"Feature"},{"geometry":{"coordinates":[-77.563035,39.075508],"type":"Point"},"properties":{"campus_id":null,"cooling":"unknown","id":"dc_nova_0272","in_steam":false,"in_uten":false,"mw":9.7581,"mw_confidence":"footprint_estimate","mw_source":"atlas_sqft","name":"Microsoft","region":"nova","sources":["im3_datacenter_atlas"]},"type":"Feature"},{"geometry":{"coordinates":[-77.565112,39.082191],"type":"Point"},"properties":{"campus_id":null,"cooling":"unknown","id":"dc_nova_0273","in_steam":false,"in_uten":false,"mw":20.0733,"mw_confidence":"footprint_estimate","mw_source":"atlas_sqft","name":"Unnamed data center","region":"nova","sources":["im3_datacenter_atlas"]},"type":"Feature"},{"geometry":{"coordinates":[-74.174887,40.606985],"type":"Point"},"properties":{"campus_id":null,"cooling":"unknown","id":"dc_nyc_0000","in_steam":false,"in_uten":false,"mw":5.249924999999999,"mw_confidence":"footprint_estimate","mw_source":"atlas_sqft","name":"Telehouse Teleport","region":"nyc","sources":["im3_datacenter_atlas"]},"type":"Feature"},{"geometry":{"coordinates":[-74.17318,40.60738],"type":"Point"},"properties":{"campus_id":null,"cooling":"unknown","id":"dc_nyc_0001","in_steam":false,"in_uten":false,"mw":4.757625,"mw_confidence":"footprint_estimate","mw_source":"atlas_sqft","name":"Merrill Lynch Data Center","region":"nyc","sources":["im3_datacenter_atlas"]},"type":"Feature"},{"geometry":{"coordinates":[-74.123976,40.638306],"type":"Point"},"properties":{"campus_id":null,"cooling":"unknown","id":"dc_nyc_0002","in_steam":false,"in_uten":false,"mw":0.25799999999999995,"mw_confidence":"parcel_estimate","mw_source":"pluto_estimate","name":"Verizon \u2014 1741 Richmond Terrace","region":"nyc","sources":["nyc_pluto"]},"type":"Feature"},{"geometry":{"coordinates":[-74.004816,40.657696],"type":"Point"},"properties":{"campus_id":null,"cooling":"unknown","id":"dc_nyc_0003","in_steam":false,"in_uten":false,"mw":1.5,"mw_confidence":"footprint_estimate","mw_source":"atlas_default","name":"Dataverge","region":"nyc","sources":["im3_datacenter_atlas"]},"type":"Feature"},{"geometry":{"coordinates":[-73.769465,40.659236],"type":"Point"},"properties":{"campus_id":null,"cooling":"unknown","id":"dc_nyc_0004","in_steam":false,"in_uten":false,"mw":1.0157999999999998,"mw_confidence":"parcel_estimate","mw_source":"pluto_estimate","name":"Verizon \u2014 175-28 148 Avenue","region":"nyc","sources":["nyc_pluto"]},"type":"Feature"},{"geometry":{"coordinates":[-74.012681,40.703383],"type":"Point"},"properties":{"campus_id":null,"cooling":"unknown","id":"dc_nyc_0005","in_steam":true,"in_uten":false,"mw":25.0,"mw_confidence":"parcel_estimate","mw_source":"pluto_estimate","name":"33 Whitehall Street","region":"nyc","sources":["nyc_pluto"]},"type":"Feature"},{"geometry":{"coordinates":[-73.93347,40.708807],"type":"Point"},"properties":{"campus_id":null,"cooling":"unknown","id":"dc_nyc_0006","in_steam":false,"in_uten":false,"mw":2.4397499999999996,"mw_confidence":"parcel_estimate","mw_source":"pluto_estimate","name":"Verizon \u2014 131 Morgan Avenue","region":"nyc","sources":["nyc_pluto"]},"type":"Feature"},{"geometry":{"coordinates":[-74.001176,40.710907],"type":"Point"},"properties":{"campus_id":null,"cooling":"unknown","id":"dc_nyc_0007","in_steam":true,"in_uten":false,"mw":25.0,"mw_confidence":"parcel_estimate","mw_source":"pluto_estimate","name":"375 Pearl Street","region":"nyc","sources":["nyc_pluto"]},"type":"Feature"},{"geometry":{"coordinates":[-74.005913,40.716525],"type":"Point"},"properties":{"campus_id":null,"cooling":"unknown","id":"dc_nyc_0008","in_steam":true,"in_uten":false,"mw":2.309325,"mw_confidence":"footprint_estimate","mw_source":"atlas_sqft","name":"33 Thomas Street","region":"nyc","sources":["im3_datacenter_atlas"]},"type":"Feature"},{"geometry":{"coordinates":[-74.00834,40.717656],"type":"Point"},"properties":{"campus_id":null,"cooling":"unknown","id":"dc_nyc_0009","in_steam":true,"in_uten":false,"mw":25.0,"mw_confidence":"parcel_estimate","mw_source":"pluto_estimate","name":"56 Hudson Street","region":"nyc","sources":["nyc_pluto"]},"type":"Feature"},{"geometry":{"coordinates":[-74.008441,40.717677],"type":"Point"},"properties":{"campus_id":null,"cooling":"unknown","id":"dc_nyc_0010","in_steam":true,"in_uten":false,"mw":1.5,"mw_confidence":"footprint_estimate","mw_source":"atlas_default","name":"Digital Realty New York JFK12","region":"nyc","sources":["im3_datacenter_atlas"]},"type":"Feature"},{"geometry":{"coordinates":[-74.004636,40.719998],"type":"Point"},"properties":{"campus_id":null,"cooling":"unknown","id":"dc_nyc_0011","in_steam":true,"in_uten":false,"mw":3.1796999999999995,"mw_confidence":"footprint_estimate","mw_source":"atlas_sqft","name":"32 Avenue of the Americas","region":"nyc","sources":["im3_datacenter_atlas"]},"type":"Feature"},{"geometry":{"coordinates":[-74.003208,40.74136],"type":"Point"},"properties":{"campus_id":null,"cooling":"unknown","id":"dc_nyc_0012","in_steam":true,"in_uten":false,"mw":25.0,"mw_confidence":"parcel_estimate","mw_source":"pluto_estimate","name":"111 8 Avenue","region":"nyc","sources":["nyc_pluto"]},"type":"Feature"},{"geometry":{"coordinates":[-74.007983,40.743385],"type":"Point"},"properties":{"campus_id":null,"cooling":"unknown","id":"dc_nyc_0013","in_steam":true,"in_uten":false,"mw":25.0,"mw_confidence":"parcel_estimate","mw_source":"pluto_estimate","name":"85 10 Avenue","region":"nyc","sources":["nyc_pluto"]},"type":"Feature"},{"geometry":{"coordinates":[-72.883345,40.84366],"type":"Point"},"properties":{"campus_id":null,"cooling":"unknown","id":"dc_upstate_0000","in_steam":false,"in_uten":false,"mw":2.75595,"mw_confidence":"footprint_estimate","mw_source":"atlas_sqft","name":"Cable & Wireless Cable Landing Station","region":"upstate","sources":["im3_datacenter_atlas"]},"type":"Feature"},{"geometry":{"coordinates":[-73.897901,40.95127],"type":"Point"},"properties":{"campus_id":null,"cooling":"unknown","id":"dc_upstate_0001","in_steam":false,"in_uten":false,"mw":1.00695,"mw_confidence":"footprint_estimate","mw_source":"atlas_sqft","name":"Unnamed data center","region":"upstate","sources":["im3_datacenter_atlas"]},"type":"Feature"},{"geometry":{"coordinates":[-73.975764,41.034485],"type":"Point"},"properties":{"campus_id":null,"cooling":"unknown","id":"dc_upstate_0002","in_steam":false,"in_uten":false,"mw":11.3637,"mw_confidence":"footprint_estimate","mw_source":"atlas_sqft","name":"fifteenfortyseven CSR ORNY1","region":"upstate","sources":["im3_datacenter_atlas"]},"type":"Feature"},{"geometry":{"coordinates":[-73.987494,41.03627],"type":"Point"},"properties":{"campus_id":null,"cooling":"unknown","id":"dc_upstate_0003","in_steam":false,"in_uten":false,"mw":13.690425,"mw_confidence":"footprint_estimate","mw_source":"atlas_sqft","name":"Bloomberg Data Center","region":"upstate","sources":["im3_datacenter_atlas"]},"type":"Feature"},{"geometry":{"coordinates":[-73.989651,41.039943],"type":"Point"},"properties":{"campus_id":null,"cooling":"unknown","id":"dc_upstate_0004","in_steam":false,"in_uten":false,"mw":14.8089,"mw_confidence":"footprint_estimate","mw_source":"atlas_sqft","name":"Databank LGA3","region":"upstate","sources":["im3_datacenter_atlas"]},"type":"Feature"},{"geometry":{"coordinates":[-73.971839,41.05233],"type":"Point"},"properties":{"campus_id":null,"cooling":"unknown","id":"dc_upstate_0005","in_steam":false,"in_uten":false,"mw":19.7079,"mw_confidence":"footprint_estimate","mw_source":"atlas_sqft","name":"Unnamed data center","region":"upstate","sources":["im3_datacenter_atlas"]},"type":"Feature"},{"geometry":{"coordinates":[-73.752745,42.649353],"type":"Point"},"properties":{"campus_id":null,"cooling":"unknown","id":"dc_upstate_0006","in_steam":false,"in_uten":false,"mw":1.151625,"mw_confidence":"footprint_estimate","mw_source":"atlas_sqft","name":"IBM Building","region":"upstate","sources":["im3_datacenter_atlas"]},"type":"Feature"},{"geometry":{"coordinates":[-73.818665,42.735631],"type":"Point"},"properties":{"campus_id":null,"cooling":"unknown","id":"dc_upstate_0007","in_steam":false,"in_uten":false,"mw":1.5,"mw_confidence":"footprint_estimate","mw_source":"atlas_default","name":"Lumen Albany 4","region":"upstate","sources":["im3_datacenter_atlas"]},"type":"Feature"},{"geometry":{"coordinates":[-73.7592,42.745441],"type":"Point"},"properties":{"campus_id":null,"cooling":"unknown","id":"dc_upstate_0008","in_steam":false,"in_uten":false,"mw":0.7848749999999999,"mw_confidence":"footprint_estimate","mw_source":"atlas_sqft","name":"Turnkey Internet","region":"upstate","sources":["im3_datacenter_atlas"]},"type":"Feature"},{"geometry":{"coordinates":[-78.812384,42.990201],"type":"Point"},"properties":{"campus_id":null,"cooling":"unknown","id":"dc_upstate_0009","in_steam":false,"in_uten":false,"mw":1.5,"mw_confidence":"footprint_estimate","mw_source":"atlas_default","name":"Frontier Science","region":"upstate","sources":["im3_datacenter_atlas"]},"type":"Feature"},{"geometry":{"coordinates":[-76.115925,43.012076],"type":"Point"},"properties":{"campus_id":null,"cooling":"unknown","id":"dc_upstate_0010","in_steam":false,"in_uten":false,"mw":0.9126749999999999,"mw_confidence":"footprint_estimate","mw_source":"atlas_sqft","name":"SU Green Data Center","region":"upstate","sources":["im3_datacenter_atlas"]},"type":"Feature"},{"geometry":{"coordinates":[-78.749207,43.044985],"type":"Point"},"properties":{"campus_id":null,"cooling":"unknown","id":"dc_upstate_0011","in_steam":false,"in_uten":false,"mw":3.1453499999999996,"mw_confidence":"footprint_estimate","mw_source":"atlas_sqft","name":"Unnamed data center","region":"upstate","sources":["im3_datacenter_atlas"]},"type":"Feature"},{"geometry":{"coordinates":[-78.944802,43.074838],"type":"Point"},"properties":{"campus_id":null,"cooling":"unknown","id":"dc_upstate_0012","in_steam":false,"in_uten":false,"mw":1.2181499999999998,"mw_confidence":"footprint_estimate","mw_source":"atlas_sqft","name":"Blockfusion","region":"upstate","sources":["im3_datacenter_atlas"]},"type":"Feature"},{"geometry":{"coordinates":[-79.030723,43.082056],"type":"Point"},"properties":{"campus_id":null,"cooling":"unknown","id":"dc_upstate_0013","in_steam":false,"in_uten":false,"mw":4.616924999999999,"mw_confidence":"footprint_estimate","mw_source":"atlas_sqft","name":"US Bitcoin","region":"upstate","sources":["im3_datacenter_atlas"]},"type":"Feature"},{"geometry":{"coordinates":[-78.6903,43.1706],"type":"Point"},"properties":{"campus_id":null,"cooling":"air","id":"dc_upstate_0014","in_steam":false,"in_uten":false,"mw":15.0,"mw_confidence":"filed","mw_source":"manual","name":"Yahoo Lockport Data Center","region":"upstate","sources":["manual_upstate"]},"type":"Feature"}],"type":"FeatureCollection"}
