{"features":[{"geometry":{"coordinates":[-77.468123,38.712535],"type":"Point"},"properties":{"area_m2":110.94274431467056,"area_source":"osm","cat":"greenhouse","demand_kwh":38829.9605101347,"demand_source":"footprint_estimate","id":"s_nova_00000","in_steam":false,"in_uten":false,"name":"Unnamed greenhouse","region":"nova","sources":["osm_overpass"],"steam_heated":false},"type":"Feature"},{"geometry":{"coordinates":[-77.550956,38.7224],"type":"Point"},"properties":{"area_m2":440.45762844383717,"area_source":"osm","cat":"pool","demand_kwh":176183.05137753487,"demand_source":"footprint_estimate","id":"s_nova_00001","in_steam":false,"in_uten":false,"name":"Unnamed pool","region":"nova","sources":["osm_overpass"],"steam_heated":false},"type":"Feature"},{"geometry":{"coordinates":[-77.197175,38.724703],"type":"Point"},"properties":{"area_m2":3827.297427430749,"area_source":"osm","cat":"office","demand_kwh":87130.94440554993,"demand_source":"comstock_modeled","id":"s_nova_00002","in_steam":false,"in_uten":false,"name":"Unnamed office","region":"nova","sources":["osm_overpass"],"steam_heated":false},"type":"Feature"},{"geometry":{"coordinates":[-77.471192,38.725116],"type":"Point"},"properties":{"area_m2":3025.7699648319103,"area_source":"osm","cat":"office","demand_kwh":68883.64429171926,"demand_source":"comstock_modeled","id":"s_nova_00003","in_steam":false,"in_uten":false,"name":"US Army National Guard Armory","region":"nova","sources":["osm_overpass"],"steam_heated":false},"type":"Feature"},{"geometry":{"coordinates":[-77.195969,38.725275],"type":"Point"},"properties":{"area_m2":5462.0994073795155,"area_source":"osm","cat":"office","demand_kwh":124348.28722508084,"demand_source":"comstock_modeled","id":"s_nova_00004","in_steam":false,"in_uten":false,"name":"Unnamed office","region":"nova","sources":["osm_overpass"],"steam_heated":false},"type":"Feature"},{"geometry":{"coordinates":[-77.194207,38.726033],"type":"Point"},"properties":{"area_m2":4325.447037041187,"area_source":"osm","cat":"office","demand_kwh":98471.64806488132,"demand_source":"comstock_modeled","id":"s_nova_00005","in_steam":false,"in_uten":false,"name":"Unnamed office","region":"nova","sources":["osm_overpass"],"steam_heated":false},"type":"Feature"},{"geometry":{"coordinates":[-77.1928,38.726429],"type":"Point"},"properties":{"area_m2":3554.4094004034996,"area_source":"osm","cat":"office","demand_kwh":80918.46890222516,"demand_source":"comstock_modeled","id":"s_nova_00006","in_steam":false,"in_uten":false,"name":"Unnamed office","region":"nova","sources":["osm_overpass"],"steam_heated":false},"type":"Feature"},{"geometry":{"coordinates":[-77.191504,38.726839],"type":"Point"},"properties":{"area_m2":5218.674878272228,"area_source":"osm","cat":"office","demand_kwh":118806.56763971999,"demand_source":"comstock_modeled","id":"s_nova_00007","in_steam":false,"in_uten":false,"name":"Unnamed office","region":"nova","sources":["osm_overpass"],"steam_heated":false},"type":"Feature"},{"geometry":{"coordinates":[-77.190194,38.727141],"type":"Point"},"properties":{"area_m2":6041.005846649408,"area_source":"osm","cat":"office","demand_kwh":137527.4732518905,"demand_source":"comstock_modeled","id":"s_nova_00008","in_steam":false,"in_uten":false,"name":"Unnamed office","region":"nova","sources":["osm_overpass"],"steam_heated":false},"type":"Feature"},{"geometry":{"coordinates":[-77.188498,38.727573],"type":"Point"},"properties":{"area_m2":4159.375986099243,"area_source":"osm","cat":"office","demand_kwh":94690.93131073363,"demand_source":"comstock_modeled","id":"s_nova_00009","in_steam":false,"in_uten":false,"name":"Unnamed office","region":"nova","sources":["osm_overpass"],"steam_heated":false},"type":"Feature"},{"geometry":{"coordinates":[-77.197386,38.727681],"type":"Point"},"properties":{"area_m2":825.9880844056606,"area_source":"osm","cat":"brewery","demand_kwh":330395.23376226425,"demand_source":"footprint_estimate","id":"s_nova_00010","in_steam":false,"in_uten":false,"name":"Forge Brew Works","region":"nova","sources":["osm_overpass"],"steam_heated":false},"type":"Feature"},{"geometry":{"coordinates":[-77.483276,38.727971],"type":"Point"},"properties":{"area_m2":619.9495992808443,"area_source":"osm","cat":"pool","demand_kwh":247979.8397123377,"demand_source":"footprint_estimate","id":"s_nova_00011","in_steam":false,"in_uten":false,"name":"Unnamed pool","region":"nova","sources":["osm_overpass"],"steam_heated":false},"type":"Feature"},{"geometry":{"coordinates":[-77.189251,38.728372],"type":"Point"},"properties":{"area_m2":3455.187669358682,"area_source":"osm","cat":"office","demand_kwh":78659.62090428108,"demand_source":"comstock_modeled","id":"s_nova_00012","in_steam":false,"in_uten":false,"name":"Unnamed office","region":"nova","sources":["osm_overpass"],"steam_heated":false},"type":"Feature"},{"geometry":{"coordinates":[-77.463273,38.728397],"type":"Point"},"properties":{"area_m2":61260.417312314734,"area_source":"osm","cat":"school","demand_kwh":4832250.703691415,"demand_source":"comstock_modeled","id":"s_nova_00013","in_steam":false,"in_uten":false,"name":"Maitland C. Bennett Elementary School","region":"nova","sources":["osm_overpass"],"steam_heated":false},"type":"Feature"},{"geometry":{"coordinates":[-77.210137,38.728413],"type":"Point"},"properties":{"area_m2":618.2511695293942,"area_source":"osm","cat":"pool","demand_kwh":247300.4678117577,"demand_source":"footprint_estimate","id":"s_nova_00014","in_steam":false,"in_uten":false,"name":"Unnamed pool","region":"nova","sources":["osm_overpass"],"steam_heated":false},"type":"Feature"},{"geometry":{"coordinates":[-77.475796,38.730181],"type":"Point"},"properties":{"area_m2":611.9191477121785,"area_source":"osm","cat":"pool","demand_kwh":244767.6590848714,"demand_source":"footprint_estimate","id":"s_nova_00015","in_steam":false,"in_uten":false,"name":"Unnamed pool","region":"nova","sources":["osm_overpass"],"steam_heated":false},"type":"Feature"},{"geometry":{"coordinates":[-77.544886,38.731115],"type":"Point"},"properties":{"area_m2":11579.882903410122,"area_source":"osm","cat":"school","demand_kwh":913426.642580496,"demand_source":"comstock_modeled","id":"s_nova_00016","in_steam":false,"in_uten":false,"name":"Unnamed school","region":"nova","sources":["osm_overpass"],"steam_heated":false},"type":"Feature"},{"geometry":{"coordinates":[-77.1823,38.732209],"type":"Point"},"properties":{"area_m2":261.92312604468316,"area_source":"osm","cat":"pool","demand_kwh":104769.25041787326,"demand_source":"footprint_estimate","id":"s_nova_00017","in_steam":false,"in_uten":false,"name":"Unnamed pool","region":"nova","sources":["osm_overpass"],"steam_heated":false},"type":"Feature"},{"geometry":{"coordinates":[-77.571139,38.734043],"type":"Point"},"properties":{"area_m2":60062.888837807346,"area_source":"osm","cat":"school","demand_kwh":4737789.090997412,"demand_source":"comstock_modeled","id":"s_nova_00018","in_steam":false,"in_uten":false,"name":"Cedar Point Elementary School","region":"nova","sources":["osm_overpass"],"steam_heated":false},"type":"Feature"},{"geometry":{"coordinates":[-77.520108,38.734906],"type":"Point"},"properties":{"area_m2":4057.7618159558624,"area_source":"osm","cat":"office","demand_kwh":92377.61786241809,"demand_source":"comstock_modeled","id":"s_nova_00019","in_steam":false,"in_uten":false,"name":"Unnamed office","region":"nova","sources":["osm_overpass"],"steam_heated":false},"type":"Feature"},{"geometry":{"coordinates":[-77.496884,38.73501],"type":"Point"},"properties":{"area_m2":82854.70044257492,"area_source":"osm","cat":"school","demand_kwh":6535617.974598576,"demand_source":"comstock_modeled","id":"s_nova_00020","in_steam":false,"in_uten":false,"name":"George Carr Round Elementary School","region":"nova","sources":["osm_overpass"],"steam_heated":false},"type":"Feature"},{"geometry":{"coordinates":[-77.225725,38.735118],"type":"Point"},"properties":{"area_m2":588.6377986366861,"area_source":"osm","cat":"pool","demand_kwh":235455.11945467442,"demand_source":"footprint_estimate","id":"s_nova_00021","in_steam":false,"in_uten":false,"name":"Unnamed pool","region":"nova","sources":["osm_overpass"],"steam_heated":false},"type":"Feature"},{"geometry":{"coordinates":[-77.213291,38.735629],"type":"Point"},"properties":{"area_m2":55857.76391854955,"area_source":"osm","cat":"school","demand_kwh":4406086.847661421,"demand_source":"comstock_modeled","id":"s_nova_00022","in_steam":false,"in_uten":false,"name":"Saratoga Elementary School","region":"nova","sources":["osm_overpass"],"steam_heated":false},"type":"Feature"},{"geometry":{"coordinates":[-77.472212,38.735634],"type":"Point"},"properties":{"area_m2":771.8173286654055,"area_source":"osm","cat":"pool","demand_kwh":308726.9314661622,"demand_source":"footprint_estimate","id":"s_nova_00023","in_steam":false,"in_uten":false,"name":"Unnamed pool","region":"nova","sources":["osm_overpass"],"steam_heated":false},"type":"Feature"},{"geometry":{"coordinates":[-77.521337,38.73689],"type":"Point"},"properties":{"area_m2":10306.48103749752,"area_source":"osm","cat":"office","demand_kwh":104506.01017964703,"demand_source":"comstock_modeled","id":"s_nova_00024","in_steam":false,"in_uten":false,"name":"Allied / northAmerican","region":"nova","sources":["osm_overpass"],"steam_heated":false},"type":"Feature"},{"geometry":{"coordinates":[-77.581265,38.737285],"type":"Point"},"properties":{"area_m2":145988.14390137792,"area_source":"osm","cat":"school","demand_kwh":11515613.866969613,"demand_source":"comstock_modeled","id":"s_nova_00025","in_steam":false,"in_uten":false,"name":"Marsteller Middle School","region":"nova","sources":["osm_overpass"],"steam_heated":false},"type":"Feature"},{"geometry":{"coordinates":[-77.207588,38.737936],"type":"Point"},"properties":{"area_m2":7609.413627944421,"area_source":"osm","cat":"office","demand_kwh":173233.30844980586,"demand_source":"comstock_modeled","id":"s_nova_00026","in_steam":false,"in_uten":false,"name":"Unnamed office","region":"nova","sources":["osm_overpass"],"steam_heated":false},"type":"Feature"},{"geometry":{"coordinates":[-77.209482,38.738027],"type":"Point"},"properties":{"area_m2":4010.72319461219,"area_source":"osm","cat":"office","demand_kwh":91306.7526947845,"demand_source":"comstock_modeled","id":"s_nova_00027","in_steam":false,"in_uten":false,"name":"Unnamed office","region":"nova","sources":["osm_overpass"],"steam_heated":false},"type":"Feature"},{"geometry":{"coordinates":[-77.2005,38.738413],"type":"Point"},"properties":{"area_m2":7365.25757158827,"area_source":"osm","cat":"office","demand_kwh":167674.93516525897,"demand_source":"comstock_modeled","id":"s_nova_00028","in_steam":false,"in_uten":false,"name":"Unnamed office","region":"nova","sources":["osm_overpass"],"steam_heated":false},"type":"Feature"},{"geometry":{"coordinates":[-77.480714,38.738675],"type":"Point"},"properties":{"area_m2":978.7634606151842,"area_source":"osm","cat":"pool","demand_kwh":391505.38424607366,"demand_source":"footprint_estimate","id":"s_nova_00029","in_steam":false,"in_uten":false,"name":"Unnamed pool","region":"nova","sources":["osm_overpass"],"steam_heated":false},"type":"Feature"},{"geometry":{"coordinates":[-77.239736,38.738951],"type":"Point"},"properties":{"area_m2":47735.46033792803,"area_source":"osm","cat":"school","demand_kwh":3765395.698057324,"demand_source":"comstock_modeled","id":"s_nova_00030","in_steam":false,"in_uten":false,"name":"Newington Forest Elementary School","region":"nova","sources":["osm_overpass"],"steam_heated":false},"type":"Feature"},{"geometry":{"coordinates":[-77.205889,38.739086],"type":"Point"},"properties":{"area_m2":6380.880898026284,"area_source":"osm","cat":"office","demand_kwh":145264.9524438935,"demand_source":"comstock_modeled","id":"s_nova_00031","in_steam":false,"in_uten":false,"name":"Unnamed office","region":"nova","sources":["osm_overpass"],"steam_heated":false},"type":"Feature"},{"geometry":{"coordinates":[-77.20782,38.73911],"type":"Point"},"properties":{"area_m2":5018.525487205712,"area_source":"osm","cat":"office","demand_kwh":114250.03504812358,"demand_source":"comstock_modeled","id":"s_nova_00032","in_steam":false,"in_uten":false,"name":"Unnamed office","region":"nova","sources":["osm_overpass"],"steam_heated":false},"type":"Feature"},{"geometry":{"coordinates":[-77.184882,38.739166],"type":"Point"},"properties":{"area_m2":1116.245642636437,"area_source":"osm","cat":"brewery","demand_kwh":223249.1285272874,"demand_source":"footprint_estimate","id":"s_nova_00033","in_steam":false,"in_uten":false,"name":"Fair Winds Brewing Company","region":"nova","sources":["osm_overpass"],"steam_heated":false},"type":"Feature"},{"geometry":{"coordinates":[-77.216372,38.739333],"type":"Point"},"properties":{"area_m2":2020.8659187406301,"area_source":"osm","cat":"pool","demand_kwh":808346.3674962521,"demand_source":"footprint_estimate","id":"s_nova_00034","in_steam":false,"in_uten":false,"name":"Unnamed pool","region":"nova","sources":["osm_overpass"],"steam_heated":false},"type":"Feature"},{"geometry":{"coordinates":[-77.188597,38.739377],"type":"Point"},"properties":{"area_m2":3071.087846843642,"area_source":"osm","cat":"hotel","demand_kwh":300977.3147322376,"demand_source":"comstock_modeled","id":"s_nova_00035","in_steam":false,"in_uten":false,"name":"Embassy Suites","region":"nova","sources":["osm_overpass"],"steam_heated":false},"type":"Feature"},{"geometry":{"coordinates":[-77.209967,38.739762],"type":"Point"},"properties":{"area_m2":4232.16148597002,"area_source":"osm","cat":"office","demand_kwh":96347.94111021193,"demand_source":"comstock_modeled","id":"s_nova_00036","in_steam":false,"in_uten":false,"name":"Unnamed office","region":"nova","sources":["osm_overpass"],"steam_heated":false},"type":"Feature"},{"geometry":{"coordinates":[-77.200257,38.739954],"type":"Point"},"properties":{"area_m2":4039.258056588471,"area_source":"osm","cat":"office","demand_kwh":91956.36760442177,"demand_source":"comstock_modeled","id":"s_nova_00037","in_steam":false,"in_uten":false,"name":"Unnamed office","region":"nova","sources":["osm_overpass"],"steam_heated":false},"type":"Feature"},{"geometry":{"coordinates":[-77.574233,38.740226],"type":"Point"},"properties":{"area_m2":653.7797735179774,"area_source":"osm","cat":"pool","demand_kwh":261511.90940719098,"demand_source":"footprint_estimate","id":"s_nova_00038","in_steam":false,"in_uten":false,"name":"Rob Roy Pool","region":"nova","sources":["osm_overpass"],"steam_heated":false},"type":"Feature"},{"geometry":{"coordinates":[-77.512171,38.740302],"type":"Point"},"properties":{"area_m2":1278.1236127819866,"area_source":"osm","cat":"hotel","demand_kwh":125260.569562136,"demand_source":"comstock_modeled","id":"s_nova_00039","in_steam":false,"in_uten":false,"name":"Tru by Hilton","region":"nova","sources":["osm_overpass"],"steam_heated":false},"type":"Feature"},{"geometry":{"coordinates":[-77.201695,38.740319],"type":"Point"},"properties":{"area_m2":6210.122017486021,"area_source":"osm","cat":"office","demand_kwh":141377.51416421545,"demand_source":"comstock_modeled","id":"s_nova_00040","in_steam":false,"in_uten":false,"name":"Unnamed office","region":"nova","sources":["osm_overpass"],"steam_heated":false},"type":"Feature"},{"geometry":{"coordinates":[-77.561359,38.740366],"type":"Point"},"properties":{"area_m2":564.9860544726253,"area_source":"osm","cat":"pool","demand_kwh":225994.4217890501,"demand_source":"footprint_estimate","id":"s_nova_00041","in_steam":false,"in_uten":false,"name":"Unnamed pool","region":"nova","sources":["osm_overpass"],"steam_heated":false},"type":"Feature"},{"geometry":{"coordinates":[-77.203981,38.741156],"type":"Point"},"properties":{"area_m2":5634.831342205405,"area_source":"osm","cat":"school","demand_kwh":444478.1624607196,"demand_source":"comstock_modeled","id":"s_nova_00042","in_steam":false,"in_uten":false,"name":"Angelus Academy","region":"nova","sources":["osm_overpass"],"steam_heated":false},"type":"Feature"},{"geometry":{"coordinates":[-77.171151,38.741525],"type":"Point"},"properties":{"area_m2":537.5036524096504,"area_source":"osm","cat":"pool","demand_kwh":215001.46096386015,"demand_source":"footprint_estimate","id":"s_nova_00043","in_steam":false,"in_uten":false,"name":"Unnamed pool","region":"nova","sources":["osm_overpass"],"steam_heated":false},"type":"Feature"},{"geometry":{"coordinates":[-77.462308,38.742579],"type":"Point"},"properties":{"area_m2":148502.49759493768,"area_source":"osm","cat":"school","demand_kwh":11713947.276014002,"demand_source":"comstock_modeled","id":"s_nova_00044","in_steam":false,"in_uten":false,"name":"Grace E Metz Middle School","region":"nova","sources":["osm_overpass"],"steam_heated":false},"type":"Feature"},{"geometry":{"coordinates":[-77.521783,38.742762],"type":"Point"},"properties":{"area_m2":null,"area_source":"none","cat":"brewery","demand_kwh":600000.0,"demand_source":"category_default","id":"s_nova_00045","in_steam":false,"in_uten":false,"name":"2 Silos Brewing Company","region":"nova","sources":["osm_overpass"],"steam_heated":false},"type":"Feature"},{"geometry":{"coordinates":[-77.524093,38.7434],"type":"Point"},"properties":{"area_m2":1975.0085946973413,"area_source":"osm","cat":"hotel","demand_kwh":193557.72711485066,"demand_source":"comstock_modeled","id":"s_nova_00046","in_steam":false,"in_uten":false,"name":"Tempo","region":"nova","sources":["osm_overpass"],"steam_heated":false},"type":"Feature"},{"geometry":{"coordinates":[-77.241889,38.743699],"type":"Point"},"properties":{"area_m2":7000.689480192959,"area_source":"osm","cat":"school","demand_kwh":552217.6986572224,"demand_source":"comstock_modeled","id":"s_nova_00047","in_steam":false,"in_uten":false,"name":"Unnamed school","region":"nova","sources":["osm_overpass"],"steam_heated":false},"type":"Feature"},{"geometry":{"coordinates":[-77.168392,38.745111],"type":"Point"},"properties":{"area_m2":76126.09680528613,"area_source":"osm","cat":"school","demand_kwh":6004862.535970292,"demand_source":"comstock_modeled","id":"s_nova_00048","in_steam":false,"in_uten":false,"name":"Island Creek Elementary School","region":"nova","sources":["osm_overpass"],"steam_heated":false},"type":"Feature"},{"geometry":{"coordinates":[-77.491463,38.745585],"type":"Point"},"properties":{"area_m2":203699.8838512858,"area_source":"osm","cat":"school","demand_kwh":16067943.221215418,"demand_source":"comstock_modeled","id":"s_nova_00049","in_steam":false,"in_uten":false,"name":"Jennie Dean Elementary School","region":"nova","sources":["osm_overpass"],"steam_heated":false},"type":"Feature"},{"geometry":{"coordinates":[-77.553537,38.745798],"type":"Point"},"properties":{"area_m2":655.3423978086794,"area_source":"osm","cat":"pool","demand_kwh":262136.95912347175,"demand_source":"footprint_estimate","id":"s_nova_00050","in_steam":false,"in_uten":false,"name":"Unnamed pool","region":"nova","sources":["osm_overpass"],"steam_heated":false},"type":"Feature"},{"geometry":{"coordinates":[-77.468032,38.747053],"type":"Point"},"properties":{"area_m2":253974.6995394323,"area_source":"osm","cat":"school","demand_kwh":20033644.4708242,"demand_source":"comstock_modeled","id":"s_nova_00051","in_steam":false,"in_uten":false,"name":"Osbourn High School","region":"nova","sources":["osm_overpass"],"steam_heated":false},"type":"Feature"},{"geometry":{"coordinates":[-77.503632,38.750734],"type":"Point"},"properties":{"area_m2":19695.298851219937,"area_source":"osm","cat":"office","demand_kwh":199707.06730534518,"demand_source":"comstock_modeled","id":"s_nova_00052","in_steam":false,"in_uten":false,"name":"Micron Technology","region":"nova","sources":["osm_overpass"],"steam_heated":false},"type":"Feature"},{"geometry":{"coordinates":[-77.169954,38.752052],"type":"Point"},"properties":{"area_m2":295.12038810923696,"area_source":"osm","cat":"pool","demand_kwh":118048.15524369478,"demand_source":"footprint_estimate","id":"s_nova_00053","in_steam":false,"in_uten":false,"name":"Unnamed pool","region":"nova","sources":["osm_overpass"],"steam_heated":false},"type":"Feature"},{"geometry":{"coordinates":[-77.519757,38.752324],"type":"Point"},"properties":{"area_m2":6516.375916760095,"area_source":"osm","cat":"office","demand_kwh":148349.58570492797,"demand_source":"comstock_modeled","id":"s_nova_00054","in_steam":false,"in_uten":false,"name":"ATCC Old Wing","region":"nova","sources":["osm_overpass"],"steam_heated":false},"type":"Feature"},{"geometry":{"coordinates":[-77.565715,38.752399],"type":"Point"},"properties":{"area_m2":94176.78784977179,"area_source":"osm","cat":"school","demand_kwh":7428709.586458762,"demand_source":"comstock_modeled","id":"s_nova_00055","in_steam":false,"in_uten":false,"name":"Linton Hall School","region":"nova","sources":["osm_overpass"],"steam_heated":false},"type":"Feature"},{"geometry":{"coordinates":[-77.196704,38.752754],"type":"Point"},"properties":{"area_m2":10283.741953873076,"area_source":"osm","cat":"office","demand_kwh":104275.43963902445,"demand_source":"comstock_modeled","id":"s_nova_00056","in_steam":false,"in_uten":false,"name":"South Building","region":"nova","sources":["osm_overpass"],"steam_heated":false},"type":"Feature"},{"geometry":{"coordinates":[-77.529809,38.752804],"type":"Point"},"properties":{"area_m2":4607.331497919746,"area_source":"osm","cat":"office","demand_kwh":104888.93330473939,"demand_source":"comstock_modeled","id":"s_nova_00057","in_steam":false,"in_uten":false,"name":"Federal Bureau of Investigation","region":"nova","sources":["osm_overpass"],"steam_heated":false},"type":"Feature"},{"geometry":{"coordinates":[-77.19668,38.753545],"type":"Point"},"properties":{"area_m2":9634.653955325484,"area_source":"osm","cat":"office","demand_kwh":219339.23716812208,"demand_source":"comstock_modeled","id":"s_nova_00058","in_steam":false,"in_uten":false,"name":"North Building","region":"nova","sources":["osm_overpass"],"steam_heated":false},"type":"Feature"},{"geometry":{"coordinates":[-77.554589,38.753986],"type":"Point"},"properties":{"area_m2":67316.44519690424,"area_source":"osm","cat":"school","demand_kwh":5309953.048709553,"demand_source":"comstock_modeled","id":"s_nova_00059","in_steam":false,"in_uten":false,"name":"Victory Elementary School","region":"nova","sources":["osm_overpass"],"steam_heated":false},"type":"Feature"},{"geometry":{"coordinates":[-77.4901,38.754134],"type":"Point"},"properties":{"area_m2":null,"area_source":"none","cat":"brewery","demand_kwh":600000.0,"demand_source":"category_default","id":"s_nova_00060","in_steam":false,"in_uten":false,"name":"Badwolf Brewing Company","region":"nova","sources":["osm_overpass"],"steam_heated":false},"type":"Feature"},{"geometry":{"coordinates":[-77.482534,38.754575],"type":"Point"},"properties":{"area_m2":58527.65575472638,"area_source":"osm","cat":"school","demand_kwh":4616689.1789901685,"demand_source":"comstock_modeled","id":"s_nova_00061","in_steam":false,"in_uten":false,"name":"Pennington Traditional School","region":"nova","sources":["osm_overpass"],"steam_heated":false},"type":"Feature"},{"geometry":{"coordinates":[-77.521175,38.756582],"type":"Point"},"properties":{"area_m2":null,"area_source":"none","cat":"university","demand_kwh":5000000.0,"demand_source":"category_default","id":"s_nova_00062","in_steam":false,"in_uten":false,"name":"George Mason University/Manassas Campus","region":"nova","sources":["osm_overpass"],"steam_heated":false},"type":"Feature"},{"geometry":{"coordinates":[-77.613018,38.756771],"type":"Point"},"properties":{"area_m2":497.83867065701634,"area_source":"osm","cat":"pool","demand_kwh":199135.46826280653,"demand_source":"footprint_estimate","id":"s_nova_00063","in_steam":false,"in_uten":false,"name":"Unnamed pool","region":"nova","sources":["osm_overpass"],"steam_heated":false},"type":"Feature"},{"geometry":{"coordinates":[-77.521225,38.757564],"type":"Point"},"properties":{"area_m2":339873.939929178,"area_source":"osm","cat":"university","demand_kwh":30779338.880057592,"demand_source":"comstock_modeled","id":"s_nova_00064","in_steam":false,"in_uten":false,"name":"George Mason University - Science and Technology Campus","region":"nova","sources":["osm_overpass"],"steam_heated":false},"type":"Feature"},{"geometry":{"coordinates":[-77.578848,38.757811],"type":"Point"},"properties":{"area_m2":364.6947508454323,"area_source":"osm","cat":"pool","demand_kwh":145877.9003381729,"demand_source":"footprint_estimate","id":"s_nova_00065","in_steam":false,"in_uten":false,"name":"Unnamed pool","region":"nova","sources":["osm_overpass"],"steam_heated":false},"type":"Feature"},{"geometry":{"coordinates":[-77.590724,38.759016],"type":"Point"},"properties":{"area_m2":389.93752539064735,"area_source":"osm","cat":"pool","demand_kwh":155975.01015625894,"demand_source":"footprint_estimate","id":"s_nova_00066","in_steam":false,"in_uten":false,"name":"Unnamed pool","region":"nova","sources":["osm_overpass"],"steam_heated":false},"type":"Feature"},{"geometry":{"coordinates":[-77.565468,38.759382],"type":"Point"},"properties":{"area_m2":371.77935076504946,"area_source":"osm","cat":"pool","demand_kwh":148711.74030601978,"demand_source":"footprint_estimate","id":"s_nova_00067","in_steam":false,"in_uten":false,"name":"Unnamed pool","region":"nova","sources":["osm_overpass"],"steam_heated":false},"type":"Feature"},{"geometry":{"coordinates":[-77.16536,38.7605],"type":"Point"},"properties":{"area_m2":1269.9105466790497,"area_source":"osm","cat":"pool","demand_kwh":507964.2186716199,"demand_source":"footprint_estimate","id":"s_nova_00068","in_steam":false,"in_uten":false,"name":"Unnamed pool","region":"nova","sources":["osm_overpass"],"steam_heated":false},"type":"Feature"},{"geometry":{"coordinates":[-77.157626,38.761002],"type":"Point"},"properties":{"area_m2":19987.675045397307,"area_source":"osm","cat":"school","demand_kwh":1576637.2649874291,"demand_source":"comstock_modeled","id":"s_nova_00069","in_steam":false,"in_uten":false,"name":"Lane Elementary School","region":"nova","sources":["osm_overpass"],"steam_heated":false},"type":"Feature"},{"geometry":{"coordinates":[-77.211466,38.761551],"type":"Point"},"properties":{"area_m2":570.4341166952217,"area_source":"osm","cat":"pool","demand_kwh":228173.6466780887,"demand_source":"footprint_estimate","id":"s_nova_00070","in_steam":false,"in_uten":false,"name":"Unnamed pool","region":"nova","sources":["osm_overpass"],"steam_heated":false},"type":"Feature"},{"geometry":{"coordinates":[-77.589525,38.762125],"type":"Point"},"properties":{"area_m2":84876.47226979816,"area_source":"osm","cat":"school","demand_kwh":6695096.292955364,"demand_source":"comstock_modeled","id":"s_nova_00071","in_steam":false,"in_uten":false,"name":"Bristow Run Elementary School","region":"nova","sources":["osm_overpass"],"steam_heated":false},"type":"Feature"},{"geometry":{"coordinates":[-77.238191,38.762141],"type":"Point"},"properties":{"area_m2":329.4991076271981,"area_source":"osm","cat":"pool","demand_kwh":131799.64305087924,"demand_source":"footprint_estimate","id":"s_nova_00072","in_steam":false,"in_uten":false,"name":"Unnamed pool","region":"nova","sources":["osm_overpass"],"steam_heated":false},"type":"Feature"},{"geometry":{"coordinates":[-77.490218,38.762788],"type":"Point"},"properties":{"area_m2":45220.536190446466,"area_source":"osm","cat":"school","demand_kwh":3567017.291337667,"demand_source":"comstock_modeled","id":"s_nova_00073","in_steam":false,"in_uten":false,"name":"Richard C Haydon Elementary School","region":"nova","sources":["osm_overpass"],"steam_heated":false},"type":"Feature"},{"geometry":{"coordinates":[-77.175908,38.763326],"type":"Point"},"properties":{"area_m2":41185.36573442817,"area_source":"osm","cat":"university","demand_kwh":3729789.7246938907,"demand_source":"comstock_modeled","id":"s_nova_00074","in_steam":false,"in_uten":false,"name":"Northern Virginia Community College - Medical Education Campus","region":"nova","sources":["osm_overpass"],"steam_heated":false},"type":"Feature"},{"geometry":{"coordinates":[-77.217381,38.76453],"type":"Point"},"properties":{"area_m2":435.07415872998536,"area_source":"osm","cat":"pool","demand_kwh":174029.66349199414,"demand_source":"footprint_estimate","id":"s_nova_00075","in_steam":false,"in_uten":false,"name":"Rolling Forest Pool","region":"nova","sources":["osm_overpass"],"steam_heated":false},"type":"Feature"},{"geometry":{"coordinates":[-77.177589,38.76465],"type":"Point"},"properties":{"area_m2":14814.193631032249,"area_source":"osm","cat":"office","demand_kwh":150213.4690565369,"demand_source":"comstock_modeled","id":"s_nova_00076","in_steam":false,"in_uten":false,"name":"Unnamed office","region":"nova","sources":["osm_overpass"],"steam_heated":false},"type":"Feature"},{"geometry":{"coordinates":[-77.174585,38.765547],"type":"Point"},"properties":{"area_m2":7488.940463215113,"area_source":"osm","cat":"office","demand_kwh":170490.6575799892,"demand_source":"comstock_modeled","id":"s_nova_00077","in_steam":false,"in_uten":false,"name":"Transportation Security Administration","region":"nova","sources":["osm_overpass"],"steam_heated":false},"type":"Feature"},{"geometry":{"coordinates":[-77.467795,38.766119],"type":"Point"},"properties":{"area_m2":65264.58659601316,"area_source":"osm","cat":"school","demand_kwh":5148101.471409931,"demand_source":"comstock_modeled","id":"s_nova_00078","in_steam":false,"in_uten":false,"name":"Weems Elementary School","region":"nova","sources":["osm_overpass"],"steam_heated":false},"type":"Feature"},{"geometry":{"coordinates":[-77.54897,38.766761],"type":"Point"},"properties":{"area_m2":332.6381872445345,"area_source":"osm","cat":"pool","demand_kwh":133055.2748978138,"demand_source":"footprint_estimate","id":"s_nova_00079","in_steam":false,"in_uten":false,"name":"Unnamed pool","region":"nova","sources":["osm_overpass"],"steam_heated":false},"type":"Feature"},{"geometry":{"coordinates":[-77.488233,38.767386],"type":"Point"},"properties":{"area_m2":133539.98912635446,"area_source":"osm","cat":"hospital","demand_kwh":166924986.40794307,"demand_source":"footprint_estimate","id":"s_nova_00080","in_steam":false,"in_uten":false,"name":"Prince William Medical Center","region":"nova","sources":["osm_overpass"],"steam_heated":false},"type":"Feature"},{"geometry":{"coordinates":[-77.562577,38.767755],"type":"Point"},"properties":{"area_m2":410.47310521570034,"area_source":"osm","cat":"pool","demand_kwh":164189.24208628014,"demand_source":"footprint_estimate","id":"s_nova_00081","in_steam":false,"in_uten":false,"name":"Unnamed pool","region":"nova","sources":["osm_overpass"],"steam_heated":false},"type":"Feature"},{"geometry":{"coordinates":[-77.616649,38.768727],"type":"Point"},"properties":{"area_m2":51175.65655521862,"area_source":"osm","cat":"school","demand_kwh":4036760.003447017,"demand_source":"comstock_modeled","id":"s_nova_00082","in_steam":false,"in_uten":false,"name":"Glenkirk Elementary School","region":"nova","sources":["osm_overpass"],"steam_heated":false},"type":"Feature"},{"geometry":{"coordinates":[-77.230984,38.768754],"type":"Point"},"properties":{"area_m2":40570.04555199726,"area_source":"osm","cat":"school","demand_kwh":3200184.389341763,"demand_source":"comstock_modeled","id":"s_nova_00083","in_steam":false,"in_uten":false,"name":"Rolling Valley Elementary School","region":"nova","sources":["osm_overpass"],"steam_heated":false},"type":"Feature"},{"geometry":{"coordinates":[-77.503546,38.769025],"type":"Point"},"properties":{"area_m2":540.3748327512294,"area_source":"osm","cat":"pool","demand_kwh":216149.93310049176,"demand_source":"footprint_estimate","id":"s_nova_00084","in_steam":false,"in_uten":false,"name":"Unnamed pool","region":"nova","sources":["osm_overpass"],"steam_heated":false},"type":"Feature"},{"geometry":{"coordinates":[-77.160866,38.769062],"type":"Point"},"properties":{"area_m2":3090.165988057852,"area_source":"osm","cat":"office","demand_kwh":70349.66213486467,"demand_source":"comstock_modeled","id":"s_nova_00085","in_steam":false,"in_uten":false,"name":"Unnamed office","region":"nova","sources":["osm_overpass"],"steam_heated":false},"type":"Feature"},{"geometry":{"coordinates":[-77.219754,38.769157],"type":"Point"},"properties":{"area_m2":40537.52896540694,"area_source":"osm","cat":"school","demand_kwh":3197619.4656059085,"demand_source":"comstock_modeled","id":"s_nova_00086","in_steam":false,"in_uten":false,"name":"West Springfield Elementary School","region":"nova","sources":["osm_overpass"],"steam_heated":false},"type":"Feature"},{"geometry":{"coordinates":[-77.178636,38.769826],"type":"Point"},"properties":{"area_m2":1453.3119969591498,"area_source":"osm","cat":"hotel","demand_kwh":142429.64191417373,"demand_source":"comstock_modeled","id":"s_nova_00087","in_steam":false,"in_uten":false,"name":"Extended Stay America","region":"nova","sources":["osm_overpass"],"steam_heated":false},"type":"Feature"},{"geometry":{"coordinates":[-77.483912,38.770732],"type":"Point"},"properties":{"area_m2":320.87210630625486,"area_source":"osm","cat":"pool","demand_kwh":128348.84252250195,"demand_source":"footprint_estimate","id":"s_nova_00088","in_steam":false,"in_uten":false,"name":"Unnamed pool","region":"nova","sources":["osm_overpass"],"steam_heated":false},"type":"Feature"},{"geometry":{"coordinates":[-77.54715,38.77196],"type":"Point"},"properties":{"area_m2":271.1651558727026,"area_source":"osm","cat":"pool","demand_kwh":108466.06234908104,"demand_source":"footprint_estimate","id":"s_nova_00089","in_steam":false,"in_uten":false,"name":"Unnamed pool","region":"nova","sources":["osm_overpass"],"steam_heated":false},"type":"Feature"},{"geometry":{"coordinates":[-77.593341,38.774032],"type":"Point"},"properties":{"area_m2":84930.72753738612,"area_source":"osm","cat":"school","demand_kwh":6699375.974134228,"demand_source":"comstock_modeled","id":"s_nova_00090","in_steam":false,"in_uten":false,"name":"Piney Branch Elementary School","region":"nova","sources":["osm_overpass"],"steam_heated":false},"type":"Feature"},{"geometry":{"coordinates":[-77.571081,38.774458],"type":"Point"},"properties":{"area_m2":84299.18837630749,"area_source":"osm","cat":"school","demand_kwh":6649559.866288071,"demand_source":"comstock_modeled","id":"s_nova_00091","in_steam":false,"in_uten":false,"name":"Chris Yung Elementary School","region":"nova","sources":["osm_overpass"],"steam_heated":false},"type":"Feature"},{"geometry":{"coordinates":[-77.17909,38.776307],"type":"Point"},"properties":{"area_m2":2252.6006921169756,"area_source":"osm","cat":"hotel","demand_kwh":220762.72034163834,"demand_source":"comstock_modeled","id":"s_nova_00092","in_steam":false,"in_uten":false,"name":"Comfort Inn","region":"nova","sources":["osm_overpass"],"steam_heated":false},"type":"Feature"},{"geometry":{"coordinates":[-77.498502,38.776346],"type":"Point"},"properties":{"area_m2":317.6206626450585,"area_source":"osm","cat":"pool","demand_kwh":127048.26505802339,"demand_source":"footprint_estimate","id":"s_nova_00093","in_steam":false,"in_uten":false,"name":"Unnamed pool","region":"nova","sources":["osm_overpass"],"steam_heated":false},"type":"Feature"},{"geometry":{"coordinates":[-77.169976,38.776382],"type":"Point"},"properties":{"area_m2":38105.612782938406,"area_source":"osm","cat":"school","demand_kwh":3005788.766442686,"demand_source":"comstock_modeled","id":"s_nova_00094","in_steam":false,"in_uten":false,"name":"Forestdale Elementary School","region":"nova","sources":["osm_overpass"],"steam_heated":false},"type":"Feature"},{"geometry":{"coordinates":[-77.597712,38.776391],"type":"Point"},"properties":{"area_m2":451.4609964569099,"area_source":"osm","cat":"pool","demand_kwh":180584.39858276397,"demand_source":"footprint_estimate","id":"s_nova_00095","in_steam":false,"in_uten":false,"name":"Unnamed pool","region":"nova","sources":["osm_overpass"],"steam_heated":false},"type":"Feature"},{"geometry":{"coordinates":[-77.495571,38.777131],"type":"Point"},"properties":{"area_m2":6814.935936227441,"area_source":"osm","cat":"school","demand_kwh":537565.3712177208,"demand_source":"comstock_modeled","id":"s_nova_00096","in_steam":false,"in_uten":false,"name":"Manassas Adventist Preparatory School","region":"nova","sources":["osm_overpass"],"steam_heated":false},"type":"Feature"},{"geometry":{"coordinates":[-77.17896,38.777151],"type":"Point"},"properties":{"area_m2":998.2021421485115,"area_source":"osm","cat":"hotel","demand_kwh":97827.28964025051,"demand_source":"comstock_modeled","id":"s_nova_00097","in_steam":false,"in_uten":false,"name":"Wingate","region":"nova","sources":["osm_overpass"],"steam_heated":false},"type":"Feature"},{"geometry":{"coordinates":[-77.177848,38.777288],"type":"Point"},"properties":{"area_m2":3599.5355224511077,"area_source":"osm","cat":"hotel","demand_kwh":352767.0290982055,"demand_source":"comstock_modeled","id":"s_nova_00098","in_steam":false,"in_uten":false,"name":"Hilton Springfield","region":"nova","sources":["osm_overpass"],"steam_heated":false},"type":"Feature"},{"geometry":{"coordinates":[-77.190544,38.777641],"type":"Point"},"properties":{"area_m2":32594.30537849595,"area_source":"osm","cat":"school","demand_kwh":2571054.23063953,"demand_source":"comstock_modeled","id":"s_nova_00099","in_steam":false,"in_uten":false,"name":"Garfield Elementary School","region":"nova","sources":["osm_overpass"],"steam_heated":false},"type":"Feature"},{"geometry":{"coordinates":[-77.612228,38.778822],"type":"Point"},"properties":{"area_m2":472.3451645185705,"area_source":"osm","cat":"pool","demand_kwh":188938.0658074282,"demand_source":"footprint_estimate","id":"s_nova_00100","in_steam":false,"in_uten":false,"name":"Broad Run Oaks Community Pool","region":"nova","sources":["osm_overpass"],"steam_heated":false},"type":"Feature"},{"geometry":{"coordinates":[-77.186343,38.779539],"type":"Point"},"properties":{"area_m2":2118.679876263719,"area_source":"osm","cat":"hotel","demand_kwh":207638.01354313697,"demand_source":"comstock_modeled","id":"s_nova_00101","in_steam":false,"in_uten":false,"name":"Homewood Suites","region":"nova","sources":["osm_overpass"],"steam_heated":false},"type":"Feature"},{"geometry":{"coordinates":[-77.185224,38.77962],"type":"Point"},"properties":{"area_m2":1886.4461513273418,"area_source":"osm","cat":"hotel","demand_kwh":184878.29893795116,"demand_source":"comstock_modeled","id":"s_nova_00102","in_steam":false,"in_uten":false,"name":"Residence Inn","region":"nova","sources":["osm_overpass"],"steam_heated":false},"type":"Feature"},{"geometry":{"coordinates":[-77.49893,38.78015],"type":"Point"},"properties":{"area_m2":12427.341874703765,"area_source":"osm","cat":"pool","demand_kwh":4970936.749881506,"demand_source":"footprint_estimate","id":"s_nova_00103","in_steam":false,"in_uten":false,"name":"Urbanna Swim Club","region":"nova","sources":["osm_overpass"],"steam_heated":false},"type":"Feature"},{"geometry":{"coordinates":[-77.182434,38.780169],"type":"Point"},"properties":{"area_m2":1124.2156923823059,"area_source":"osm","cat":"hotel","demand_kwh":110177.05684349859,"demand_source":"comstock_modeled","id":"s_nova_00104","in_steam":false,"in_uten":false,"name":"Holiday Inn Express Washington DC SW - Springfield","region":"nova","sources":["osm_overpass"],"steam_heated":false},"type":"Feature"},{"geometry":{"coordinates":[-77.178412,38.780271],"type":"Point"},"properties":{"area_m2":1029.1742252260447,"area_source":"osm","cat":"hotel","demand_kwh":100862.66174981763,"demand_source":"comstock_modeled","id":"s_nova_00105","in_steam":false,"in_uten":false,"name":"Best Western Springfield","region":"nova","sources":["osm_overpass"],"steam_heated":false},"type":"Feature"},{"geometry":{"coordinates":[-77.176542,38.780734],"type":"Point"},"properties":{"area_m2":2875.0508338593645,"area_source":"osm","cat":"hotel","demand_kwh":281765.00407926243,"demand_source":"comstock_modeled","id":"s_nova_00106","in_steam":false,"in_uten":false,"name":"Courtyard Springfield","region":"nova","sources":["osm_overpass"],"steam_heated":false},"type":"Feature"},{"geometry":{"coordinates":[-77.520247,38.781003],"type":"Point"},"properties":{"area_m2":291.78902576863766,"area_source":"osm","cat":"pool","demand_kwh":116715.61030745506,"demand_source":"footprint_estimate","id":"s_nova_00107","in_steam":false,"in_uten":false,"name":"Unnamed pool","region":"nova","sources":["osm_overpass"],"steam_heated":false},"type":"Feature"},{"geometry":{"coordinates":[-77.496858,38.78109],"type":"Point"},"properties":{"area_m2":48007.75904437527,"area_source":"osm","cat":"school","demand_kwh":3786874.7488632584,"demand_source":"comstock_modeled","id":"s_nova_00108","in_steam":false,"in_uten":false,"name":"West Gate Elementary School","region":"nova","sources":["osm_overpass"],"steam_heated":false},"type":"Feature"},{"geometry":{"coordinates":[-77.221809,38.78147],"type":"Point"},"properties":{"area_m2":46481.38966572564,"area_source":"osm","cat":"school","demand_kwh":3666474.010055526,"demand_source":"comstock_modeled","id":"s_nova_00109","in_steam":false,"in_uten":false,"name":"Keene Mill Elementary School","region":"nova","sources":["osm_overpass"],"steam_heated":false},"type":"Feature"},{"geometry":{"coordinates":[-77.503092,38.78177],"type":"Point"},"properties":{"area_m2":508.950562607497,"area_source":"osm","cat":"pool","demand_kwh":203580.2250429988,"demand_source":"footprint_estimate","id":"s_nova_00110","in_steam":false,"in_uten":false,"name":"Unnamed pool","region":"nova","sources":["osm_overpass"],"steam_heated":false},"type":"Feature"},{"geometry":{"coordinates":[-77.591464,38.782601],"type":"Point"},"properties":{"area_m2":299768.79189779516,"area_source":"osm","cat":"school","demand_kwh":23645904.144072045,"demand_source":"comstock_modeled","id":"s_nova_00111","in_steam":false,"in_uten":false,"name":"Gainesville High School","region":"nova","sources":["osm_overpass"],"steam_heated":false},"type":"Feature"},{"geometry":{"coordinates":[-77.181513,38.782645],"type":"Point"},"properties":{"area_m2":2443.3290269164427,"area_source":"osm","cat":"hotel","demand_kwh":239454.76202657208,"demand_source":"comstock_modeled","id":"s_nova_00112","in_steam":false,"in_uten":false,"name":"TownePlace Suites Springfield","region":"nova","sources":["osm_overpass"],"steam_heated":false},"type":"Feature"},{"geometry":{"coordinates":[-77.559593,38.783437],"type":"Point"},"properties":{"area_m2":1996.2414782568812,"area_source":"osm","cat":"greenhouse","demand_kwh":698684.5173899084,"demand_source":"footprint_estimate","id":"s_nova_00113","in_steam":false,"in_uten":false,"name":"Unnamed greenhouse","region":"nova","sources":["osm_overpass"],"steam_heated":false},"type":"Feature"},{"geometry":{"coordinates":[-77.596843,38.783602],"type":"Point"},"properties":{"area_m2":143115.1156954167,"area_source":"osm","cat":"school","demand_kwh":11288988.04267588,"demand_source":"comstock_modeled","id":"s_nova_00114","in_steam":false,"in_uten":false,"name":"Gainesville Middle School","region":"nova","sources":["osm_overpass"],"steam_heated":false},"type":"Feature"},{"geometry":{"coordinates":[-77.560633,38.783739],"type":"Point"},"properties":{"area_m2":1427.1520362198353,"area_source":"osm","cat":"greenhouse","demand_kwh":499503.21267694235,"demand_source":"footprint_estimate","id":"s_nova_00115","in_steam":false,"in_uten":false,"name":"Unnamed greenhouse","region":"nova","sources":["osm_overpass"],"steam_heated":false},"type":"Feature"},{"geometry":{"coordinates":[-77.530638,38.783947],"type":"Point"},"properties":{"area_m2":55329.42724018358,"area_source":"osm","cat":"school","demand_kwh":4364411.400483121,"demand_source":"comstock_modeled","id":"s_nova_00116","in_steam":false,"in_uten":false,"name":"Unnamed school","region":"nova","sources":["osm_overpass"],"steam_heated":false},"type":"Feature"},{"geometry":{"coordinates":[-77.523749,38.783963],"type":"Point"},"properties":{"area_m2":553.1031882921234,"area_source":"osm","cat":"pool","demand_kwh":221241.27531684935,"demand_source":"footprint_estimate","id":"s_nova_00117","in_steam":false,"in_uten":false,"name":"Unnamed pool","region":"nova","sources":["osm_overpass"],"steam_heated":false},"type":"Feature"},{"geometry":{"coordinates":[-77.213055,38.784316],"type":"Point"},"properties":{"area_m2":1482.6269988566637,"area_source":"osm","cat":"pool","demand_kwh":593050.7995426655,"demand_source":"footprint_estimate","id":"s_nova_00118","in_steam":false,"in_uten":false,"name":"Walden Glen Swim and Raquet Club","region":"nova","sources":["osm_overpass"],"steam_heated":false},"type":"Feature"},{"geometry":{"coordinates":[-77.523348,38.784337],"type":"Point"},"properties":{"area_m2":522.2062516147271,"area_source":"osm","cat":"pool","demand_kwh":208882.50064589083,"demand_source":"footprint_estimate","id":"s_nova_00119","in_steam":false,"in_uten":false,"name":"Unnamed pool","region":"nova","sources":["osm_overpass"],"steam_heated":false},"type":"Feature"},{"geometry":{"coordinates":[-77.478981,38.785291],"type":"Point"},"properties":{"area_m2":43511.766908973455,"area_source":"osm","cat":"school","demand_kwh":3432228.76189054,"demand_source":"comstock_modeled","id":"s_nova_00120","in_steam":false,"in_uten":false,"name":"Loch Lomond Elementary School","region":"nova","sources":["osm_overpass"],"steam_heated":false},"type":"Feature"},{"geometry":{"coordinates":[-77.500056,38.785343],"type":"Point"},"properties":{"area_m2":129705.40507784858,"area_source":"osm","cat":"school","demand_kwh":10231223.724197827,"demand_source":"comstock_modeled","id":"s_nova_00121","in_steam":false,"in_uten":false,"name":"Unity Braxton Middle School","region":"nova","sources":["osm_overpass"],"steam_heated":false},"type":"Feature"},{"geometry":{"coordinates":[-77.633375,38.785828],"type":"Point"},"properties":{"area_m2":441.19989875511965,"area_source":"osm","cat":"pool","demand_kwh":176479.95950204786,"demand_source":"footprint_estimate","id":"s_nova_00122","in_steam":false,"in_uten":false,"name":"Unnamed pool","region":"nova","sources":["osm_overpass"],"steam_heated":false},"type":"Feature"},{"geometry":{"coordinates":[-77.602598,38.786328],"type":"Point"},"properties":{"area_m2":464.4634113473585,"area_source":"osm","cat":"pool","demand_kwh":185785.3645389434,"demand_source":"footprint_estimate","id":"s_nova_00123","in_steam":false,"in_uten":false,"name":"Unnamed pool","region":"nova","sources":["osm_overpass"],"steam_heated":false},"type":"Feature"},{"geometry":{"coordinates":[-77.195652,38.786996],"type":"Point"},"properties":{"area_m2":45113.05574357323,"area_source":"osm","cat":"school","demand_kwh":3558539.1828326527,"demand_source":"comstock_modeled","id":"s_nova_00124","in_steam":false,"in_uten":false,"name":"Crestwood Elementary School","region":"nova","sources":["osm_overpass"],"steam_heated":false},"type":"Feature"},{"geometry":{"coordinates":[-77.605243,38.789178],"type":"Point"},"properties":{"area_m2":1352.5858846902847,"area_source":"osm","cat":"hotel","demand_kwh":132558.13178291553,"demand_source":"comstock_modeled","id":"s_nova_00125","in_steam":false,"in_uten":false,"name":"SpringHill Suites Gainesville Haymarket","region":"nova","sources":["osm_overpass"],"steam_heated":false},"type":"Feature"},{"geometry":{"coordinates":[-77.596853,38.790232],"type":"Point"},"properties":{"area_m2":null,"area_source":"none","cat":"brewery","demand_kwh":600000.0,"demand_source":"category_default","id":"s_nova_00126","in_steam":false,"in_uten":false,"name":"Tin Cannon Co.","region":"nova","sources":["osm_overpass"],"steam_heated":false},"type":"Feature"},{"geometry":{"coordinates":[-77.52719,38.791765],"type":"Point"},"properties":{"area_m2":267.9869733713567,"area_source":"osm","cat":"pool","demand_kwh":107194.78934854269,"demand_source":"footprint_estimate","id":"s_nova_00127","in_steam":false,"in_uten":false,"name":"Unnamed pool","region":"nova","sources":["osm_overpass"],"steam_heated":false},"type":"Feature"},{"geometry":{"coordinates":[-77.619504,38.792311],"type":"Point"},"properties":{"area_m2":415.1061810474639,"area_source":"osm","cat":"pool","demand_kwh":166042.47241898556,"demand_source":"footprint_estimate","id":"s_nova_00128","in_steam":false,"in_uten":false,"name":"Unnamed pool","region":"nova","sources":["osm_overpass"],"steam_heated":false},"type":"Feature"},{"geometry":{"coordinates":[-77.486664,38.793006],"type":"Point"},"properties":{"area_m2":63689.576088114176,"area_source":"osm","cat":"school","demand_kwh":5023863.897311879,"demand_source":"comstock_modeled","id":"s_nova_00129","in_steam":false,"in_uten":false,"name":"Sudley Elementary School","region":"nova","sources":["osm_overpass"],"steam_heated":false},"type":"Feature"},{"geometry":{"coordinates":[-77.639005,38.793163],"type":"Point"},"properties":{"area_m2":649.3605569964275,"area_source":"osm","cat":"pool","demand_kwh":259744.222798571,"demand_source":"footprint_estimate","id":"s_nova_00130","in_steam":false,"in_uten":false,"name":"Unnamed pool","region":"nova","sources":["osm_overpass"],"steam_heated":false},"type":"Feature"},{"geometry":{"coordinates":[-77.509972,38.793267],"type":"Point"},"properties":{"area_m2":468.6818413361907,"area_source":"osm","cat":"pool","demand_kwh":187472.73653447628,"demand_source":"footprint_estimate","id":"s_nova_00131","in_steam":false,"in_uten":false,"name":"Unnamed pool","region":"nova","sources":["osm_overpass"],"steam_heated":false},"type":"Feature"},{"geometry":{"coordinates":[-77.477486,38.79377],"type":"Point"},"properties":{"area_m2":460.74339754134417,"area_source":"osm","cat":"pool","demand_kwh":184297.35901653767,"demand_source":"footprint_estimate","id":"s_nova_00132","in_steam":false,"in_uten":false,"name":"Unnamed pool","region":"nova","sources":["osm_overpass"],"steam_heated":false},"type":"Feature"},{"geometry":{"coordinates":[-77.477746,38.794363],"type":"Point"},"properties":{"area_m2":371.2601001560324,"area_source":"osm","cat":"pool","demand_kwh":148504.04006241297,"demand_source":"footprint_estimate","id":"s_nova_00133","in_steam":false,"in_uten":false,"name":"Unnamed pool","region":"nova","sources":["osm_overpass"],"steam_heated":false},"type":"Feature"},{"geometry":{"coordinates":[-77.522142,38.794623],"type":"Point"},"properties":{"area_m2":287.48488507419825,"area_source":"osm","cat":"pool","demand_kwh":114993.9540296793,"demand_source":"footprint_estimate","id":"s_nova_00134","in_steam":false,"in_uten":false,"name":"Unnamed pool","region":"nova","sources":["osm_overpass"],"steam_heated":false},"type":"Feature"},{"geometry":{"coordinates":[-77.514058,38.795972],"type":"Point"},"properties":{"area_m2":2001.9887962304056,"area_source":"osm","cat":"hotel","demand_kwh":196201.88091745262,"demand_source":"comstock_modeled","id":"s_nova_00135","in_steam":false,"in_uten":false,"name":"Comfort Suites","region":"nova","sources":["osm_overpass"],"steam_heated":false},"type":"Feature"},{"geometry":{"coordinates":[-77.51599,38.796243],"type":"Point"},"properties":{"area_m2":1039.8152008838952,"area_source":"osm","cat":"hotel","demand_kwh":101905.51445848325,"demand_source":"comstock_modeled","id":"s_nova_00136","in_steam":false,"in_uten":false,"name":"Hampton","region":"nova","sources":["osm_overpass"],"steam_heated":false},"type":"Feature"},{"geometry":{"coordinates":[-77.606777,38.79679],"type":"Point"},"properties":{"area_m2":1487.662413069047,"area_source":"osm","cat":"hotel","demand_kwh":145796.10243770372,"demand_source":"comstock_modeled","id":"s_nova_00137","in_steam":false,"in_uten":false,"name":"Hampton","region":"nova","sources":["osm_overpass"],"steam_heated":false},"type":"Feature"},{"geometry":{"coordinates":[-77.514587,38.797089],"type":"Point"},"properties":{"area_m2":3707.82709580753,"area_source":"osm","cat":"hotel","demand_kwh":363379.9807890675,"demand_source":"comstock_modeled","id":"s_nova_00138","in_steam":false,"in_uten":false,"name":"Residence Inn Manassas Battlefield Park","region":"nova","sources":["osm_overpass"],"steam_heated":false},"type":"Feature"},{"geometry":{"coordinates":[-77.511811,38.797207],"type":"Point"},"properties":{"area_m2":348.73305272636935,"area_source":"osm","cat":"pool","demand_kwh":139493.22109054774,"demand_source":"footprint_estimate","id":"s_nova_00139","in_steam":false,"in_uten":false,"name":"Unnamed pool","region":"nova","sources":["osm_overpass"],"steam_heated":false},"type":"Feature"},{"geometry":{"coordinates":[-77.531541,38.797515],"type":"Point"},"properties":{"area_m2":1074.628222716041,"area_source":"osm","cat":"hotel","demand_kwh":105317.3119554265,"demand_source":"comstock_modeled","id":"s_nova_00140","in_steam":false,"in_uten":false,"name":"Candlewood Suites Manassas","region":"nova","sources":["osm_overpass"],"steam_heated":false},"type":"Feature"},{"geometry":{"coordinates":[-77.612915,38.797702],"type":"Point"},"properties":{"area_m2":1030.130724845454,"area_source":"osm","cat":"hotel","demand_kwh":100956.40204685542,"demand_source":"comstock_modeled","id":"s_nova_00141","in_steam":false,"in_uten":false,"name":"Extended Stay America","region":"nova","sources":["osm_overpass"],"steam_heated":false},"type":"Feature"},{"geometry":{"coordinates":[-77.516327,38.798244],"type":"Point"},"properties":{"area_m2":1209.9520296156406,"area_source":"osm","cat":"hotel","demand_kwh":118579.516767264,"demand_source":"comstock_modeled","id":"s_nova_00142","in_steam":false,"in_uten":false,"name":"Quality Inn","region":"nova","sources":["osm_overpass"],"steam_heated":false},"type":"Feature"},{"geometry":{"coordinates":[-77.636335,38.798309],"type":"Point"},"properties":{"area_m2":48005.08780060336,"area_source":"osm","cat":"school","demand_kwh":3786664.0398905994,"demand_source":"comstock_modeled","id":"s_nova_00143","in_steam":false,"in_uten":false,"name":"Buckland Mills Elementary School","region":"nova","sources":["osm_overpass"],"steam_heated":false},"type":"Feature"},{"geometry":{"coordinates":[-77.630361,38.799498],"type":"Point"},"properties":{"area_m2":320.02456108108163,"area_source":"osm","cat":"pool","demand_kwh":128009.82443243265,"demand_source":"footprint_estimate","id":"s_nova_00144","in_steam":false,"in_uten":false,"name":"Unnamed pool","region":"nova","sources":["osm_overpass"],"steam_heated":false},"type":"Feature"},{"geometry":{"coordinates":[-77.52013,38.799602],"type":"Point"},"properties":{"area_m2":3541.756889730692,"area_source":"osm","cat":"hotel","demand_kwh":347104.5216766207,"demand_source":"comstock_modeled","id":"s_nova_00145","in_steam":false,"in_uten":false,"name":"Days Inn","region":"nova","sources":["osm_overpass"],"steam_heated":false},"type":"Feature"},{"geometry":{"coordinates":[-77.515385,38.800025],"type":"Point"},"properties":{"area_m2":1635.6057839989662,"area_source":"osm","cat":"hotel","demand_kwh":160295.06851602232,"demand_source":"comstock_modeled","id":"s_nova_00146","in_steam":false,"in_uten":false,"name":"Red Roof Inn","region":"nova","sources":["osm_overpass"],"steam_heated":false},"type":"Feature"},{"geometry":{"coordinates":[-77.525708,38.800448],"type":"Point"},"properties":{"area_m2":1153.032854001969,"area_source":"osm","cat":"hotel","demand_kwh":113001.23913818784,"demand_source":"comstock_modeled","id":"s_nova_00147","in_steam":false,"in_uten":false,"name":"WoodSpring Suites Manassas Battlefield Park I-66","region":"nova","sources":["osm_overpass"],"steam_heated":false},"type":"Feature"},{"geometry":{"coordinates":[-77.509331,38.801679],"type":"Point"},"properties":{"area_m2":1889.4216818161076,"area_source":"osm","cat":"hotel","demand_kwh":185169.91129848102,"demand_source":"comstock_modeled","id":"s_nova_00148","in_steam":false,"in_uten":false,"name":"Holiday Inn Manassas - Battlefield","region":"nova","sources":["osm_overpass"],"steam_heated":false},"type":"Feature"},{"geometry":{"coordinates":[-77.478702,38.802602],"type":"Point"},"properties":{"area_m2":1651.6368612321094,"area_source":"osm","cat":"pool","demand_kwh":660654.7444928437,"demand_source":"footprint_estimate","id":"s_nova_00149","in_steam":false,"in_uten":false,"name":"Unnamed pool","region":"nova","sources":["osm_overpass"],"steam_heated":false},"type":"Feature"},{"geometry":{"coordinates":[-77.517648,38.802898],"type":"Point"},"properties":{"area_m2":3263.5830036196858,"area_source":"osm","cat":"hotel","demand_kwh":319842.5111299766,"demand_source":"comstock_modeled","id":"s_nova_00150","in_steam":false,"in_uten":false,"name":"Wyndham Gardens","region":"nova","sources":["osm_overpass"],"steam_heated":false},"type":"Feature"},{"geometry":{"coordinates":[-77.517774,38.803451],"type":"Point"},"properties":{"area_m2":2647.1713103204966,"area_source":"osm","cat":"hotel","demand_kwh":259432.01638967838,"demand_source":"comstock_modeled","id":"s_nova_00151","in_steam":false,"in_uten":false,"name":"Budget Hotels Inc","region":"nova","sources":["osm_overpass"],"steam_heated":false},"type":"Feature"},{"geometry":{"coordinates":[-77.508995,38.805138],"type":"Point"},"properties":{"area_m2":3182.9359274208546,"area_source":"osm","cat":"university","demand_kwh":288250.00105630734,"demand_source":"comstock_modeled","id":"s_nova_00152","in_steam":false,"in_uten":false,"name":"Strayer University","region":"nova","sources":["osm_overpass"],"steam_heated":false},"type":"Feature"},{"geometry":{"coordinates":[-77.515278,38.805166],"type":"Point"},"properties":{"area_m2":2105.3472334966063,"area_source":"osm","cat":"hotel","demand_kwh":206331.36807467407,"demand_source":"comstock_modeled","id":"s_nova_00153","in_steam":false,"in_uten":false,"name":"Hilton Garden Inn","region":"nova","sources":["osm_overpass"],"steam_heated":false},"type":"Feature"},{"geometry":{"coordinates":[-77.618379,38.805737],"type":"Point"},"properties":{"area_m2":38685.25756521523,"area_source":"osm","cat":"school","demand_kwh":3051511.421134514,"demand_source":"comstock_modeled","id":"s_nova_00154","in_steam":false,"in_uten":false,"name":"Pace West School","region":"nova","sources":["osm_overpass"],"steam_heated":false},"type":"Feature"},{"geometry":{"coordinates":[-77.520333,38.805738],"type":"Point"},"properties":{"area_m2":1718.2217468664167,"area_source":"osm","cat":"hotel","demand_kwh":168391.72087437782,"demand_source":"comstock_modeled","id":"s_nova_00155","in_steam":false,"in_uten":false,"name":"Holiday Inn Express & Suites Manassas","region":"nova","sources":["osm_overpass"],"steam_heated":false},"type":"Feature"},{"geometry":{"coordinates":[-77.62116,38.806027],"type":"Point"},"properties":{"area_m2":68849.79071841389,"area_source":"osm","cat":"school","demand_kwh":5430904.068966928,"demand_source":"comstock_modeled","id":"s_nova_00156","in_steam":false,"in_uten":false,"name":"George G Tyler Elementary School","region":"nova","sources":["osm_overpass"],"steam_heated":false},"type":"Feature"},{"geometry":{"coordinates":[-77.519287,38.806121],"type":"Point"},"properties":{"area_m2":1224.523807168007,"area_source":"osm","cat":"hotel","demand_kwh":120007.6017642771,"demand_source":"comstock_modeled","id":"s_nova_00157","in_steam":false,"in_uten":false,"name":"La Quinta Inn & Suites Manassas","region":"nova","sources":["osm_overpass"],"steam_heated":false},"type":"Feature"},{"geometry":{"coordinates":[-77.495607,38.806465],"type":"Point"},"properties":{"area_m2":4951.018249347806,"area_source":"osm","cat":"university","demand_kwh":448369.38227679365,"demand_source":"comstock_modeled","id":"s_nova_00158","in_steam":false,"in_uten":false,"name":"ECPI University - Medical Careers Institute","region":"nova","sources":["osm_overpass"],"steam_heated":false},"type":"Feature"},{"geometry":{"coordinates":[-77.650926,38.807017],"type":"Point"},"properties":{"area_m2":64498.28145503625,"area_source":"osm","cat":"school","demand_kwh":5087654.959303268,"demand_source":"comstock_modeled","id":"s_nova_00159","in_steam":false,"in_uten":false,"name":"Haymarket Elementary School","region":"nova","sources":["osm_overpass"],"steam_heated":false},"type":"Feature"},{"geometry":{"coordinates":[-77.51657,38.808839],"type":"Point"},"properties":{"area_m2":439831.42831156775,"area_source":"osm","cat":"university","demand_kwh":39831593.39878325,"demand_source":"comstock_modeled","id":"s_nova_00160","in_steam":false,"in_uten":false,"name":"Northern Virginia Community College - Manassas Campus","region":"nova","sources":["osm_overpass"],"steam_heated":false},"type":"Feature"},{"geometry":{"coordinates":[-77.600133,38.808972],"type":"Point"},"properties":{"area_m2":368.48694160871673,"area_source":"osm","cat":"pool","demand_kwh":147394.7766434867,"demand_source":"footprint_estimate","id":"s_nova_00161","in_steam":false,"in_uten":false,"name":"Unnamed pool","region":"nova","sources":["osm_overpass"],"steam_heated":false},"type":"Feature"},{"geometry":{"coordinates":[-77.66693,38.81126],"type":"Point"},"properties":{"area_m2":405.17214370379224,"area_source":"osm","cat":"pool","demand_kwh":162068.8574815169,"demand_source":"footprint_estimate","id":"s_nova_00162","in_steam":false,"in_uten":false,"name":"Unnamed pool","region":"nova","sources":["osm_overpass"],"steam_heated":false},"type":"Feature"},{"geometry":{"coordinates":[-77.664168,38.811492],"type":"Point"},"properties":{"area_m2":529.5829500653781,"area_source":"osm","cat":"pool","demand_kwh":211833.18002615124,"demand_source":"footprint_estimate","id":"s_nova_00163","in_steam":false,"in_uten":false,"name":"Unnamed pool","region":"nova","sources":["osm_overpass"],"steam_heated":false},"type":"Feature"},{"geometry":{"coordinates":[-77.636833,38.812004],"type":"Point"},"properties":{"area_m2":2223.5060491664335,"area_source":"osm","cat":"hotel","demand_kwh":217911.3439092294,"demand_source":"comstock_modeled","id":"s_nova_00164","in_steam":false,"in_uten":false,"name":"Hilton Garden Inn Haymarket","region":"nova","sources":["osm_overpass"],"steam_heated":false},"type":"Feature"},{"geometry":{"coordinates":[-77.667604,38.818343],"type":"Point"},"properties":{"area_m2":89409.15823796764,"area_source":"osm","cat":"brewery","demand_kwh":35763663.295187056,"demand_source":"footprint_estimate","id":"s_nova_00165","in_steam":false,"in_uten":false,"name":"The Farm Brewery at Broad Run","region":"nova","sources":["osm_overpass"],"steam_heated":false},"type":"Feature"},{"geometry":{"coordinates":[-77.607143,38.818894],"type":"Point"},"properties":{"area_m2":751.6085645870771,"area_source":"osm","cat":"pool","demand_kwh":300643.42583483085,"demand_source":"footprint_estimate","id":"s_nova_00166","in_steam":false,"in_uten":false,"name":"Unnamed pool","region":"nova","sources":["osm_overpass"],"steam_heated":false},"type":"Feature"},{"geometry":{"coordinates":[-77.641905,38.820812],"type":"Point"},"properties":{"area_m2":92338.16739944508,"area_source":"osm","cat":"hospital","demand_kwh":115422709.24930635,"demand_source":"footprint_estimate","id":"s_nova_00167","in_steam":false,"in_uten":false,"name":"Haymarket Medical Center","region":"nova","sources":["osm_overpass"],"steam_heated":false},"type":"Feature"},{"geometry":{"coordinates":[-77.605469,38.823435],"type":"Point"},"properties":{"area_m2":153159.1868497841,"area_source":"osm","cat":"school","demand_kwh":12081269.127804268,"demand_source":"comstock_modeled","id":"s_nova_00168","in_steam":false,"in_uten":false,"name":"Bull Run Middle School","region":"nova","sources":["osm_overpass"],"steam_heated":false},"type":"Feature"},{"geometry":{"coordinates":[-77.641326,38.823598],"type":"Point"},"properties":{"area_m2":288.74779486539774,"area_source":"osm","cat":"pool","demand_kwh":115499.1179461591,"demand_source":"footprint_estimate","id":"s_nova_00169","in_steam":false,"in_uten":false,"name":"Unnamed pool","region":"nova","sources":["osm_overpass"],"steam_heated":false},"type":"Feature"},{"geometry":{"coordinates":[-77.632165,38.825082],"type":"Point"},"properties":{"area_m2":409.16570179350674,"area_source":"osm","cat":"pool","demand_kwh":163666.2807174027,"demand_source":"footprint_estimate","id":"s_nova_00170","in_steam":false,"in_uten":false,"name":"Unnamed pool","region":"nova","sources":["osm_overpass"],"steam_heated":false},"type":"Feature"},{"geometry":{"coordinates":[-77.626936,38.826372],"type":"Point"},"properties":{"area_m2":363.8767560571432,"area_source":"osm","cat":"pool","demand_kwh":145550.70242285728,"demand_source":"footprint_estimate","id":"s_nova_00171","in_steam":false,"in_uten":false,"name":"Unnamed pool","region":"nova","sources":["osm_overpass"],"steam_heated":false},"type":"Feature"},{"geometry":{"coordinates":[-77.664078,38.827626],"type":"Point"},"properties":{"area_m2":1518.0348752243444,"area_source":"osm","cat":"pool","demand_kwh":607213.9500897378,"demand_source":"footprint_estimate","id":"s_nova_00172","in_steam":false,"in_uten":false,"name":"Unnamed pool","region":"nova","sources":["osm_overpass"],"steam_heated":false},"type":"Feature"},{"geometry":{"coordinates":[-77.476046,38.827726],"type":"Point"},"properties":{"area_m2":163882.0662771752,"area_source":"osm","cat":"school","demand_kwh":12927094.930694982,"demand_source":"comstock_modeled","id":"s_nova_00173","in_steam":false,"in_uten":false,"name":"Bull Run Elementary School","region":"nova","sources":["osm_overpass"],"steam_heated":false},"type":"Feature"},{"geometry":{"coordinates":[-77.480859,38.831237],"type":"Point"},"properties":{"area_m2":270.18191926926374,"area_source":"osm","cat":"pool","demand_kwh":108072.7677077055,"demand_source":"footprint_estimate","id":"s_nova_00174","in_steam":false,"in_uten":false,"name":"Unnamed pool","region":"nova","sources":["osm_overpass"],"steam_heated":false},"type":"Feature"},{"geometry":{"coordinates":[-77.485998,38.831602],"type":"Point"},"properties":{"area_m2":313.8001370280981,"area_source":"osm","cat":"pool","demand_kwh":125520.05481123924,"demand_source":"footprint_estimate","id":"s_nova_00175","in_steam":false,"in_uten":false,"name":"Unnamed pool","region":"nova","sources":["osm_overpass"],"steam_heated":false},"type":"Feature"},{"geometry":{"coordinates":[-77.48242,38.832342],"type":"Point"},"properties":{"area_m2":362.9041672796011,"area_source":"osm","cat":"pool","demand_kwh":145161.66691184044,"demand_source":"footprint_estimate","id":"s_nova_00176","in_steam":false,"in_uten":false,"name":"Unnamed pool","region":"nova","sources":["osm_overpass"],"steam_heated":false},"type":"Feature"},{"geometry":{"coordinates":[-77.628047,38.836952],"type":"Point"},"properties":{"area_m2":116274.17566308379,"area_source":"osm","cat":"school","demand_kwh":9171761.992815025,"demand_source":"comstock_modeled","id":"s_nova_00177","in_steam":false,"in_uten":false,"name":"Mountain View Elementary School","region":"nova","sources":["osm_overpass"],"steam_heated":false},"type":"Feature"},{"geometry":{"coordinates":[-77.655007,38.841382],"type":"Point"},"properties":{"area_m2":77515.35598935187,"area_source":"osm","cat":"school","demand_kwh":6114447.957753926,"demand_source":"comstock_modeled","id":"s_nova_00178","in_steam":false,"in_uten":false,"name":"Unnamed school","region":"nova","sources":["osm_overpass"],"steam_heated":false},"type":"Feature"},{"geometry":{"coordinates":[-77.628748,38.842201],"type":"Point"},"properties":{"area_m2":459.8526920331642,"area_source":"osm","cat":"pool","demand_kwh":183941.07681326568,"demand_source":"footprint_estimate","id":"s_nova_00179","in_steam":false,"in_uten":false,"name":"Unnamed pool","region":"nova","sources":["osm_overpass"],"steam_heated":false},"type":"Feature"},{"geometry":{"coordinates":[-77.631901,38.845512],"type":"Point"},"properties":{"area_m2":254351.5625383202,"area_source":"osm","cat":"school","demand_kwh":20063371.602493696,"demand_source":"comstock_modeled","id":"s_nova_00180","in_steam":false,"in_uten":false,"name":"Unnamed school","region":"nova","sources":["osm_overpass"],"steam_heated":false},"type":"Feature"},{"geometry":{"coordinates":[-77.661157,38.84573],"type":"Point"},"properties":{"area_m2":161067.22391257063,"area_source":"osm","cat":"school","demand_kwh":12705058.833098784,"demand_source":"comstock_modeled","id":"s_nova_00181","in_steam":false,"in_uten":false,"name":"Ronald Wilson Reagan Middle School","region":"nova","sources":["osm_overpass"],"steam_heated":false},"type":"Feature"},{"geometry":{"coordinates":[-77.458432,38.865074],"type":"Point"},"properties":{"area_m2":65590.8251633654,"area_source":"osm","cat":"school","demand_kwh":5173835.323966338,"demand_source":"comstock_modeled","id":"s_nova_00182","in_steam":false,"in_uten":false,"name":"Cub Run Elementary School","region":"nova","sources":["osm_overpass"],"steam_heated":false},"type":"Feature"},{"geometry":{"coordinates":[-77.447869,38.865282],"type":"Point"},"properties":{"area_m2":640.6121876668185,"area_source":"osm","cat":"pool","demand_kwh":256244.8750667274,"demand_source":"footprint_estimate","id":"s_nova_00183","in_steam":false,"in_uten":false,"name":"Unnamed pool","region":"nova","sources":["osm_overpass"],"steam_heated":false},"type":"Feature"},{"geometry":{"coordinates":[-77.438638,38.870233],"type":"Point"},"properties":{"area_m2":4931.480207864195,"area_source":"osm","cat":"office","demand_kwh":112268.39198565518,"demand_source":"comstock_modeled","id":"s_nova_00184","in_steam":false,"in_uten":false,"name":"Unnamed office","region":"nova","sources":["osm_overpass"],"steam_heated":false},"type":"Feature"},{"geometry":{"coordinates":[-77.446971,38.870796],"type":"Point"},"properties":{"area_m2":1717.9701032228768,"area_source":"osm","cat":"hotel","demand_kwh":168367.05892008697,"demand_source":"comstock_modeled","id":"s_nova_00185","in_steam":false,"in_uten":false,"name":"Hyatt Place","region":"nova","sources":["osm_overpass"],"steam_heated":false},"type":"Feature"},{"geometry":{"coordinates":[-77.218256,38.872889],"type":"Point"},"properties":{"area_m2":4103.459026498953,"area_source":"osm","cat":"office","demand_kwh":93417.94493049015,"demand_source":"comstock_modeled","id":"s_nova_00186","in_steam":false,"in_uten":false,"name":"Unnamed office","region":"nova","sources":["osm_overpass"],"steam_heated":false},"type":"Feature"},{"geometry":{"coordinates":[-77.231992,38.872973],"type":"Point"},"properties":{"area_m2":600.8346053436399,"area_source":"osm","cat":"brewery","demand_kwh":240333.84213745594,"demand_source":"footprint_estimate","id":"s_nova_00187","in_steam":false,"in_uten":false,"name":"Caboose Commons","region":"nova","sources":["osm_overpass"],"steam_heated":false},"type":"Feature"},{"geometry":{"coordinates":[-77.22501,38.873181],"type":"Point"},"properties":{"area_m2":1718.8715121038258,"area_source":"osm","cat":"hotel","demand_kwh":168455.40013271058,"demand_source":"comstock_modeled","id":"s_nova_00188","in_steam":false,"in_uten":false,"name":"Homewood Suites","region":"nova","sources":["osm_overpass"],"steam_heated":false},"type":"Feature"},{"geometry":{"coordinates":[-77.459645,38.873345],"type":"Point"},"properties":{"area_m2":3455.974435820477,"area_source":"osm","cat":"office","demand_kwh":78677.53216049846,"demand_source":"comstock_modeled","id":"s_nova_00189","in_steam":false,"in_uten":false,"name":"Unnamed office","region":"nova","sources":["osm_overpass"],"steam_heated":false},"type":"Feature"},{"geometry":{"coordinates":[-77.21021,38.873432],"type":"Point"},"properties":{"area_m2":294.26634203037247,"area_source":"osm","cat":"pool","demand_kwh":117706.53681214899,"demand_source":"footprint_estimate","id":"s_nova_00190","in_steam":false,"in_uten":false,"name":"Unnamed pool","region":"nova","sources":["osm_overpass"],"steam_heated":false},"type":"Feature"},{"geometry":{"coordinates":[-77.230314,38.873778],"type":"Point"},"properties":{"area_m2":1146.718105749227,"area_source":"osm","cat":"hotel","demand_kwh":112382.37179635203,"demand_source":"comstock_modeled","id":"s_nova_00191","in_steam":false,"in_uten":false,"name":"Archer Hotel Falls Church","region":"nova","sources":["osm_overpass"],"steam_heated":false},"type":"Feature"},{"geometry":{"coordinates":[-77.460006,38.874202],"type":"Point"},"properties":{"area_m2":3427.2332445215434,"area_source":"osm","cat":"office","demand_kwh":78023.22002806047,"demand_source":"comstock_modeled","id":"s_nova_00192","in_steam":false,"in_uten":false,"name":"Unnamed office","region":"nova","sources":["osm_overpass"],"steam_heated":false},"type":"Feature"},{"geometry":{"coordinates":[-77.45613,38.874867],"type":"Point"},"properties":{"area_m2":10321.247248525498,"area_source":"osm","cat":"hotel","demand_kwh":1011518.2099858894,"demand_source":"comstock_modeled","id":"s_nova_00193","in_steam":false,"in_uten":false,"name":"Westfields Marriott Washington Dulles","region":"nova","sources":["osm_overpass"],"steam_heated":false},"type":"Feature"},{"geometry":{"coordinates":[-77.208706,38.876184],"type":"Point"},"properties":{"area_m2":451.55211214721203,"area_source":"osm","cat":"brewery","demand_kwh":180620.8448588848,"demand_source":"footprint_estimate","id":"s_nova_00194","in_steam":false,"in_uten":false,"name":"Settle Down Easy Brewing Co.","region":"nova","sources":["osm_overpass"],"steam_heated":false},"type":"Feature"},{"geometry":{"coordinates":[-77.445811,38.87666],"type":"Point"},"properties":{"area_m2":3007.931539771147,"area_source":"osm","cat":"office","demand_kwh":68477.54080702216,"demand_source":"comstock_modeled","id":"s_nova_00195","in_steam":false,"in_uten":false,"name":"Unnamed office","region":"nova","sources":["osm_overpass"],"steam_heated":false},"type":"Feature"},{"geometry":{"coordinates":[-77.195526,38.87904],"type":"Point"},"properties":{"area_m2":269.582817372866,"area_source":"osm","cat":"pool","demand_kwh":107833.12694914639,"demand_source":"footprint_estimate","id":"s_nova_00196","in_steam":false,"in_uten":false,"name":"Unnamed pool","region":"nova","sources":["osm_overpass"],"steam_heated":false},"type":"Feature"},{"geometry":{"coordinates":[-77.419568,38.879053],"type":"Point"},"properties":{"area_m2":2916.119765730109,"area_source":"osm","cat":"pool","demand_kwh":1166447.9062920436,"demand_source":"footprint_estimate","id":"s_nova_00197","in_steam":false,"in_uten":false,"name":"Unnamed pool","region":"nova","sources":["osm_overpass"],"steam_heated":false},"type":"Feature"},{"geometry":{"coordinates":[-77.453548,38.879201],"type":"Point"},"properties":{"area_m2":4000.6310537951067,"area_source":"osm","cat":"office","demand_kwh":91076.99846816916,"demand_source":"comstock_modeled","id":"s_nova_00198","in_steam":false,"in_uten":false,"name":"General Dynamics","region":"nova","sources":["osm_overpass"],"steam_heated":false},"type":"Feature"},{"geometry":{"coordinates":[-77.490269,38.879592],"type":"Point"},"properties":{"area_m2":277.2830589823425,"area_source":"osm","cat":"greenhouse","demand_kwh":97049.07064381987,"demand_source":"footprint_estimate","id":"s_nova_00199","in_steam":false,"in_uten":false,"name":"Unnamed greenhouse","region":"nova","sources":["osm_overpass"],"steam_heated":false},"type":"Feature"},{"geometry":{"coordinates":[-77.197916,38.879756],"type":"Point"},"properties":{"area_m2":40952.724182691425,"area_source":"osm","cat":"school","demand_kwh":3230370.2607998704,"demand_source":"comstock_modeled","id":"s_nova_00200","in_steam":false,"in_uten":false,"name":"Timber Lane Elementary School","region":"nova","sources":["osm_overpass"],"steam_heated":false},"type":"Feature"},{"geometry":{"coordinates":[-77.490785,38.879926],"type":"Point"},"properties":{"area_m2":188.04612445272505,"area_source":"osm","cat":"greenhouse","demand_kwh":65816.14355845377,"demand_source":"footprint_estimate","id":"s_nova_00201","in_steam":false,"in_uten":false,"name":"Unnamed greenhouse","region":"nova","sources":["osm_overpass"],"steam_heated":false},"type":"Feature"},{"geometry":{"coordinates":[-77.462383,38.879954],"type":"Point"},"properties":{"area_m2":4599.336521528196,"area_source":"osm","cat":"office","demand_kwh":104706.92240626489,"demand_source":"comstock_modeled","id":"s_nova_00202","in_steam":false,"in_uten":false,"name":"Unnamed office","region":"nova","sources":["osm_overpass"],"steam_heated":false},"type":"Feature"},{"geometry":{"coordinates":[-77.489977,38.880162],"type":"Point"},"properties":{"area_m2":426.3678286187351,"area_source":"osm","cat":"greenhouse","demand_kwh":149228.74001655728,"demand_source":"footprint_estimate","id":"s_nova_00203","in_steam":false,"in_uten":false,"name":"Unnamed greenhouse","region":"nova","sources":["osm_overpass"],"steam_heated":false},"type":"Feature"},{"geometry":{"coordinates":[-77.228259,38.880253],"type":"Point"},"properties":{"area_m2":1265.7207355198916,"area_source":"osm","cat":"hotel","demand_kwh":124045.044354306,"demand_source":"comstock_modeled","id":"s_nova_00204","in_steam":false,"in_uten":false,"name":"Courtyard Dunn Loring Fairfax","region":"nova","sources":["osm_overpass"],"steam_heated":false},"type":"Feature"},{"geometry":{"coordinates":[-77.489658,38.880569],"type":"Point"},"properties":{"area_m2":418.1814206466079,"area_source":"osm","cat":"greenhouse","demand_kwh":146363.49722631276,"demand_source":"footprint_estimate","id":"s_nova_00205","in_steam":false,"in_uten":false,"name":"Unnamed greenhouse","region":"nova","sources":["osm_overpass"],"steam_heated":false},"type":"Feature"},{"geometry":{"coordinates":[-77.490245,38.8807],"type":"Point"},"properties":{"area_m2":264.29829920083284,"area_source":"osm","cat":"greenhouse","demand_kwh":92504.4047202915,"demand_source":"footprint_estimate","id":"s_nova_00206","in_steam":false,"in_uten":false,"name":"Unnamed greenhouse","region":"nova","sources":["osm_overpass"],"steam_heated":false},"type":"Feature"},{"geometry":{"coordinates":[-77.45143,38.88089],"type":"Point"},"properties":{"area_m2":4065.382744602859,"area_source":"osm","cat":"office","demand_kwh":92551.11331785383,"demand_source":"comstock_modeled","id":"s_nova_00207","in_steam":false,"in_uten":false,"name":"Unnamed office","region":"nova","sources":["osm_overpass"],"steam_heated":false},"type":"Feature"},{"geometry":{"coordinates":[-77.450996,38.881391],"type":"Point"},"properties":{"area_m2":3735.58351293765,"area_source":"osm","cat":"office","demand_kwh":85043.01679176163,"demand_source":"comstock_modeled","id":"s_nova_00208","in_steam":false,"in_uten":false,"name":"Unnamed office","region":"nova","sources":["osm_overpass"],"steam_heated":false},"type":"Feature"},{"geometry":{"coordinates":[-77.459583,38.882014],"type":"Point"},"properties":{"area_m2":5305.736897194758,"area_source":"osm","cat":"office","demand_kwh":120788.59178976525,"demand_source":"comstock_modeled","id":"s_nova_00209","in_steam":false,"in_uten":false,"name":"Unnamed office","region":"nova","sources":["osm_overpass"],"steam_heated":false},"type":"Feature"},{"geometry":{"coordinates":[-77.450814,38.882278],"type":"Point"},"properties":{"area_m2":3054.9118607917335,"area_source":"osm","cat":"office","demand_kwh":69547.07872943743,"demand_source":"comstock_modeled","id":"s_nova_00210","in_steam":false,"in_uten":false,"name":"Unnamed office","region":"nova","sources":["osm_overpass"],"steam_heated":false},"type":"Feature"},{"geometry":{"coordinates":[-77.419271,38.882409],"type":"Point"},"properties":{"area_m2":52978.03421847336,"area_source":"osm","cat":"school","demand_kwh":4178932.4063410074,"demand_source":"comstock_modeled","id":"s_nova_00211","in_steam":false,"in_uten":false,"name":"Brookfield Elementary School","region":"nova","sources":["osm_overpass"],"steam_heated":false},"type":"Feature"},{"geometry":{"coordinates":[-77.22658,38.882969],"type":"Point"},"properties":{"area_m2":6396.485791550949,"area_source":"osm","cat":"office","demand_kwh":145620.20811344433,"demand_source":"comstock_modeled","id":"s_nova_00212","in_steam":false,"in_uten":false,"name":"Unnamed office","region":"nova","sources":["osm_overpass"],"steam_heated":false},"type":"Feature"},{"geometry":{"coordinates":[-77.459996,38.883196],"type":"Point"},"properties":{"area_m2":7689.75148295355,"area_source":"osm","cat":"office","demand_kwh":175062.2525836723,"demand_source":"comstock_modeled","id":"s_nova_00213","in_steam":false,"in_uten":false,"name":"Unnamed office","region":"nova","sources":["osm_overpass"],"steam_heated":false},"type":"Feature"},{"geometry":{"coordinates":[-77.450737,38.883277],"type":"Point"},"properties":{"area_m2":3460.5959155224264,"area_source":"osm","cat":"office","demand_kwh":78782.74318697785,"demand_source":"comstock_modeled","id":"s_nova_00214","in_steam":false,"in_uten":false,"name":"Unnamed office","region":"nova","sources":["osm_overpass"],"steam_heated":false},"type":"Feature"},{"geometry":{"coordinates":[-77.444745,38.883282],"type":"Point"},"properties":{"area_m2":null,"area_source":"none","cat":"brewery","demand_kwh":600000.0,"demand_source":"category_default","id":"s_nova_00215","in_steam":false,"in_uten":false,"name":"Ono Brewing Co.","region":"nova","sources":["osm_overpass"],"steam_heated":false},"type":"Feature"},{"geometry":{"coordinates":[-77.447524,38.883526],"type":"Point"},"properties":{"area_m2":1307.513586230576,"area_source":"osm","cat":"hotel","demand_kwh":128140.88941286888,"demand_source":"comstock_modeled","id":"s_nova_00216","in_steam":false,"in_uten":false,"name":"MainStay Suites","region":"nova","sources":["osm_overpass"],"steam_heated":false},"type":"Feature"},{"geometry":{"coordinates":[-77.246086,38.883977],"type":"Point"},"properties":{"area_m2":43039.2280446887,"area_source":"osm","cat":"school","demand_kwh":3394954.672688367,"demand_source":"comstock_modeled","id":"s_nova_00217","in_steam":false,"in_uten":false,"name":"Cedar Lane School","region":"nova","sources":["osm_overpass"],"steam_heated":false},"type":"Feature"},{"geometry":{"coordinates":[-77.421511,38.884052],"type":"Point"},"properties":{"area_m2":1290.9195754891261,"area_source":"osm","cat":"pool","demand_kwh":516367.83019565046,"demand_source":"footprint_estimate","id":"s_nova_00218","in_steam":false,"in_uten":false,"name":"Unnamed pool","region":"nova","sources":["osm_overpass"],"steam_heated":false},"type":"Feature"},{"geometry":{"coordinates":[-77.229441,38.884501],"type":"Point"},"properties":{"area_m2":40803.931902474724,"area_source":"osm","cat":"school","demand_kwh":3218633.455333538,"demand_source":"comstock_modeled","id":"s_nova_00219","in_steam":false,"in_uten":false,"name":"Stenwood Elementary School","region":"nova","sources":["osm_overpass"],"steam_heated":false},"type":"Feature"},{"geometry":{"coordinates":[-77.234819,38.885339],"type":"Point"},"properties":{"area_m2":425.08577447384596,"area_source":"osm","cat":"pool","demand_kwh":170034.30978953838,"demand_source":"footprint_estimate","id":"s_nova_00220","in_steam":false,"in_uten":false,"name":"Unnamed pool","region":"nova","sources":["osm_overpass"],"steam_heated":false},"type":"Feature"},{"geometry":{"coordinates":[-77.466566,38.886307],"type":"Point"},"properties":{"area_m2":305097.829350814,"area_source":"osm","cat":"school","demand_kwh":24066261.139863707,"demand_source":"comstock_modeled","id":"s_nova_00221","in_steam":false,"in_uten":false,"name":"Westfield High School","region":"nova","sources":["osm_overpass"],"steam_heated":false},"type":"Feature"},{"geometry":{"coordinates":[-77.443229,38.886934],"type":"Point"},"properties":{"area_m2":2580.9847445664927,"area_source":"osm","cat":"hotel","demand_kwh":252945.50222094092,"demand_source":"comstock_modeled","id":"s_nova_00222","in_steam":false,"in_uten":false,"name":"Holiday Inn Chantilly-Dulles Expo (Airport)","region":"nova","sources":["osm_overpass"],"steam_heated":false},"type":"Feature"},{"geometry":{"coordinates":[-77.205627,38.888474],"type":"Point"},"properties":{"area_m2":49831.353418946266,"area_source":"osm","cat":"school","demand_kwh":3930720.735984815,"demand_source":"comstock_modeled","id":"s_nova_00223","in_steam":false,"in_uten":false,"name":"Shrevewood Elementary School","region":"nova","sources":["osm_overpass"],"steam_heated":false},"type":"Feature"},{"geometry":{"coordinates":[-77.239574,38.888565],"type":"Point"},"properties":{"area_m2":79280.97702592611,"area_source":"osm","cat":"school","demand_kwh":6253720.980543523,"demand_source":"comstock_modeled","id":"s_nova_00224","in_steam":false,"in_uten":false,"name":"Thoreau Middle School","region":"nova","sources":["osm_overpass"],"steam_heated":false},"type":"Feature"},{"geometry":{"coordinates":[-77.403921,38.88981],"type":"Point"},"properties":{"area_m2":398.43640328058973,"area_source":"osm","cat":"pool","demand_kwh":159374.5613122359,"demand_source":"footprint_estimate","id":"s_nova_00225","in_steam":false,"in_uten":false,"name":"Unnamed pool","region":"nova","sources":["osm_overpass"],"steam_heated":false},"type":"Feature"},{"geometry":{"coordinates":[-77.250149,38.892289],"type":"Point"},"properties":{"area_m2":38385.43646558188,"area_source":"osm","cat":"school","demand_kwh":3027861.3909315113,"demand_source":"comstock_modeled","id":"s_nova_00226","in_steam":false,"in_uten":false,"name":"Cunningham Park Elementary School","region":"nova","sources":["osm_overpass"],"steam_heated":false},"type":"Feature"},{"geometry":{"coordinates":[-77.437732,38.892356],"type":"Point"},"properties":{"area_m2":null,"area_source":"none","cat":"brewery","demand_kwh":600000.0,"demand_source":"category_default","id":"s_nova_00227","in_steam":false,"in_uten":false,"name":"Mustang Sally Brewing Company","region":"nova","sources":["osm_overpass"],"steam_heated":false},"type":"Feature"},{"geometry":{"coordinates":[-77.465753,38.894122],"type":"Point"},"properties":{"area_m2":6218.522161498666,"area_source":"osm","cat":"wwtp","demand_kwh":621852.2161498666,"demand_source":"footprint_estimate","id":"s_nova_00228","in_steam":false,"in_uten":false,"name":"Unnamed wwtp","region":"nova","sources":["osm_overpass"],"steam_heated":false},"type":"Feature"},{"geometry":{"coordinates":[-77.266265,38.894635],"type":"Point"},"properties":{"area_m2":20253.558286607265,"area_source":"osm","cat":"school","demand_kwh":1597610.260859893,"demand_source":"comstock_modeled","id":"s_nova_00229","in_steam":false,"in_uten":false,"name":"Vienna Adventist Academy","region":"nova","sources":["osm_overpass"],"steam_heated":false},"type":"Feature"},{"geometry":{"coordinates":[-77.517523,38.895831],"type":"Point"},"properties":{"area_m2":70849.40416195593,"area_source":"osm","cat":"school","demand_kwh":5588634.5235344395,"demand_source":"comstock_modeled","id":"s_nova_00230","in_steam":false,"in_uten":false,"name":"Cardinal Ridge Elementary School","region":"nova","sources":["osm_overpass"],"steam_heated":false},"type":"Feature"},{"geometry":{"coordinates":[-77.226952,38.896145],"type":"Point"},"properties":{"area_m2":39177.05082917772,"area_source":"osm","cat":"school","demand_kwh":3090304.306493715,"demand_source":"comstock_modeled","id":"s_nova_00231","in_steam":false,"in_uten":false,"name":"Dunn Loring Center","region":"nova","sources":["osm_overpass"],"steam_heated":false},"type":"Feature"},{"geometry":{"coordinates":[-77.431948,38.896187],"type":"Point"},"properties":{"area_m2":4969.446191886207,"area_source":"osm","cat":"hotel","demand_kwh":487023.0501799138,"demand_source":"comstock_modeled","id":"s_nova_00232","in_steam":false,"in_uten":false,"name":"Courtyard Dulles Airport Chantilly","region":"nova","sources":["osm_overpass"],"steam_heated":false},"type":"Feature"},{"geometry":{"coordinates":[-77.427579,38.896722],"type":"Point"},"properties":{"area_m2":1654.886914651841,"area_source":"osm","cat":"hotel","demand_kwh":162184.6865335818,"demand_source":"comstock_modeled","id":"s_nova_00233","in_steam":false,"in_uten":false,"name":"Comfort Suites Dulles Airport","region":"nova","sources":["osm_overpass"],"steam_heated":false},"type":"Feature"},{"geometry":{"coordinates":[-77.432997,38.897082],"type":"Point"},"properties":{"area_m2":1828.6836987677962,"area_source":"osm","cat":"hotel","demand_kwh":179217.37722853533,"demand_source":"comstock_modeled","id":"s_nova_00234","in_steam":false,"in_uten":false,"name":"Wingate by Wyndham Chantilly / Dulles Airport","region":"nova","sources":["osm_overpass"],"steam_heated":false},"type":"Feature"},{"geometry":{"coordinates":[-77.522259,38.897102],"type":"Point"},"properties":{"area_m2":142853.78456887417,"area_source":"osm","cat":"school","demand_kwh":11268374.119762272,"demand_source":"comstock_modeled","id":"s_nova_00235","in_steam":false,"in_uten":false,"name":"J. Michael Lunsford Middle School","region":"nova","sources":["osm_overpass"],"steam_heated":false},"type":"Feature"},{"geometry":{"coordinates":[-77.180635,38.897282],"type":"Point"},"properties":{"area_m2":19376.881579282228,"area_source":"osm","cat":"school","demand_kwh":1528457.587376069,"demand_source":"comstock_modeled","id":"s_nova_00236","in_steam":false,"in_uten":false,"name":"Unnamed school","region":"nova","sources":["osm_overpass"],"steam_heated":false},"type":"Feature"},{"geometry":{"coordinates":[-77.499644,38.897306],"type":"Point"},"properties":{"area_m2":780.856599817751,"area_source":"osm","cat":"pool","demand_kwh":312342.6399271004,"demand_source":"footprint_estimate","id":"s_nova_00237","in_steam":false,"in_uten":false,"name":"Hyland Hills Pool","region":"nova","sources":["osm_overpass"],"steam_heated":false},"type":"Feature"},{"geometry":{"coordinates":[-77.434726,38.897494],"type":"Point"},"properties":{"area_m2":953.1599854899105,"area_source":"osm","cat":"hotel","demand_kwh":93413.00127178604,"demand_source":"comstock_modeled","id":"s_nova_00238","in_steam":false,"in_uten":false,"name":"TownePlace Suites Chantilly Dulles South","region":"nova","sources":["osm_overpass"],"steam_heated":false},"type":"Feature"},{"geometry":{"coordinates":[-77.435795,38.897769],"type":"Point"},"properties":{"area_m2":1394.839525591,"area_source":"osm","cat":"hotel","demand_kwh":136699.13588640545,"demand_source":"comstock_modeled","id":"s_nova_00239","in_steam":false,"in_uten":false,"name":"Fairfield Inn & Suites Dulles Airport Chantilly","region":"nova","sources":["osm_overpass"],"steam_heated":false},"type":"Feature"},{"geometry":{"coordinates":[-77.205814,38.898107],"type":"Point"},"properties":{"area_m2":436.8083736412227,"area_source":"osm","cat":"pool","demand_kwh":174723.3494564891,"demand_source":"footprint_estimate","id":"s_nova_00240","in_steam":false,"in_uten":false,"name":"Unnamed pool","region":"nova","sources":["osm_overpass"],"steam_heated":false},"type":"Feature"},{"geometry":{"coordinates":[-77.182232,38.898442],"type":"Point"},"properties":{"area_m2":584.6573187299073,"area_source":"osm","cat":"pool","demand_kwh":233862.9274919629,"demand_source":"footprint_estimate","id":"s_nova_00241","in_steam":false,"in_uten":false,"name":"High Point Pool","region":"nova","sources":["osm_overpass"],"steam_heated":false},"type":"Feature"},{"geometry":{"coordinates":[-77.44501,38.898528],"type":"Point"},"properties":{"area_m2":1598.015354955336,"area_source":"osm","cat":"hotel","demand_kwh":156611.07543037596,"demand_source":"comstock_modeled","id":"s_nova_00242","in_steam":false,"in_uten":false,"name":"Residence Inn Chantilly Dulles South","region":"nova","sources":["osm_overpass"],"steam_heated":false},"type":"Feature"},{"geometry":{"coordinates":[-77.431354,38.898814],"type":"Point"},"properties":{"area_m2":2981.9968219473376,"area_source":"osm","cat":"hotel","demand_kwh":292246.08372313716,"demand_source":"comstock_modeled","id":"s_nova_00243","in_steam":false,"in_uten":false,"name":"Staybridge Suites Chantilly Dulles Airport","region":"nova","sources":["osm_overpass"],"steam_heated":false},"type":"Feature"},{"geometry":{"coordinates":[-77.471189,38.899086],"type":"Point"},"properties":{"area_m2":465.4616763954982,"area_source":"osm","cat":"pool","demand_kwh":186184.6705581993,"demand_source":"footprint_estimate","id":"s_nova_00244","in_steam":false,"in_uten":false,"name":"Pleasant Valley Pool","region":"nova","sources":["osm_overpass"],"steam_heated":false},"type":"Feature"},{"geometry":{"coordinates":[-77.499358,38.899163],"type":"Point"},"properties":{"area_m2":67650.85979493632,"area_source":"osm","cat":"school","demand_kwh":5336331.830434572,"demand_source":"comstock_modeled","id":"s_nova_00245","in_steam":false,"in_uten":false,"name":"Little River Elementary School","region":"nova","sources":["osm_overpass"],"steam_heated":false},"type":"Feature"},{"geometry":{"coordinates":[-77.409669,38.899241],"type":"Point"},"properties":{"area_m2":547.436714971438,"area_source":"osm","cat":"pool","demand_kwh":218974.68598857522,"demand_source":"footprint_estimate","id":"s_nova_00246","in_steam":false,"in_uten":false,"name":"Unnamed pool","region":"nova","sources":["osm_overpass"],"steam_heated":false},"type":"Feature"},{"geometry":{"coordinates":[-77.205065,38.900288],"type":"Point"},"properties":{"area_m2":316.6764361355454,"area_source":"osm","cat":"pool","demand_kwh":126670.57445421815,"demand_source":"footprint_estimate","id":"s_nova_00247","in_steam":false,"in_uten":false,"name":"Unnamed pool","region":"nova","sources":["osm_overpass"],"steam_heated":false},"type":"Feature"},{"geometry":{"coordinates":[-77.210873,38.900432],"type":"Point"},"properties":{"area_m2":308.96662876755,"area_source":"osm","cat":"pool","demand_kwh":123586.65150702,"demand_source":"footprint_estimate","id":"s_nova_00248","in_steam":false,"in_uten":false,"name":"Unnamed pool","region":"nova","sources":["osm_overpass"],"steam_heated":false},"type":"Feature"},{"geometry":{"coordinates":[-77.214244,38.900754],"type":"Point"},"properties":{"area_m2":661.3487875536084,"area_source":"osm","cat":"pool","demand_kwh":264539.51502144337,"demand_source":"footprint_estimate","id":"s_nova_00249","in_steam":false,"in_uten":false,"name":"Unnamed pool","region":"nova","sources":["osm_overpass"],"steam_heated":false},"type":"Feature"},{"geometry":{"coordinates":[-77.263235,38.901143],"type":"Point"},"properties":{"area_m2":21892.802777417004,"area_source":"osm","cat":"school","demand_kwh":1726914.6419230183,"demand_source":"comstock_modeled","id":"s_nova_00250","in_steam":false,"in_uten":false,"name":"Vienna Elementary School","region":"nova","sources":["osm_overpass"],"steam_heated":false},"type":"Feature"},{"geometry":{"coordinates":[-77.208221,38.901245],"type":"Point"},"properties":{"area_m2":322.1194671243429,"area_source":"osm","cat":"pool","demand_kwh":128847.78684973717,"demand_source":"footprint_estimate","id":"s_nova_00251","in_steam":false,"in_uten":false,"name":"Unnamed pool","region":"nova","sources":["osm_overpass"],"steam_heated":false},"type":"Feature"},{"geometry":{"coordinates":[-77.454638,38.902382],"type":"Point"},"properties":{"area_m2":805.3584096431732,"area_source":"osm","cat":"hotel","demand_kwh":78927.93160591368,"demand_source":"comstock_modeled","id":"s_nova_00252","in_steam":false,"in_uten":false,"name":"Hampton Inn","region":"nova","sources":["osm_overpass"],"steam_heated":false},"type":"Feature"},{"geometry":{"coordinates":[-77.173426,38.904147],"type":"Point"},"properties":{"area_m2":40544.090970516205,"area_source":"osm","cat":"school","demand_kwh":3198137.0796738183,"demand_source":"comstock_modeled","id":"s_nova_00253","in_steam":false,"in_uten":false,"name":"Haycock Elementary School","region":"nova","sources":["osm_overpass"],"steam_heated":false},"type":"Feature"},{"geometry":{"coordinates":[-77.513903,38.904281],"type":"Point"},"properties":{"area_m2":399.2031724329572,"area_source":"osm","cat":"pool","demand_kwh":159681.2689731829,"demand_source":"footprint_estimate","id":"s_nova_00254","in_steam":false,"in_uten":false,"name":"Unnamed pool","region":"nova","sources":["osm_overpass"],"steam_heated":false},"type":"Feature"},{"geometry":{"coordinates":[-77.418568,38.904468],"type":"Point"},"properties":{"area_m2":23136.345001740847,"area_source":"osm","cat":"school","demand_kwh":1825005.8409744964,"demand_source":"comstock_modeled","id":"s_nova_00255","in_steam":false,"in_uten":false,"name":"Montessori School of Fairfax","region":"nova","sources":["osm_overpass"],"steam_heated":false},"type":"Feature"},{"geometry":{"coordinates":[-77.196286,38.904581],"type":"Point"},"properties":{"area_m2":47481.21662994847,"area_source":"osm","cat":"school","demand_kwh":3745340.834073458,"demand_source":"comstock_modeled","id":"s_nova_00256","in_steam":false,"in_uten":false,"name":"Lemon Road Elementary School","region":"nova","sources":["osm_overpass"],"steam_heated":false},"type":"Feature"},{"geometry":{"coordinates":[-77.22485,38.904681],"type":"Point"},"properties":{"area_m2":94555.1591267963,"area_source":"osm","cat":"school","demand_kwh":7458555.691821331,"demand_source":"comstock_modeled","id":"s_nova_00257","in_steam":false,"in_uten":false,"name":"Kilmer Middle School","region":"nova","sources":["osm_overpass"],"steam_heated":false},"type":"Feature"},{"geometry":{"coordinates":[-77.213095,38.90496],"type":"Point"},"properties":{"area_m2":184926.31438101374,"area_source":"osm","cat":"school","demand_kwh":14587075.17846238,"demand_source":"comstock_modeled","id":"s_nova_00258","in_steam":false,"in_uten":false,"name":"George C. Marshall High School","region":"nova","sources":["osm_overpass"],"steam_heated":false},"type":"Feature"},{"geometry":{"coordinates":[-77.20374,38.90622],"type":"Point"},"properties":{"area_m2":331.55852565169334,"area_source":"osm","cat":"pool","demand_kwh":132623.41026067734,"demand_source":"footprint_estimate","id":"s_nova_00259","in_steam":false,"in_uten":false,"name":"Unnamed pool","region":"nova","sources":["osm_overpass"],"steam_heated":false},"type":"Feature"},{"geometry":{"coordinates":[-77.471539,38.906314],"type":"Point"},"properties":{"area_m2":5264.47733232379,"area_source":"osm","cat":"office","demand_kwh":119849.29064551559,"demand_source":"comstock_modeled","id":"s_nova_00260","in_steam":false,"in_uten":false,"name":"Unnamed office","region":"nova","sources":["osm_overpass"],"steam_heated":false},"type":"Feature"},{"geometry":{"coordinates":[-77.216055,38.906591],"type":"Point"},"properties":{"area_m2":4707.950509626884,"area_source":"osm","cat":"office","demand_kwh":107179.59131641143,"demand_source":"comstock_modeled","id":"s_nova_00261","in_steam":false,"in_uten":false,"name":"Unnamed office","region":"nova","sources":["osm_overpass"],"steam_heated":false},"type":"Feature"},{"geometry":{"coordinates":[-77.214453,38.9074],"type":"Point"},"properties":{"area_m2":1742.7082326710224,"area_source":"osm","cat":"university","demand_kwh":157821.4772030621,"demand_source":"comstock_modeled","id":"s_nova_00262","in_steam":false,"in_uten":false,"name":"Stratford University","region":"nova","sources":["osm_overpass"],"steam_heated":false},"type":"Feature"},{"geometry":{"coordinates":[-77.420719,38.907454],"type":"Point"},"properties":{"area_m2":133921.46985848993,"area_source":"osm","cat":"school","demand_kwh":10563788.908976078,"demand_source":"comstock_modeled","id":"s_nova_00263","in_steam":false,"in_uten":false,"name":"Franklin Middle School","region":"nova","sources":["osm_overpass"],"steam_heated":false},"type":"Feature"},{"geometry":{"coordinates":[-77.388356,38.907459],"type":"Point"},"properties":{"area_m2":449.2663313699886,"area_source":"osm","cat":"pool","demand_kwh":179706.53254799545,"demand_source":"footprint_estimate","id":"s_nova_00264","in_steam":false,"in_uten":false,"name":"Still Pond Pool","region":"nova","sources":["osm_overpass"],"steam_heated":false},"type":"Feature"},{"geometry":{"coordinates":[-77.270554,38.907753],"type":"Point"},"properties":{"area_m2":null,"area_source":"none","cat":"brewery","demand_kwh":600000.0,"demand_source":"category_default","id":"s_nova_00265","in_steam":false,"in_uten":false,"name":"Caboose Brewing Company","region":"nova","sources":["osm_overpass"],"steam_heated":false},"type":"Feature"},{"geometry":{"coordinates":[-77.215951,38.908073],"type":"Point"},"properties":{"area_m2":4259.467296348419,"area_source":"osm","cat":"hotel","demand_kwh":417442.6434471191,"demand_source":"comstock_modeled","id":"s_nova_00266","in_steam":false,"in_uten":false,"name":"The Westin Tysons Corner","region":"nova","sources":["osm_overpass"],"steam_heated":false},"type":"Feature"},{"geometry":{"coordinates":[-77.414195,38.909612],"type":"Point"},"properties":{"area_m2":511.0213307859376,"area_source":"osm","cat":"pool","demand_kwh":204408.53231437504,"demand_source":"footprint_estimate","id":"s_nova_00267","in_steam":false,"in_uten":false,"name":"Dairy Lou Pool","region":"nova","sources":["osm_overpass"],"steam_heated":false},"type":"Feature"},{"geometry":{"coordinates":[-77.174711,38.909664],"type":"Point"},"properties":{"area_m2":71242.76462919451,"area_source":"osm","cat":"school","demand_kwh":5619662.983313409,"demand_source":"comstock_modeled","id":"s_nova_00268","in_steam":false,"in_uten":false,"name":"Longfellow Middle School","region":"nova","sources":["osm_overpass"],"steam_heated":false},"type":"Feature"},{"geometry":{"coordinates":[-77.229691,38.91069],"type":"Point"},"properties":{"area_m2":42935.9365147613,"area_source":"osm","cat":"school","demand_kwh":3386806.9879340758,"demand_source":"comstock_modeled","id":"s_nova_00269","in_steam":false,"in_uten":false,"name":"Freedom Hill Elementary School","region":"nova","sources":["osm_overpass"],"steam_heated":false},"type":"Feature"},{"geometry":{"coordinates":[-77.481161,38.911168],"type":"Point"},"properties":{"area_m2":365.20354488119483,"area_source":"osm","cat":"pool","demand_kwh":146081.41795247793,"demand_source":"footprint_estimate","id":"s_nova_00270","in_steam":false,"in_uten":false,"name":"Unnamed pool","region":"nova","sources":["osm_overpass"],"steam_heated":false},"type":"Feature"},{"geometry":{"coordinates":[-77.255694,38.911332],"type":"Point"},"properties":{"area_m2":2581.0099949240685,"area_source":"osm","cat":"pool","demand_kwh":1032403.9979696274,"demand_source":"footprint_estimate","id":"s_nova_00271","in_steam":false,"in_uten":false,"name":"Westwood Country Club Swim Facility","region":"nova","sources":["osm_overpass"],"steam_heated":false},"type":"Feature"},{"geometry":{"coordinates":[-77.55827,38.911464],"type":"Point"},"properties":{"area_m2":568.6743655945174,"area_source":"osm","cat":"pool","demand_kwh":227469.74623780698,"demand_source":"footprint_estimate","id":"s_nova_00272","in_steam":false,"in_uten":false,"name":"Community Pool","region":"nova","sources":["osm_overpass"],"steam_heated":false},"type":"Feature"},{"geometry":{"coordinates":[-77.226037,38.91181],"type":"Point"},"properties":{"area_m2":3318.035102040507,"area_source":"osm","cat":"office","demand_kwh":75537.25245900964,"demand_source":"comstock_modeled","id":"s_nova_00273","in_steam":false,"in_uten":false,"name":"Unnamed office","region":"nova","sources":["osm_overpass"],"steam_heated":false},"type":"Feature"},{"geometry":{"coordinates":[-77.228385,38.911823],"type":"Point"},"properties":{"area_m2":1681.4811039343476,"area_source":"osm","cat":"hotel","demand_kwh":164791.00978999928,"demand_source":"comstock_modeled","id":"s_nova_00274","in_steam":false,"in_uten":false,"name":"Extended Stay America","region":"nova","sources":["osm_overpass"],"steam_heated":false},"type":"Feature"},{"geometry":{"coordinates":[-77.424617,38.912186],"type":"Point"},"properties":{"area_m2":5444.142250396311,"area_source":"osm","cat":"office","demand_kwh":123939.48073004039,"demand_source":"comstock_modeled","id":"s_nova_00275","in_steam":false,"in_uten":false,"name":"Unnamed office","region":"nova","sources":["osm_overpass"],"steam_heated":false},"type":"Feature"},{"geometry":{"coordinates":[-77.538942,38.912319],"type":"Point"},"properties":{"area_m2":56668.46171583823,"area_source":"osm","cat":"school","demand_kwh":4470035.07350287,"demand_source":"comstock_modeled","id":"s_nova_00276","in_steam":false,"in_uten":false,"name":"Liberty Elementary School","region":"nova","sources":["osm_overpass"],"steam_heated":false},"type":"Feature"},{"geometry":{"coordinates":[-77.453423,38.912552],"type":"Point"},"properties":{"area_m2":373076.7134105675,"area_source":"osm","cat":"school","demand_kwh":29428467.67951565,"demand_source":"comstock_modeled","id":"s_nova_00277","in_steam":false,"in_uten":false,"name":"Fairfax County Police Driver Training Facility","region":"nova","sources":["osm_overpass"],"steam_heated":false},"type":"Feature"},{"geometry":{"coordinates":[-77.40849,38.912935],"type":"Point"},"properties":{"area_m2":48226.829140468035,"area_source":"osm","cat":"school","demand_kwh":3804155.101698681,"demand_source":"comstock_modeled","id":"s_nova_00278","in_steam":false,"in_uten":false,"name":"Oak Hill Elementary School","region":"nova","sources":["osm_overpass"],"steam_heated":false},"type":"Feature"},{"geometry":{"coordinates":[-77.495502,38.913162],"type":"Point"},"properties":{"area_m2":307.8963505830616,"area_source":"osm","cat":"pool","demand_kwh":123158.54023322463,"demand_source":"footprint_estimate","id":"s_nova_00279","in_steam":false,"in_uten":false,"name":"Unnamed pool","region":"nova","sources":["osm_overpass"],"steam_heated":false},"type":"Feature"},{"geometry":{"coordinates":[-77.522653,38.913201],"type":"Point"},"properties":{"area_m2":79576.68901516777,"area_source":"osm","cat":"school","demand_kwh":6277046.882174554,"demand_source":"comstock_modeled","id":"s_nova_00280","in_steam":false,"in_uten":false,"name":"Hutchinson Farm Elementary School","region":"nova","sources":["osm_overpass"],"steam_heated":false},"type":"Feature"},{"geometry":{"coordinates":[-77.422703,38.913235],"type":"Point"},"properties":{"area_m2":5250.654665533453,"area_source":"osm","cat":"office","demand_kwh":119534.6085403274,"demand_source":"comstock_modeled","id":"s_nova_00281","in_steam":false,"in_uten":false,"name":"Dulles Discovery 3","region":"nova","sources":["osm_overpass"],"steam_heated":false},"type":"Feature"},{"geometry":{"coordinates":[-77.423773,38.913269],"type":"Point"},"properties":{"area_m2":7101.708769354969,"area_source":"osm","cat":"office","demand_kwh":161675.07325984281,"demand_source":"comstock_modeled","id":"s_nova_00282","in_steam":false,"in_uten":false,"name":"Unnamed office","region":"nova","sources":["osm_overpass"],"steam_heated":false},"type":"Feature"},{"geometry":{"coordinates":[-77.556054,38.913312],"type":"Point"},"properties":{"area_m2":78981.44595532399,"area_source":"osm","cat":"school","demand_kwh":6230093.827967734,"demand_source":"comstock_modeled","id":"s_nova_00283","in_steam":false,"in_uten":false,"name":"Pinebrook Elementary School","region":"nova","sources":["osm_overpass"],"steam_heated":false},"type":"Feature"},{"geometry":{"coordinates":[-77.177493,38.91333],"type":"Point"},"properties":{"area_m2":444.94894521310925,"area_source":"osm","cat":"pool","demand_kwh":177979.5780852437,"demand_source":"footprint_estimate","id":"s_nova_00284","in_steam":false,"in_uten":false,"name":"Kent Gardens Recreation Club","region":"nova","sources":["osm_overpass"],"steam_heated":false},"type":"Feature"},{"geometry":{"coordinates":[-77.513565,38.913388],"type":"Point"},"properties":{"area_m2":532.6748726593796,"area_source":"osm","cat":"pool","demand_kwh":213069.94906375185,"demand_source":"footprint_estimate","id":"s_nova_00285","in_steam":false,"in_uten":false,"name":"Town Hall Pool","region":"nova","sources":["osm_overpass"],"steam_heated":false},"type":"Feature"},{"geometry":{"coordinates":[-77.221215,38.91378],"type":"Point"},"properties":{"area_m2":2682.715944434516,"area_source":"osm","cat":"hotel","demand_kwh":262915.5144406289,"demand_source":"comstock_modeled","id":"s_nova_00286","in_steam":false,"in_uten":false,"name":"Tysons Corner Marriott","region":"nova","sources":["osm_overpass"],"steam_heated":false},"type":"Feature"},{"geometry":{"coordinates":[-77.427749,38.914182],"type":"Point"},"properties":{"area_m2":6610.987779217772,"area_source":"osm","cat":"school","demand_kwh":521477.84409229876,"demand_source":"comstock_modeled","id":"s_nova_00287","in_steam":false,"in_uten":false,"name":"Unnamed school","region":"nova","sources":["osm_overpass"],"steam_heated":false},"type":"Feature"},{"geometry":{"coordinates":[-77.41056,38.914204],"type":"Point"},"properties":{"area_m2":558.2695703376085,"area_source":"osm","cat":"pool","demand_kwh":223307.82813504338,"demand_source":"footprint_estimate","id":"s_nova_00288","in_steam":false,"in_uten":false,"name":"Chantilly Highlands Pool","region":"nova","sources":["osm_overpass"],"steam_heated":false},"type":"Feature"},{"geometry":{"coordinates":[-77.535531,38.914656],"type":"Point"},"properties":{"area_m2":242483.79670087737,"area_source":"osm","cat":"school","demand_kwh":19127236.61786146,"demand_source":"comstock_modeled","id":"s_nova_00289","in_steam":false,"in_uten":false,"name":"Freedom High School","region":"nova","sources":["osm_overpass"],"steam_heated":false},"type":"Feature"},{"geometry":{"coordinates":[-77.519979,38.914827],"type":"Point"},"properties":{"area_m2":729.6686807016376,"area_source":"osm","cat":"pool","demand_kwh":291867.47228065506,"demand_source":"footprint_estimate","id":"s_nova_00290","in_steam":false,"in_uten":false,"name":"Unnamed pool","region":"nova","sources":["osm_overpass"],"steam_heated":false},"type":"Feature"},{"geometry":{"coordinates":[-77.361816,38.915069],"type":"Point"},"properties":{"area_m2":57099.54114532471,"area_source":"osm","cat":"school","demand_kwh":4504038.822871129,"demand_source":"comstock_modeled","id":"s_nova_00291","in_steam":false,"in_uten":false,"name":"Crossfield Elementary School","region":"nova","sources":["osm_overpass"],"steam_heated":false},"type":"Feature"},{"geometry":{"coordinates":[-77.215294,38.91522],"type":"Point"},"properties":{"area_m2":275.00006848573685,"area_source":"osm","cat":"pool","demand_kwh":110000.02739429474,"demand_source":"footprint_estimate","id":"s_nova_00292","in_steam":false,"in_uten":false,"name":"Unnamed pool","region":"nova","sources":["osm_overpass"],"steam_heated":false},"type":"Feature"},{"geometry":{"coordinates":[-77.188492,38.91538],"type":"Point"},"properties":{"area_m2":748.1771287359297,"area_source":"osm","cat":"pool","demand_kwh":299270.8514943719,"demand_source":"footprint_estimate","id":"s_nova_00293","in_steam":false,"in_uten":false,"name":"Unnamed pool","region":"nova","sources":["osm_overpass"],"steam_heated":false},"type":"Feature"},{"geometry":{"coordinates":[-77.235335,38.915763],"type":"Point"},"properties":{"area_m2":1159.1066371686757,"area_source":"osm","cat":"hotel","demand_kwh":113596.49106159344,"demand_source":"comstock_modeled","id":"s_nova_00294","in_steam":false,"in_uten":false,"name":"Residence Inn Tysons Corner Mall","region":"nova","sources":["osm_overpass"],"steam_heated":false},"type":"Feature"},{"geometry":{"coordinates":[-77.232851,38.916494],"type":"Point"},"properties":{"area_m2":818.8875324893743,"area_source":"osm","cat":"hotel","demand_kwh":80253.83280705228,"demand_source":"comstock_modeled","id":"s_nova_00295","in_steam":false,"in_uten":false,"name":"Hilton Garden Inn","region":"nova","sources":["osm_overpass"],"steam_heated":false},"type":"Feature"},{"geometry":{"coordinates":[-77.427023,38.916994],"type":"Point"},"properties":{"area_m2":4212.424294319004,"area_source":"osm","cat":"office","demand_kwh":95898.61095464551,"demand_source":"comstock_modeled","id":"s_nova_00296","in_steam":false,"in_uten":false,"name":"Dulles Discovery 2","region":"nova","sources":["osm_overpass"],"steam_heated":false},"type":"Feature"},{"geometry":{"coordinates":[-77.265814,38.91762],"type":"Point"},"properties":{"area_m2":40672.773540070164,"area_source":"osm","cat":"school","demand_kwh":3208287.6216479247,"demand_source":"comstock_modeled","id":"s_nova_00297","in_steam":false,"in_uten":false,"name":"Wolftrap Elementary School","region":"nova","sources":["osm_overpass"],"steam_heated":false},"type":"Feature"},{"geometry":{"coordinates":[-77.216021,38.917879],"type":"Point"},"properties":{"area_m2":292.26586896181107,"area_source":"osm","cat":"pool","demand_kwh":116906.34758472443,"demand_source":"footprint_estimate","id":"s_nova_00298","in_steam":false,"in_uten":false,"name":"Unnamed pool","region":"nova","sources":["osm_overpass"],"steam_heated":false},"type":"Feature"},{"geometry":{"coordinates":[-77.359355,38.918199],"type":"Point"},"properties":{"area_m2":361.25310957222246,"area_source":"osm","cat":"pool","demand_kwh":144501.24382888898,"demand_source":"footprint_estimate","id":"s_nova_00299","in_steam":false,"in_uten":false,"name":"Unnamed pool","region":"nova","sources":["osm_overpass"],"steam_heated":false},"type":"Feature"},{"geometry":{"coordinates":[-77.427846,38.91822],"type":"Point"},"properties":{"area_m2":6844.717757308856,"area_source":"osm","cat":"office","demand_kwh":155824.5037632496,"demand_source":"comstock_modeled","id":"s_nova_00300","in_steam":false,"in_uten":false,"name":"Dulles Discovery 1","region":"nova","sources":["osm_overpass"],"steam_heated":false},"type":"Feature"},{"geometry":{"coordinates":[-77.215269,38.9184],"type":"Point"},"properties":{"area_m2":1047.1101691946387,"area_source":"osm","cat":"pool","demand_kwh":418844.0676778555,"demand_source":"footprint_estimate","id":"s_nova_00301","in_steam":false,"in_uten":false,"name":"Unnamed pool","region":"nova","sources":["osm_overpass"],"steam_heated":false},"type":"Feature"},{"geometry":{"coordinates":[-77.219954,38.918712],"type":"Point"},"properties":{"area_m2":1615.4087057788856,"area_source":"osm","cat":"hotel","demand_kwh":158315.68444390452,"demand_source":"comstock_modeled","id":"s_nova_00302","in_steam":false,"in_uten":false,"name":"Hyatt Regency","region":"nova","sources":["osm_overpass"],"steam_heated":false},"type":"Feature"},{"geometry":{"coordinates":[-77.53543,38.918815],"type":"Point"},"properties":{"area_m2":479.39286628435366,"area_source":"osm","cat":"pool","demand_kwh":191757.14651374146,"demand_source":"footprint_estimate","id":"s_nova_00303","in_steam":false,"in_uten":false,"name":"Riding Center Pool","region":"nova","sources":["osm_overpass"],"steam_heated":false},"type":"Feature"},{"geometry":{"coordinates":[-77.205284,38.919467],"type":"Point"},"properties":{"area_m2":41499.947340186685,"area_source":"osm","cat":"school","demand_kwh":3273535.4823882505,"demand_source":"comstock_modeled","id":"s_nova_00304","in_steam":false,"in_uten":false,"name":"Westgate Elementary School","region":"nova","sources":["osm_overpass"],"steam_heated":false},"type":"Feature"},{"geometry":{"coordinates":[-77.227123,38.920286],"type":"Point"},"properties":{"area_m2":1499.5020423114765,"area_source":"osm","cat":"hotel","demand_kwh":146956.42737613688,"demand_source":"comstock_modeled","id":"s_nova_00305","in_steam":false,"in_uten":false,"name":"Courtyard Tysons McLean","region":"nova","sources":["osm_overpass"],"steam_heated":false},"type":"Feature"},{"geometry":{"coordinates":[-77.541128,38.920331],"type":"Point"},"properties":{"area_m2":276.67679610289633,"area_source":"osm","cat":"pool","demand_kwh":110670.71844115853,"demand_source":"footprint_estimate","id":"s_nova_00306","in_steam":false,"in_uten":false,"name":"Unnamed pool","region":"nova","sources":["osm_overpass"],"steam_heated":false},"type":"Feature"},{"geometry":{"coordinates":[-77.237966,38.920378],"type":"Point"},"properties":{"area_m2":278.0311829065904,"area_source":"osm","cat":"pool","demand_kwh":111212.47316263616,"demand_source":"footprint_estimate","id":"s_nova_00307","in_steam":false,"in_uten":false,"name":"Unnamed pool","region":"nova","sources":["osm_overpass"],"steam_heated":false},"type":"Feature"},{"geometry":{"coordinates":[-77.382623,38.920734],"type":"Point"},"properties":{"area_m2":366.71081687510014,"area_source":"osm","cat":"pool","demand_kwh":146684.32675004005,"demand_source":"footprint_estimate","id":"s_nova_00308","in_steam":false,"in_uten":false,"name":"Unnamed pool","region":"nova","sources":["osm_overpass"],"steam_heated":false},"type":"Feature"},{"geometry":{"coordinates":[-77.24493,38.920795],"type":"Point"},"properties":{"area_m2":40264.36435507634,"area_source":"osm","cat":"school","demand_kwh":3176072.111891942,"demand_source":"comstock_modeled","id":"s_nova_00309","in_steam":false,"in_uten":false,"name":"Westbriar Elementary School","region":"nova","sources":["osm_overpass"],"steam_heated":false},"type":"Feature"},{"geometry":{"coordinates":[-77.227362,38.920965],"type":"Point"},"properties":{"area_m2":null,"area_source":"none","cat":"hotel","demand_kwh":1500000.0,"demand_source":"category_default","id":"s_nova_00310","in_steam":false,"in_uten":false,"name":"Crowne Plaza","region":"nova","sources":["osm_overpass"],"steam_heated":false},"type":"Feature"},{"geometry":{"coordinates":[-77.586154,38.921121],"type":"Point"},"properties":{"area_m2":270072.19710892765,"area_source":"osm","cat":"school","demand_kwh":21303422.695828684,"demand_source":"comstock_modeled","id":"s_nova_00311","in_steam":false,"in_uten":false,"name":"Lightridge High School","region":"nova","sources":["osm_overpass"],"steam_heated":false},"type":"Feature"},{"geometry":{"coordinates":[-77.204807,38.921227],"type":"Point"},"properties":{"area_m2":4519.47507756995,"area_source":"osm","cat":"office","demand_kwh":102888.82408346378,"demand_source":"comstock_modeled","id":"s_nova_00312","in_steam":false,"in_uten":false,"name":"Unnamed office","region":"nova","sources":["osm_overpass"],"steam_heated":false},"type":"Feature"},{"geometry":{"coordinates":[-77.419378,38.921253],"type":"Point"},"properties":{"area_m2":4669.977720439434,"area_source":"osm","cat":"office","demand_kwh":106315.11578338852,"demand_source":"comstock_modeled","id":"s_nova_00313","in_steam":false,"in_uten":false,"name":"Cox Communications","region":"nova","sources":["osm_overpass"],"steam_heated":false},"type":"Feature"},{"geometry":{"coordinates":[-77.175758,38.921491],"type":"Point"},"properties":{"area_m2":44450.35375682672,"area_source":"osm","cat":"school","demand_kwh":3506264.9365527504,"demand_source":"comstock_modeled","id":"s_nova_00314","in_steam":false,"in_uten":false,"name":"Kent Gardens Elementary School","region":"nova","sources":["osm_overpass"],"steam_heated":false},"type":"Feature"},{"geometry":{"coordinates":[-77.504078,38.92162],"type":"Point"},"properties":{"area_m2":1619.8107193671167,"area_source":"osm","cat":"hotel","demand_kwh":158747.09712086924,"demand_source":"comstock_modeled","id":"s_nova_00315","in_steam":false,"in_uten":false,"name":"Home2 Suites","region":"nova","sources":["osm_overpass"],"steam_heated":false},"type":"Feature"},{"geometry":{"coordinates":[-77.582501,38.92179],"type":"Point"},"properties":{"area_m2":68646.74977021292,"area_source":"osm","cat":"school","demand_kwh":5414888.102901593,"demand_source":"comstock_modeled","id":"s_nova_00316","in_steam":false,"in_uten":false,"name":"Henrietta Lacks Elementary School","region":"nova","sources":["osm_overpass"],"steam_heated":false},"type":"Feature"},{"geometry":{"coordinates":[-77.206718,38.921814],"type":"Point"},"properties":{"area_m2":7294.163630820811,"area_source":"osm","cat":"office","demand_kwh":166056.43482186148,"demand_source":"comstock_modeled","id":"s_nova_00317","in_steam":false,"in_uten":false,"name":"Unnamed office","region":"nova","sources":["osm_overpass"],"steam_heated":false},"type":"Feature"},{"geometry":{"coordinates":[-77.580406,38.921999],"type":"Point"},"properties":{"area_m2":47185.88498705253,"area_source":"osm","cat":"school","demand_kwh":3722044.9343421427,"demand_source":"comstock_modeled","id":"s_nova_00318","in_steam":false,"in_uten":false,"name":"Hovatter Elementary School","region":"nova","sources":["osm_overpass"],"steam_heated":false},"type":"Feature"},{"geometry":{"coordinates":[-77.205097,38.922211],"type":"Point"},"properties":{"area_m2":4269.51483740285,"area_source":"osm","cat":"office","demand_kwh":97198.31473514333,"demand_source":"comstock_modeled","id":"s_nova_00319","in_steam":false,"in_uten":false,"name":"Unnamed office","region":"nova","sources":["osm_overpass"],"steam_heated":false},"type":"Feature"},{"geometry":{"coordinates":[-77.185144,38.923386],"type":"Point"},"properties":{"area_m2":139870.45455261506,"area_source":"osm","cat":"school","demand_kwh":11033047.636481626,"demand_source":"comstock_modeled","id":"s_nova_00320","in_steam":false,"in_uten":false,"name":"McLean High School","region":"nova","sources":["osm_overpass"],"steam_heated":false},"type":"Feature"},{"geometry":{"coordinates":[-77.207606,38.92384],"type":"Point"},"properties":{"area_m2":2270.1350267063826,"area_source":"osm","cat":"hotel","demand_kwh":222481.14625568708,"demand_source":"comstock_modeled","id":"s_nova_00321","in_steam":false,"in_uten":false,"name":"Archer Hotel Tysons","region":"nova","sources":["osm_overpass"],"steam_heated":false},"type":"Feature"},{"geometry":{"coordinates":[-77.204681,38.924059],"type":"Point"},"properties":{"area_m2":428.51417929679155,"area_source":"osm","cat":"pool","demand_kwh":171405.67171871662,"demand_source":"footprint_estimate","id":"s_nova_00322","in_steam":false,"in_uten":false,"name":"Unnamed pool","region":"nova","sources":["osm_overpass"],"steam_heated":false},"type":"Feature"},{"geometry":{"coordinates":[-77.228485,38.924162],"type":"Point"},"properties":{"area_m2":3615.903870873153,"area_source":"osm","cat":"office","demand_kwh":82318.4309875698,"demand_source":"comstock_modeled","id":"s_nova_00323","in_steam":false,"in_uten":false,"name":"1676 International Drive","region":"nova","sources":["osm_overpass"],"steam_heated":false},"type":"Feature"},{"geometry":{"coordinates":[-77.213443,38.924198],"type":"Point"},"properties":{"area_m2":3305.258824522258,"area_source":"osm","cat":"office","demand_kwh":75246.39209415429,"demand_source":"comstock_modeled","id":"s_nova_00324","in_steam":false,"in_uten":false,"name":"Capital One: Center 2","region":"nova","sources":["osm_overpass"],"steam_heated":false},"type":"Feature"},{"geometry":{"coordinates":[-77.223876,38.924263],"type":"Point"},"properties":{"area_m2":3056.562830546871,"area_source":"osm","cat":"hotel","demand_kwh":299553.81250128144,"demand_source":"comstock_modeled","id":"s_nova_00325","in_steam":false,"in_uten":false,"name":"The Ritz-Carlton, Tysons Corner","region":"nova","sources":["osm_overpass"],"steam_heated":false},"type":"Feature"},{"geometry":{"coordinates":[-77.216899,38.924601],"type":"Point"},"properties":{"area_m2":7263.46591960825,"area_source":"osm","cat":"office","demand_kwh":165357.58122614428,"demand_source":"comstock_modeled","id":"s_nova_00326","in_steam":false,"in_uten":false,"name":"Silverline Center","region":"nova","sources":["osm_overpass"],"steam_heated":false},"type":"Feature"},{"geometry":{"coordinates":[-77.421068,38.924619],"type":"Point"},"properties":{"area_m2":52720.0721280181,"area_source":"osm","cat":"school","demand_kwh":4158584.2345880615,"demand_source":"comstock_modeled","id":"s_nova_00327","in_steam":false,"in_uten":false,"name":"Nysmith School For The Gifted","region":"nova","sources":["osm_overpass"],"steam_heated":false},"type":"Feature"},{"geometry":{"coordinates":[-77.547054,38.924624],"type":"Point"},"properties":{"area_m2":100830.46281116921,"area_source":"osm","cat":"school","demand_kwh":7953554.61567934,"demand_source":"comstock_modeled","id":"s_nova_00328","in_steam":false,"in_uten":false,"name":"Mercer Middle School","region":"nova","sources":["osm_overpass"],"steam_heated":false},"type":"Feature"},{"geometry":{"coordinates":[-77.583616,38.924966],"type":"Point"},"properties":{"area_m2":443.2238089359598,"area_source":"osm","cat":"pool","demand_kwh":177289.52357438393,"demand_source":"footprint_estimate","id":"s_nova_00329","in_steam":false,"in_uten":false,"name":"Unnamed pool","region":"nova","sources":["osm_overpass"],"steam_heated":false},"type":"Feature"},{"geometry":{"coordinates":[-77.233092,38.925133],"type":"Point"},"properties":{"area_m2":null,"area_source":"none","cat":"hotel","demand_kwh":1500000.0,"demand_source":"category_default","id":"s_nova_00330","in_steam":false,"in_uten":false,"name":"WhyHotel","region":"nova","sources":["osm_overpass"],"steam_heated":false},"type":"Feature"},{"geometry":{"coordinates":[-77.240105,38.925518],"type":"Point"},"properties":{"area_m2":3178.0791266132146,"area_source":"osm","cat":"hotel","demand_kwh":311462.83311879484,"demand_source":"comstock_modeled","id":"s_nova_00331","in_steam":false,"in_uten":false,"name":"Embassy Suites Tysons Corner","region":"nova","sources":["osm_overpass"],"steam_heated":false},"type":"Feature"},{"geometry":{"coordinates":[-77.210501,38.925663],"type":"Point"},"properties":{"area_m2":null,"area_source":"none","cat":"hotel","demand_kwh":1500000.0,"demand_source":"category_default","id":"s_nova_00332","in_steam":false,"in_uten":false,"name":"The Watermark Hotel","region":"nova","sources":["osm_overpass"],"steam_heated":false},"type":"Feature"},{"geometry":{"coordinates":[-77.531521,38.92604],"type":"Point"},"properties":{"area_m2":421.3563831038773,"area_source":"osm","cat":"pool","demand_kwh":168542.55324155092,"demand_source":"footprint_estimate","id":"s_nova_00333","in_steam":false,"in_uten":false,"name":"Unnamed pool","region":"nova","sources":["osm_overpass"],"steam_heated":false},"type":"Feature"},{"geometry":{"coordinates":[-77.212539,38.926069],"type":"Point"},"properties":{"area_m2":8556.065095373138,"area_source":"osm","cat":"office","demand_kwh":194784.45202929352,"demand_source":"comstock_modeled","id":"s_nova_00334","in_steam":false,"in_uten":false,"name":"Unnamed office","region":"nova","sources":["osm_overpass"],"steam_heated":false},"type":"Feature"},{"geometry":{"coordinates":[-77.561687,38.926161],"type":"Point"},"properties":{"area_m2":449.86405820556683,"area_source":"osm","cat":"pool","demand_kwh":179945.62328222673,"demand_source":"footprint_estimate","id":"s_nova_00335","in_steam":false,"in_uten":false,"name":"Unnamed pool","region":"nova","sources":["osm_overpass"],"steam_heated":false},"type":"Feature"},{"geometry":{"coordinates":[-77.216025,38.926531],"type":"Point"},"properties":{"area_m2":6943.094288423657,"area_source":"osm","cat":"hotel","demand_kwh":680447.4437324299,"demand_source":"comstock_modeled","id":"s_nova_00336","in_steam":false,"in_uten":false,"name":"Hilton McLean Tysons Corner","region":"nova","sources":["osm_overpass"],"steam_heated":false},"type":"Feature"},{"geometry":{"coordinates":[-77.344742,38.92669],"type":"Point"},"properties":{"area_m2":373.1537554296665,"area_source":"osm","cat":"pool","demand_kwh":149261.5021718666,"demand_source":"footprint_estimate","id":"s_nova_00337","in_steam":false,"in_uten":false,"name":"Glade Pool","region":"nova","sources":["osm_overpass"],"steam_heated":false},"type":"Feature"},{"geometry":{"coordinates":[-77.568383,38.926963],"type":"Point"},"properties":{"area_m2":59096.94665271591,"area_source":"osm","cat":"school","demand_kwh":4661595.114390351,"demand_source":"comstock_modeled","id":"s_nova_00338","in_steam":false,"in_uten":false,"name":"Goshen Post Elementary School","region":"nova","sources":["osm_overpass"],"steam_heated":false},"type":"Feature"},{"geometry":{"coordinates":[-77.402026,38.927189],"type":"Point"},"properties":{"area_m2":257.4962325291708,"area_source":"osm","cat":"pool","demand_kwh":102998.49301166832,"demand_source":"footprint_estimate","id":"s_nova_00339","in_steam":false,"in_uten":false,"name":"Unnamed pool","region":"nova","sources":["osm_overpass"],"steam_heated":false},"type":"Feature"},{"geometry":{"coordinates":[-77.590181,38.927372],"type":"Point"},"properties":{"area_m2":122546.35980718955,"area_source":"osm","cat":"school","demand_kwh":9666514.845860712,"demand_source":"comstock_modeled","id":"s_nova_00340","in_steam":false,"in_uten":false,"name":"Willard Middle School","region":"nova","sources":["osm_overpass"],"steam_heated":false},"type":"Feature"},{"geometry":{"coordinates":[-77.418967,38.927441],"type":"Point"},"properties":{"area_m2":132691.84663619846,"area_source":"osm","cat":"school","demand_kwh":10466795.647390855,"demand_source":"comstock_modeled","id":"s_nova_00341","in_steam":false,"in_uten":false,"name":"Rachel Carson Middle School","region":"nova","sources":["osm_overpass"],"steam_heated":false},"type":"Feature"},{"geometry":{"coordinates":[-77.550993,38.927541],"type":"Point"},"properties":{"area_m2":618.9177916795015,"area_source":"osm","cat":"pool","demand_kwh":247567.1166718006,"demand_source":"footprint_estimate","id":"s_nova_00342","in_steam":false,"in_uten":false,"name":"Unnamed pool","region":"nova","sources":["osm_overpass"],"steam_heated":false},"type":"Feature"},{"geometry":{"coordinates":[-77.382174,38.927795],"type":"Point"},"properties":{"area_m2":52287.439597976394,"area_source":"osm","cat":"school","demand_kwh":4124457.9759131377,"demand_source":"comstock_modeled","id":"s_nova_00343","in_steam":false,"in_uten":false,"name":"Fox Mill Elementary School","region":"nova","sources":["osm_overpass"],"steam_heated":false},"type":"Feature"},{"geometry":{"coordinates":[-77.215643,38.928777],"type":"Point"},"properties":{"area_m2":3297.161744799465,"area_source":"osm","cat":"office","demand_kwh":75062.05674615716,"demand_source":"comstock_modeled","id":"s_nova_00344","in_steam":false,"in_uten":false,"name":"Hilton Worldwide","region":"nova","sources":["osm_overpass"],"steam_heated":false},"type":"Feature"},{"geometry":{"coordinates":[-77.358457,38.929505],"type":"Point"},"properties":{"area_m2":491.36430860310793,"area_source":"osm","cat":"pool","demand_kwh":196545.72344124317,"demand_source":"footprint_estimate","id":"s_nova_00345","in_steam":false,"in_uten":false,"name":"Unnamed pool","region":"nova","sources":["osm_overpass"],"steam_heated":false},"type":"Feature"},{"geometry":{"coordinates":[-77.421346,38.930155],"type":"Point"},"properties":{"area_m2":98648.28532920778,"area_source":"osm","cat":"school","demand_kwh":7781423.423378958,"demand_source":"comstock_modeled","id":"s_nova_00346","in_steam":false,"in_uten":false,"name":"Unnamed school","region":"nova","sources":["osm_overpass"],"steam_heated":false},"type":"Feature"},{"geometry":{"coordinates":[-77.226259,38.930272],"type":"Point"},"properties":{"area_m2":9925.348459201283,"area_source":"osm","cat":"office","demand_kwh":225957.08883407008,"demand_source":"comstock_modeled","id":"s_nova_00347","in_steam":false,"in_uten":false,"name":"Freddie Mac - HQ 4","region":"nova","sources":["osm_overpass"],"steam_heated":false},"type":"Feature"},{"geometry":{"coordinates":[-77.367932,38.930882],"type":"Point"},"properties":{"area_m2":503.07083789189346,"area_source":"osm","cat":"pool","demand_kwh":201228.33515675738,"demand_source":"footprint_estimate","id":"s_nova_00348","in_steam":false,"in_uten":false,"name":"Hunter Woods Pool","region":"nova","sources":["osm_overpass"],"steam_heated":false},"type":"Feature"},{"geometry":{"coordinates":[-77.567413,38.930907],"type":"Point"},"properties":{"area_m2":246070.57372487406,"area_source":"osm","cat":"school","demand_kwh":19410163.286640584,"demand_source":"comstock_modeled","id":"s_nova_00349","in_steam":false,"in_uten":false,"name":"John Champe High School","region":"nova","sources":["osm_overpass"],"steam_heated":false},"type":"Feature"},{"geometry":{"coordinates":[-77.202103,38.931503],"type":"Point"},"properties":{"area_m2":5039.171144766966,"area_source":"osm","cat":"office","demand_kwh":114720.04702793284,"demand_source":"comstock_modeled","id":"s_nova_00350","in_steam":false,"in_uten":false,"name":"Unnamed office","region":"nova","sources":["osm_overpass"],"steam_heated":false},"type":"Feature"},{"geometry":{"coordinates":[-77.204826,38.931934],"type":"Point"},"properties":{"area_m2":4434.848420347087,"area_source":"osm","cat":"office","demand_kwh":100962.24254504839,"demand_source":"comstock_modeled","id":"s_nova_00351","in_steam":false,"in_uten":false,"name":"LX1","region":"nova","sources":["osm_overpass"],"steam_heated":false},"type":"Feature"},{"geometry":{"coordinates":[-77.379602,38.932202],"type":"Point"},"properties":{"area_m2":552.6817175615579,"area_source":"osm","cat":"pool","demand_kwh":221072.68702462316,"demand_source":"footprint_estimate","id":"s_nova_00352","in_steam":false,"in_uten":false,"name":"Pinecrest Pool","region":"nova","sources":["osm_overpass"],"steam_heated":false},"type":"Feature"},{"geometry":{"coordinates":[-77.224447,38.932234],"type":"Point"},"properties":{"area_m2":4761.5850985499565,"area_source":"osm","cat":"office","demand_kwh":108400.61802632351,"demand_source":"comstock_modeled","id":"s_nova_00353","in_steam":false,"in_uten":false,"name":"Freddie Mac - HQ 3","region":"nova","sources":["osm_overpass"],"steam_heated":false},"type":"Feature"},{"geometry":{"coordinates":[-77.339433,38.932285],"type":"Point"},"properties":{"area_m2":18451.21740990902,"area_source":"osm","cat":"school","demand_kwh":1455440.7597068844,"demand_source":"comstock_modeled","id":"s_nova_00354","in_steam":false,"in_uten":false,"name":"South Lakes High School","region":"nova","sources":["osm_overpass"],"steam_heated":false},"type":"Feature"},{"geometry":{"coordinates":[-77.221491,38.932508],"type":"Point"},"properties":{"area_m2":48278.96077071829,"area_source":"osm","cat":"school","demand_kwh":3808267.2693595225,"demand_source":"comstock_modeled","id":"s_nova_00355","in_steam":false,"in_uten":false,"name":"BASIS Independent McLean","region":"nova","sources":["osm_overpass"],"steam_heated":false},"type":"Feature"},{"geometry":{"coordinates":[-77.218599,38.932587],"type":"Point"},"properties":{"area_m2":14514.3728346047,"area_source":"osm","cat":"office","demand_kwh":147173.33585398895,"demand_source":"comstock_modeled","id":"s_nova_00356","in_steam":false,"in_uten":false,"name":"Unnamed office","region":"nova","sources":["osm_overpass"],"steam_heated":false},"type":"Feature"},{"geometry":{"coordinates":[-77.361285,38.932617],"type":"Point"},"properties":{"area_m2":45421.062802295,"area_source":"osm","cat":"school","demand_kwh":3582834.9253618335,"demand_source":"comstock_modeled","id":"s_nova_00357","in_steam":false,"in_uten":false,"name":"Hunters Woods Elementary School","region":"nova","sources":["osm_overpass"],"steam_heated":false},"type":"Feature"},{"geometry":{"coordinates":[-77.205641,38.932658],"type":"Point"},"properties":{"area_m2":7861.46628349222,"area_source":"osm","cat":"office","demand_kwh":178971.4530111365,"demand_source":"comstock_modeled","id":"s_nova_00358","in_steam":false,"in_uten":false,"name":"LX2","region":"nova","sources":["osm_overpass"],"steam_heated":false},"type":"Feature"},{"geometry":{"coordinates":[-77.229362,38.932728],"type":"Point"},"properties":{"area_m2":5296.434790999745,"area_source":"osm","cat":"office","demand_kwh":120576.8232211865,"demand_source":"comstock_modeled","id":"s_nova_00359","in_steam":false,"in_uten":false,"name":"Freddie Mac - HQ 2","region":"nova","sources":["osm_overpass"],"steam_heated":false},"type":"Feature"},{"geometry":{"coordinates":[-77.227057,38.932814],"type":"Point"},"properties":{"area_m2":11465.733836230705,"area_source":"osm","cat":"office","demand_kwh":116260.64149798207,"demand_source":"comstock_modeled","id":"s_nova_00360","in_steam":false,"in_uten":false,"name":"Freddie Mac - HQ 1","region":"nova","sources":["osm_overpass"],"steam_heated":false},"type":"Feature"},{"geometry":{"coordinates":[-77.326202,38.933555],"type":"Point"},"properties":{"area_m2":369.1642021983862,"area_source":"osm","cat":"pool","demand_kwh":147665.68087935448,"demand_source":"footprint_estimate","id":"s_nova_00361","in_steam":false,"in_uten":false,"name":"Lake Audubon Pool","region":"nova","sources":["osm_overpass"],"steam_heated":false},"type":"Feature"},{"geometry":{"coordinates":[-77.19668,38.934173],"type":"Point"},"properties":{"area_m2":38463.39670026302,"area_source":"osm","cat":"school","demand_kwh":3034010.931130973,"demand_source":"comstock_modeled","id":"s_nova_00362","in_steam":false,"in_uten":false,"name":"The Langley School","region":"nova","sources":["osm_overpass"],"steam_heated":false},"type":"Feature"},{"geometry":{"coordinates":[-77.181236,38.934479],"type":"Point"},"properties":{"area_m2":2107.3190373815596,"area_source":"osm","cat":"hotel","demand_kwh":206524.61172906245,"demand_source":"comstock_modeled","id":"s_nova_00363","in_steam":false,"in_uten":false,"name":"Staybridge Suites Tysons - McLean","region":"nova","sources":["osm_overpass"],"steam_heated":false},"type":"Feature"},{"geometry":{"coordinates":[-77.332073,38.934546],"type":"Point"},"properties":{"area_m2":6627.678123776801,"area_source":"osm","cat":"school","demand_kwh":522794.38636835024,"demand_source":"comstock_modeled","id":"s_nova_00364","in_steam":false,"in_uten":false,"name":"Unnamed school","region":"nova","sources":["osm_overpass"],"steam_heated":false},"type":"Feature"},{"geometry":{"coordinates":[-77.349378,38.934647],"type":"Point"},"properties":{"area_m2":271.16926728375256,"area_source":"osm","cat":"pool","demand_kwh":108467.70691350102,"demand_source":"footprint_estimate","id":"s_nova_00365","in_steam":false,"in_uten":false,"name":"Unnamed pool","region":"nova","sources":["osm_overpass"],"steam_heated":false},"type":"Feature"},{"geometry":{"coordinates":[-77.174505,38.934719],"type":"Point"},"properties":{"area_m2":43211.53730724566,"area_source":"osm","cat":"school","demand_kwh":3408546.508849039,"demand_source":"comstock_modeled","id":"s_nova_00366","in_steam":false,"in_uten":false,"name":"Franklin Sherman Elementary School","region":"nova","sources":["osm_overpass"],"steam_heated":false},"type":"Feature"},{"geometry":{"coordinates":[-77.338537,38.93531],"type":"Point"},"properties":{"area_m2":12128.23581629101,"area_source":"osm","cat":"school","demand_kwh":956680.9798082517,"demand_source":"comstock_modeled","id":"s_nova_00367","in_steam":false,"in_uten":false,"name":"Langston Hughes Middle School","region":"nova","sources":["osm_overpass"],"steam_heated":false},"type":"Feature"},{"geometry":{"coordinates":[-77.557006,38.935536],"type":"Point"},"properties":{"area_m2":7479.548906328622,"area_source":"osm","cat":"school","demand_kwh":589990.356768844,"demand_source":"comstock_modeled","id":"s_nova_00368","in_steam":false,"in_uten":false,"name":"Unnamed school","region":"nova","sources":["osm_overpass"],"steam_heated":false},"type":"Feature"},{"geometry":{"coordinates":[-77.414959,38.935856],"type":"Point"},"properties":{"area_m2":39927.92052182555,"area_source":"osm","cat":"school","demand_kwh":3149533.2631327133,"demand_source":"comstock_modeled","id":"s_nova_00369","in_steam":false,"in_uten":false,"name":"Floris Elementary School","region":"nova","sources":["osm_overpass"],"steam_heated":false},"type":"Feature"},{"geometry":{"coordinates":[-77.343166,38.936039],"type":"Point"},"properties":{"area_m2":60091.90717613511,"area_source":"osm","cat":"school","demand_kwh":4740078.071255079,"demand_source":"comstock_modeled","id":"s_nova_00370","in_steam":false,"in_uten":false,"name":"Terraset Elementary School","region":"nova","sources":["osm_overpass"],"steam_heated":false},"type":"Feature"},{"geometry":{"coordinates":[-77.530479,38.936417],"type":"Point"},"properties":{"area_m2":393.8882717769011,"area_source":"osm","cat":"pool","demand_kwh":157555.30871076044,"demand_source":"footprint_estimate","id":"s_nova_00371","in_steam":false,"in_uten":false,"name":"Unnamed pool","region":"nova","sources":["osm_overpass"],"steam_heated":false},"type":"Feature"},{"geometry":{"coordinates":[-77.368239,38.936682],"type":"Point"},"properties":{"area_m2":293.55064120842144,"area_source":"osm","cat":"pool","demand_kwh":117420.25648336858,"demand_source":"footprint_estimate","id":"s_nova_00372","in_steam":false,"in_uten":false,"name":"Dogwood Pool","region":"nova","sources":["osm_overpass"],"steam_heated":false},"type":"Feature"},{"geometry":{"coordinates":[-77.341082,38.936891],"type":"Point"},"properties":{"area_m2":363.410132849589,"area_source":"osm","cat":"pool","demand_kwh":145364.0531398356,"demand_source":"footprint_estimate","id":"s_nova_00373","in_steam":false,"in_uten":false,"name":"Ridge Heights Pool","region":"nova","sources":["osm_overpass"],"steam_heated":false},"type":"Feature"},{"geometry":{"coordinates":[-77.559542,38.93708],"type":"Point"},"properties":{"area_m2":69920.12933495594,"area_source":"osm","cat":"school","demand_kwh":5515332.885483229,"demand_source":"comstock_modeled","id":"s_nova_00374","in_steam":false,"in_uten":false,"name":"Arcola Elementary School","region":"nova","sources":["osm_overpass"],"steam_heated":false},"type":"Feature"},{"geometry":{"coordinates":[-77.229928,38.937144],"type":"Point"},"properties":{"area_m2":724.3232516571879,"area_source":"osm","cat":"pool","demand_kwh":289729.3006628752,"demand_source":"footprint_estimate","id":"s_nova_00375","in_steam":false,"in_uten":false,"name":"Unnamed pool","region":"nova","sources":["osm_overpass"],"steam_heated":false},"type":"Feature"},{"geometry":{"coordinates":[-77.282318,38.937213],"type":"Point"},"properties":{"area_m2":123.3282443434,"area_source":"osm","cat":"greenhouse","demand_kwh":43164.88552019,"demand_source":"footprint_estimate","id":"s_nova_00376","in_steam":false,"in_uten":false,"name":"Volgenau Conservatory","region":"nova","sources":["osm_overpass"],"steam_heated":false},"type":"Feature"},{"geometry":{"coordinates":[-77.553658,38.937346],"type":"Point"},"properties":{"area_m2":358.15423720906256,"area_source":"osm","cat":"pool","demand_kwh":143261.69488362502,"demand_source":"footprint_estimate","id":"s_nova_00377","in_steam":false,"in_uten":false,"name":"Stone Carver Pool","region":"nova","sources":["osm_overpass"],"steam_heated":false},"type":"Feature"},{"geometry":{"coordinates":[-77.413935,38.937573],"type":"Point"},"properties":{"area_m2":5397.071483120788,"area_source":"osm","cat":"school","demand_kwh":425723.55227721605,"demand_source":"comstock_modeled","id":"s_nova_00378","in_steam":false,"in_uten":false,"name":"The Gardner School of Herndon","region":"nova","sources":["osm_overpass"],"steam_heated":false},"type":"Feature"},{"geometry":{"coordinates":[-77.228822,38.938953],"type":"Point"},"properties":{"area_m2":51391.33977752365,"area_source":"osm","cat":"school","demand_kwh":4053773.198075523,"demand_source":"comstock_modeled","id":"s_nova_00379","in_steam":false,"in_uten":false,"name":"Spring Hill Elementary School","region":"nova","sources":["osm_overpass"],"steam_heated":false},"type":"Feature"},{"geometry":{"coordinates":[-77.553078,38.939228],"type":"Point"},"properties":{"area_m2":18814.351048141718,"area_source":"osm","cat":"hospital","demand_kwh":23517938.810177147,"demand_source":"footprint_estimate","id":"s_nova_00380","in_steam":false,"in_uten":false,"name":"Encompass Health Rehabilitation Hospital of Northern Virginia","region":"nova","sources":["osm_overpass"],"steam_heated":false},"type":"Feature"},{"geometry":{"coordinates":[-77.320228,38.940214],"type":"Point"},"properties":{"area_m2":59869.60015217957,"area_source":"osm","cat":"school","demand_kwh":4722542.3880182495,"demand_source":"comstock_modeled","id":"s_nova_00381","in_steam":false,"in_uten":false,"name":"Sunrise Valley Elementary School","region":"nova","sources":["osm_overpass"],"steam_heated":false},"type":"Feature"},{"geometry":{"coordinates":[-77.542564,38.940442],"type":"Point"},"properties":{"area_m2":87227.09126799554,"area_source":"osm","cat":"hospital","demand_kwh":109033864.08499442,"demand_source":"footprint_estimate","id":"s_nova_00382","in_steam":false,"in_uten":false,"name":"Stone Springs Hospital Center","region":"nova","sources":["osm_overpass"],"steam_heated":false},"type":"Feature"},{"geometry":{"coordinates":[-77.332972,38.941672],"type":"Point"},"properties":{"area_m2":405.0788711681962,"area_source":"osm","cat":"pool","demand_kwh":162031.54846727848,"demand_source":"footprint_estimate","id":"s_nova_00383","in_steam":false,"in_uten":false,"name":"Lake Thoreau Pool","region":"nova","sources":["osm_overpass"],"steam_heated":false},"type":"Feature"},{"geometry":{"coordinates":[-77.306494,38.942375],"type":"Point"},"properties":{"area_m2":400.3091302420944,"area_source":"osm","cat":"pool","demand_kwh":160123.65209683776,"demand_source":"footprint_estimate","id":"s_nova_00384","in_steam":false,"in_uten":false,"name":"Unnamed pool","region":"nova","sources":["osm_overpass"],"steam_heated":false},"type":"Feature"},{"geometry":{"coordinates":[-77.332089,38.942693],"type":"Point"},"properties":{"area_m2":3773.84984111879,"area_source":"osm","cat":"office","demand_kwh":85914.17493313286,"demand_source":"comstock_modeled","id":"s_nova_00385","in_steam":false,"in_uten":false,"name":"Unnamed office","region":"nova","sources":["osm_overpass"],"steam_heated":false},"type":"Feature"},{"geometry":{"coordinates":[-77.371038,38.943071],"type":"Point"},"properties":{"area_m2":38495.8304704763,"area_source":"osm","cat":"school","demand_kwh":3036569.322271821,"demand_source":"comstock_modeled","id":"s_nova_00386","in_steam":false,"in_uten":false,"name":"Dogwood Elementary School","region":"nova","sources":["osm_overpass"],"steam_heated":false},"type":"Feature"},{"geometry":{"coordinates":[-77.335759,38.943904],"type":"Point"},"properties":{"area_m2":4796.208459054586,"area_source":"osm","cat":"office","demand_kwh":109188.84161136307,"demand_source":"comstock_modeled","id":"s_nova_00387","in_steam":false,"in_uten":false,"name":"Unnamed office","region":"nova","sources":["osm_overpass"],"steam_heated":false},"type":"Feature"},{"geometry":{"coordinates":[-77.353258,38.94423],"type":"Point"},"properties":{"area_m2":322.36754171948996,"area_source":"osm","cat":"pool","demand_kwh":128947.01668779599,"demand_source":"footprint_estimate","id":"s_nova_00388","in_steam":false,"in_uten":false,"name":"Unnamed pool","region":"nova","sources":["osm_overpass"],"steam_heated":false},"type":"Feature"},{"geometry":{"coordinates":[-77.410369,38.945265],"type":"Point"},"properties":{"area_m2":402.8677276438102,"area_source":"osm","cat":"pool","demand_kwh":161147.09105752409,"demand_source":"footprint_estimate","id":"s_nova_00389","in_steam":false,"in_uten":false,"name":"Unnamed pool","region":"nova","sources":["osm_overpass"],"steam_heated":false},"type":"Feature"},{"geometry":{"coordinates":[-77.567311,38.945808],"type":"Point"},"properties":{"area_m2":488.7402360737324,"area_source":"osm","cat":"pool","demand_kwh":195496.09442949295,"demand_source":"footprint_estimate","id":"s_nova_00390","in_steam":false,"in_uten":false,"name":"Unnamed pool","region":"nova","sources":["osm_overpass"],"steam_heated":false},"type":"Feature"},{"geometry":{"coordinates":[-77.365574,38.945819],"type":"Point"},"properties":{"area_m2":3722.5068566673435,"area_source":"osm","cat":"office","demand_kwh":84745.31810695797,"demand_source":"comstock_modeled","id":"s_nova_00391","in_steam":false,"in_uten":false,"name":"USGS Advanced Systems Center","region":"nova","sources":["osm_overpass"],"steam_heated":false},"type":"Feature"},{"geometry":{"coordinates":[-77.330695,38.946048],"type":"Point"},"properties":{"area_m2":4187.112869394012,"area_source":"osm","cat":"office","demand_kwh":95322.3797105937,"demand_source":"comstock_modeled","id":"s_nova_00392","in_steam":false,"in_uten":false,"name":"Eleven One Eleven","region":"nova","sources":["osm_overpass"],"steam_heated":false},"type":"Feature"},{"geometry":{"coordinates":[-77.367073,38.946618],"type":"Point"},"properties":{"area_m2":9064.421087659895,"area_source":"osm","cat":"office","demand_kwh":206357.51070634014,"demand_source":"comstock_modeled","id":"s_nova_00393","in_steam":false,"in_uten":false,"name":"Unnamed office","region":"nova","sources":["osm_overpass"],"steam_heated":false},"type":"Feature"},{"geometry":{"coordinates":[-77.404256,38.946753],"type":"Point"},"properties":{"area_m2":61658.55263654786,"area_source":"osm","cat":"school","demand_kwh":4863655.806449394,"demand_source":"comstock_modeled","id":"s_nova_00394","in_steam":false,"in_uten":false,"name":"Unnamed school","region":"nova","sources":["osm_overpass"],"steam_heated":false},"type":"Feature"},{"geometry":{"coordinates":[-77.409032,38.94686],"type":"Point"},"properties":{"area_m2":329.67362411599606,"area_source":"osm","cat":"pool","demand_kwh":131869.44964639843,"demand_source":"footprint_estimate","id":"s_nova_00395","in_steam":false,"in_uten":false,"name":"Unnamed pool","region":"nova","sources":["osm_overpass"],"steam_heated":false},"type":"Feature"},{"geometry":{"coordinates":[-77.189388,38.946906],"type":"Point"},"properties":{"area_m2":38476.64377775043,"area_source":"osm","cat":"school","demand_kwh":3035055.8668711926,"demand_source":"comstock_modeled","id":"s_nova_00396","in_steam":false,"in_uten":false,"name":"Churchill Road Elementary School","region":"nova","sources":["osm_overpass"],"steam_heated":false},"type":"Feature"},{"geometry":{"coordinates":[-77.35966,38.947305],"type":"Point"},"properties":{"area_m2":3408.250970898196,"area_source":"osm","cat":"office","demand_kwh":77591.07607815138,"demand_source":"comstock_modeled","id":"s_nova_00397","in_steam":false,"in_uten":false,"name":"Unnamed office","region":"nova","sources":["osm_overpass"],"steam_heated":false},"type":"Feature"},{"geometry":{"coordinates":[-77.348176,38.947675],"type":"Point"},"properties":{"area_m2":5961.3730564704165,"area_source":"osm","cat":"office","demand_kwh":135714.58038283477,"demand_source":"comstock_modeled","id":"s_nova_00398","in_steam":false,"in_uten":false,"name":"Unnamed office","region":"nova","sources":["osm_overpass"],"steam_heated":false},"type":"Feature"},{"geometry":{"coordinates":[-77.394272,38.948313],"type":"Point"},"properties":{"area_m2":283.12335076445015,"area_source":"osm","cat":"pool","demand_kwh":113249.34030578006,"demand_source":"footprint_estimate","id":"s_nova_00399","in_steam":false,"in_uten":false,"name":"Unnamed pool","region":"nova","sources":["osm_overpass"],"steam_heated":false},"type":"Feature"},{"geometry":{"coordinates":[-77.361805,38.94841],"type":"Point"},"properties":{"area_m2":3324.593427204527,"area_source":"osm","cat":"office","demand_kwh":75686.55704693223,"demand_source":"comstock_modeled","id":"s_nova_00400","in_steam":false,"in_uten":false,"name":"Unnamed office","region":"nova","sources":["osm_overpass"],"steam_heated":false},"type":"Feature"},{"geometry":{"coordinates":[-77.332479,38.948471],"type":"Point"},"properties":{"area_m2":null,"area_source":"none","cat":"university","demand_kwh":5000000.0,"demand_source":"category_default","id":"s_nova_00401","in_steam":false,"in_uten":false,"name":"Reston Center (RES)","region":"nova","sources":["osm_overpass"],"steam_heated":false},"type":"Feature"},{"geometry":{"coordinates":[-77.529024,38.948587],"type":"Point"},"properties":{"area_m2":46667.28674855456,"area_source":"osm","cat":"school","demand_kwh":3681137.65990849,"demand_source":"comstock_modeled","id":"s_nova_00402","in_steam":false,"in_uten":false,"name":"Elaine E. Thompson Elementary School","region":"nova","sources":["osm_overpass"],"steam_heated":false},"type":"Feature"},{"geometry":{"coordinates":[-77.318564,38.948666],"type":"Point"},"properties":{"area_m2":23704.160568751395,"area_source":"osm","cat":"school","demand_kwh":1869795.4015689862,"demand_source":"comstock_modeled","id":"s_nova_00403","in_steam":false,"in_uten":false,"name":"Edlin School","region":"nova","sources":["osm_overpass"],"steam_heated":false},"type":"Feature"},{"geometry":{"coordinates":[-77.358279,38.948842],"type":"Point"},"properties":{"area_m2":575.7826302647591,"area_source":"osm","cat":"pool","demand_kwh":230313.05210590363,"demand_source":"footprint_estimate","id":"s_nova_00404","in_steam":false,"in_uten":false,"name":"Unnamed pool","region":"nova","sources":["osm_overpass"],"steam_heated":false},"type":"Feature"},{"geometry":{"coordinates":[-77.428047,38.949581],"type":"Point"},"properties":{"area_m2":4935.595136011019,"area_source":"osm","cat":"office","demand_kwh":112362.07103265688,"demand_source":"comstock_modeled","id":"s_nova_00405","in_steam":false,"in_uten":false,"name":"Unnamed office","region":"nova","sources":["osm_overpass"],"steam_heated":false},"type":"Feature"},{"geometry":{"coordinates":[-77.329263,38.949665],"type":"Point"},"properties":{"area_m2":1864.373225404648,"area_source":"osm","cat":"hotel","demand_kwh":182715.07525181537,"demand_source":"comstock_modeled","id":"s_nova_00406","in_steam":false,"in_uten":false,"name":"Homewood Suites by Hilton Reston","region":"nova","sources":["osm_overpass"],"steam_heated":false},"type":"Feature"},{"geometry":{"coordinates":[-77.598989,38.949805],"type":"Point"},"properties":{"area_m2":483.6236195079982,"area_source":"osm","cat":"pool","demand_kwh":193449.4478031993,"demand_source":"footprint_estimate","id":"s_nova_00407","in_steam":false,"in_uten":false,"name":"Lenah Run Community Pool","region":"nova","sources":["osm_overpass"],"steam_heated":false},"type":"Feature"},{"geometry":{"coordinates":[-77.354407,38.949891],"type":"Point"},"properties":{"area_m2":2585.5882264049724,"area_source":"osm","cat":"hotel","demand_kwh":253396.65948874367,"demand_source":"comstock_modeled","id":"s_nova_00408","in_steam":false,"in_uten":false,"name":"Sheraton Reston Hotel","region":"nova","sources":["osm_overpass"],"steam_heated":false},"type":"Feature"},{"geometry":{"coordinates":[-77.377634,38.950052],"type":"Point"},"properties":{"area_m2":10542.29183064017,"area_source":"osm","cat":"office","demand_kwh":106897.09255383242,"demand_source":"comstock_modeled","id":"s_nova_00409","in_steam":false,"in_uten":false,"name":"Unnamed office","region":"nova","sources":["osm_overpass"],"steam_heated":false},"type":"Feature"},{"geometry":{"coordinates":[-77.306956,38.950326],"type":"Point"},"properties":{"area_m2":84834.71775673004,"area_source":"osm","cat":"school","demand_kwh":6691802.677207906,"demand_source":"comstock_modeled","id":"s_nova_00410","in_steam":false,"in_uten":false,"name":"Unnamed school","region":"nova","sources":["osm_overpass"],"steam_heated":false},"type":"Feature"},{"geometry":{"coordinates":[-77.35411,38.950333],"type":"Point"},"properties":{"area_m2":2324.4854563799454,"area_source":"osm","cat":"hotel","demand_kwh":227807.67782804335,"demand_source":"comstock_modeled","id":"s_nova_00411","in_steam":false,"in_uten":false,"name":"Unnamed hotel","region":"nova","sources":["osm_overpass"],"steam_heated":false},"type":"Feature"},{"geometry":{"coordinates":[-77.352127,38.950417],"type":"Point"},"properties":{"area_m2":1550.7983777201734,"area_source":"osm","cat":"hotel","demand_kwh":151983.64706403398,"demand_source":"comstock_modeled","id":"s_nova_00412","in_steam":false,"in_uten":false,"name":"The Westin Reston Heights","region":"nova","sources":["osm_overpass"],"steam_heated":false},"type":"Feature"},{"geometry":{"coordinates":[-77.364548,38.950586],"type":"Point"},"properties":{"area_m2":12823.9340898206,"area_source":"osm","cat":"office","demand_kwh":130032.5670476679,"demand_source":"comstock_modeled","id":"s_nova_00413","in_steam":false,"in_uten":false,"name":"CoreSite Reston Campus VA1","region":"nova","sources":["osm_overpass"],"steam_heated":false},"type":"Feature"},{"geometry":{"coordinates":[-77.379447,38.95099],"type":"Point"},"properties":{"area_m2":9602.913209903985,"area_source":"osm","cat":"office","demand_kwh":218616.63821229234,"demand_source":"comstock_modeled","id":"s_nova_00414","in_steam":false,"in_uten":false,"name":"Unnamed office","region":"nova","sources":["osm_overpass"],"steam_heated":false},"type":"Feature"},{"geometry":{"coordinates":[-77.422455,38.95101],"type":"Point"},"properties":{"area_m2":5176.995161052793,"area_source":"osm","cat":"office","demand_kwh":117857.70145078533,"demand_source":"comstock_modeled","id":"s_nova_00415","in_steam":false,"in_uten":false,"name":"Unnamed office","region":"nova","sources":["osm_overpass"],"steam_heated":false},"type":"Feature"},{"geometry":{"coordinates":[-77.328094,38.951135],"type":"Point"},"properties":{"area_m2":4587.578625930473,"area_source":"osm","cat":"office","demand_kwh":104439.24617595447,"demand_source":"comstock_modeled","id":"s_nova_00416","in_steam":false,"in_uten":false,"name":"Unnamed office","region":"nova","sources":["osm_overpass"],"steam_heated":false},"type":"Feature"},{"geometry":{"coordinates":[-77.373966,38.951142],"type":"Point"},"properties":{"area_m2":5882.682369006798,"area_source":"osm","cat":"office","demand_kwh":133923.13510202477,"demand_source":"comstock_modeled","id":"s_nova_00417","in_steam":false,"in_uten":false,"name":"Unnamed office","region":"nova","sources":["osm_overpass"],"steam_heated":false},"type":"Feature"},{"geometry":{"coordinates":[-77.42056,38.95141],"type":"Point"},"properties":{"area_m2":17914.58172575757,"area_source":"osm","cat":"hotel","demand_kwh":1755691.4589438783,"demand_source":"comstock_modeled","id":"s_nova_00418","in_steam":false,"in_uten":false,"name":"Unnamed hotel","region":"nova","sources":["osm_overpass"],"steam_heated":false},"type":"Feature"},{"geometry":{"coordinates":[-77.191759,38.951449],"type":"Point"},"properties":{"area_m2":81340.06909324788,"area_source":"osm","cat":"school","demand_kwh":6416143.137097798,"demand_source":"comstock_modeled","id":"s_nova_00419","in_steam":false,"in_uten":false,"name":"Cooper Middle School","region":"nova","sources":["osm_overpass"],"steam_heated":false},"type":"Feature"},{"geometry":{"coordinates":[-77.364004,38.951451],"type":"Point"},"properties":{"area_m2":3764.2054721536115,"area_source":"osm","cat":"office","demand_kwh":85694.61452737269,"demand_source":"comstock_modeled","id":"s_nova_00420","in_steam":false,"in_uten":false,"name":"CoreSite Reston Campus VA2","region":"nova","sources":["osm_overpass"],"steam_heated":false},"type":"Feature"},{"geometry":{"coordinates":[-77.377717,38.951499],"type":"Point"},"properties":{"area_m2":9616.822170337662,"area_source":"osm","cat":"office","demand_kwh":218933.28484905482,"demand_source":"comstock_modeled","id":"s_nova_00421","in_steam":false,"in_uten":false,"name":"Unnamed office","region":"nova","sources":["osm_overpass"],"steam_heated":false},"type":"Feature"},{"geometry":{"coordinates":[-77.424687,38.951638],"type":"Point"},"properties":{"area_m2":3805.281074218452,"area_source":"osm","cat":"office","demand_kwh":86629.72763728812,"demand_source":"comstock_modeled","id":"s_nova_00422","in_steam":false,"in_uten":false,"name":"BAE Systems","region":"nova","sources":["osm_overpass"],"steam_heated":false},"type":"Feature"},{"geometry":{"coordinates":[-77.366524,38.951902],"type":"Point"},"properties":{"area_m2":3795.472749413224,"area_source":"osm","cat":"office","demand_kwh":86406.43466894163,"demand_source":"comstock_modeled","id":"s_nova_00423","in_steam":false,"in_uten":false,"name":"Unnamed office","region":"nova","sources":["osm_overpass"],"steam_heated":false},"type":"Feature"},{"geometry":{"coordinates":[-77.419372,38.952329],"type":"Point"},"properties":{"area_m2":58461.82545960834,"area_source":"osm","cat":"school","demand_kwh":4611496.45416287,"demand_source":"comstock_modeled","id":"s_nova_00424","in_steam":false,"in_uten":false,"name":"Lutie Lewis Coates Elementary School","region":"nova","sources":["osm_overpass"],"steam_heated":false},"type":"Feature"},{"geometry":{"coordinates":[-77.425342,38.952623],"type":"Point"},"properties":{"area_m2":1606.4342293441296,"area_source":"osm","cat":"hotel","demand_kwh":157436.15446848012,"demand_source":"comstock_modeled","id":"s_nova_00425","in_steam":false,"in_uten":false,"name":"Candlewood Suites Washington Dulles Herndon","region":"nova","sources":["osm_overpass"],"steam_heated":false},"type":"Feature"},{"geometry":{"coordinates":[-77.406619,38.952666],"type":"Point"},"properties":{"area_m2":2300.6940078884363,"area_source":"osm","cat":"hotel","demand_kwh":225476.03293943353,"demand_source":"comstock_modeled","id":"s_nova_00426","in_steam":false,"in_uten":false,"name":"Embassy Suites Dulles Airport","region":"nova","sources":["osm_overpass"],"steam_heated":false},"type":"Feature"},{"geometry":{"coordinates":[-77.329354,38.952696],"type":"Point"},"properties":{"area_m2":4968.82634275686,"area_source":"osm","cat":"pool","demand_kwh":1987530.537102744,"demand_source":"footprint_estimate","id":"s_nova_00427","in_steam":false,"in_uten":false,"name":"Unnamed pool","region":"nova","sources":["osm_overpass"],"steam_heated":false},"type":"Feature"},{"geometry":{"coordinates":[-77.41189,38.953354],"type":"Point"},"properties":{"area_m2":10709.84991954267,"area_source":"osm","cat":"school","demand_kwh":844798.0291465635,"demand_source":"comstock_modeled","id":"s_nova_00428","in_steam":false,"in_uten":false,"name":"Oak Hill Christian School","region":"nova","sources":["osm_overpass"],"steam_heated":false},"type":"Feature"},{"geometry":{"coordinates":[-77.413795,38.953466],"type":"Point"},"properties":{"area_m2":3087.137607458979,"area_source":"osm","cat":"office","demand_kwh":70280.71905777114,"demand_source":"comstock_modeled","id":"s_nova_00429","in_steam":false,"in_uten":false,"name":"Dulles Executive Plaza I","region":"nova","sources":["osm_overpass"],"steam_heated":false},"type":"Feature"},{"geometry":{"coordinates":[-77.414863,38.953537],"type":"Point"},"properties":{"area_m2":3172.6472895145416,"area_source":"osm","cat":"office","demand_kwh":72227.40323755829,"demand_source":"comstock_modeled","id":"s_nova_00430","in_steam":false,"in_uten":false,"name":"Lockheed Martin","region":"nova","sources":["osm_overpass"],"steam_heated":false},"type":"Feature"},{"geometry":{"coordinates":[-77.379013,38.953969],"type":"Point"},"properties":{"area_m2":4945.837724810932,"area_source":"osm","cat":"hotel","demand_kwh":484709.33810796385,"demand_source":"comstock_modeled","id":"s_nova_00431","in_steam":false,"in_uten":false,"name":"Courtyard Dulles Airport Herndon/Reston","region":"nova","sources":["osm_overpass"],"steam_heated":false},"type":"Feature"},{"geometry":{"coordinates":[-77.360339,38.954702],"type":"Point"},"properties":{"area_m2":4206.1591546239215,"area_source":"osm","cat":"office","demand_kwh":95755.98092684764,"demand_source":"comstock_modeled","id":"s_nova_00432","in_steam":false,"in_uten":false,"name":"Open Source Center","region":"nova","sources":["osm_overpass"],"steam_heated":false},"type":"Feature"},{"geometry":{"coordinates":[-77.333098,38.954748],"type":"Point"},"properties":{"area_m2":769.6346324474434,"area_source":"osm","cat":"pool","demand_kwh":307853.8529789774,"demand_source":"footprint_estimate","id":"s_nova_00433","in_steam":false,"in_uten":false,"name":"Unnamed pool","region":"nova","sources":["osm_overpass"],"steam_heated":false},"type":"Feature"},{"geometry":{"coordinates":[-77.404375,38.954825],"type":"Point"},"properties":{"area_m2":3026.7012023851275,"area_source":"osm","cat":"office","demand_kwh":68904.84452739893,"demand_source":"comstock_modeled","id":"s_nova_00434","in_steam":false,"in_uten":false,"name":"Amazon Web Services","region":"nova","sources":["osm_overpass"],"steam_heated":false},"type":"Feature"},{"geometry":{"coordinates":[-77.347315,38.955112],"type":"Point"},"properties":{"area_m2":4555.8996135352645,"area_source":"osm","cat":"office","demand_kwh":103718.05261309029,"demand_source":"comstock_modeled","id":"s_nova_00435","in_steam":false,"in_uten":false,"name":"Sallie Mae","region":"nova","sources":["osm_overpass"],"steam_heated":false},"type":"Feature"},{"geometry":{"coordinates":[-77.359426,38.955383],"type":"Point"},"properties":{"area_m2":4272.026800782012,"area_source":"osm","cat":"office","demand_kwh":97255.50123441298,"demand_source":"comstock_modeled","id":"s_nova_00436","in_steam":false,"in_uten":false,"name":"Open Source Center","region":"nova","sources":["osm_overpass"],"steam_heated":false},"type":"Feature"},{"geometry":{"coordinates":[-77.423765,38.955436],"type":"Point"},"properties":{"area_m2":5090.911482065916,"area_source":"osm","cat":"office","demand_kwh":115897.94985315058,"demand_source":"comstock_modeled","id":"s_nova_00437","in_steam":false,"in_uten":false,"name":"Unnamed office","region":"nova","sources":["osm_overpass"],"steam_heated":false},"type":"Feature"},{"geometry":{"coordinates":[-77.42815,38.955684],"type":"Point"},"properties":{"area_m2":4266.49481208506,"area_source":"osm","cat":"hotel","demand_kwh":418131.3644870681,"demand_source":"comstock_modeled","id":"s_nova_00438","in_steam":false,"in_uten":false,"name":"The Westin Washington Dulles Airport","region":"nova","sources":["osm_overpass"],"steam_heated":false},"type":"Feature"},{"geometry":{"coordinates":[-77.377201,38.955772],"type":"Point"},"properties":{"area_m2":19978.375999212265,"area_source":"osm","cat":"school","demand_kwh":1575903.7518243988,"demand_source":"comstock_modeled","id":"s_nova_00439","in_steam":false,"in_uten":false,"name":"Unnamed school","region":"nova","sources":["osm_overpass"],"steam_heated":false},"type":"Feature"},{"geometry":{"coordinates":[-77.375724,38.956545],"type":"Point"},"properties":{"area_m2":2499.02624450624,"area_source":"osm","cat":"hotel","demand_kwh":244913.28350959098,"demand_source":"comstock_modeled","id":"s_nova_00440","in_steam":false,"in_uten":false,"name":"Hyatt House Herndon/Reston","region":"nova","sources":["osm_overpass"],"steam_heated":false},"type":"Feature"},{"geometry":{"coordinates":[-77.420271,38.957525],"type":"Point"},"properties":{"area_m2":2219.4111333023757,"area_source":"osm","cat":"hotel","demand_kwh":217510.0278797693,"demand_source":"comstock_modeled","id":"s_nova_00441","in_steam":false,"in_uten":false,"name":"Hyatt Place Herndon/Dulles Airport-East","region":"nova","sources":["osm_overpass"],"steam_heated":false},"type":"Feature"},{"geometry":{"coordinates":[-77.410909,38.957812],"type":"Point"},"properties":{"area_m2":2083.5539875971153,"area_source":"osm","cat":"hotel","demand_kwh":204195.55400577027,"demand_source":"comstock_modeled","id":"s_nova_00442","in_steam":false,"in_uten":false,"name":"Homewood Suites","region":"nova","sources":["osm_overpass"],"steam_heated":false},"type":"Feature"},{"geometry":{"coordinates":[-77.332838,38.957903],"type":"Point"},"properties":{"area_m2":315.5151807665825,"area_source":"osm","cat":"pool","demand_kwh":126206.072306633,"demand_source":"footprint_estimate","id":"s_nova_00443","in_steam":false,"in_uten":false,"name":"Unnamed pool","region":"nova","sources":["osm_overpass"],"steam_heated":false},"type":"Feature"},{"geometry":{"coordinates":[-77.402103,38.957924],"type":"Point"},"properties":{"area_m2":1606.4431945420802,"area_source":"osm","cat":"hotel","demand_kwh":157437.03308913173,"demand_source":"comstock_modeled","id":"s_nova_00444","in_steam":false,"in_uten":false,"name":"Washington Dulles Marriott Suites","region":"nova","sources":["osm_overpass"],"steam_heated":false},"type":"Feature"},{"geometry":{"coordinates":[-77.425689,38.958017],"type":"Point"},"properties":{"area_m2":3605.9700589878485,"area_source":"osm","cat":"office","demand_kwh":82092.2812232713,"demand_source":"comstock_modeled","id":"s_nova_00445","in_steam":false,"in_uten":false,"name":"Unnamed office","region":"nova","sources":["osm_overpass"],"steam_heated":false},"type":"Feature"},{"geometry":{"coordinates":[-77.355971,38.958259],"type":"Point"},"properties":{"area_m2":1947.562601262216,"area_source":"osm","cat":"hotel","demand_kwh":190867.92408210688,"demand_source":"comstock_modeled","id":"s_nova_00446","in_steam":false,"in_uten":false,"name":"Hyatt Regency Reston","region":"nova","sources":["osm_overpass"],"steam_heated":false},"type":"Feature"},{"geometry":{"coordinates":[-77.421629,38.958328],"type":"Point"},"properties":{"area_m2":1542.5458385152742,"area_source":"osm","cat":"hotel","demand_kwh":151174.86945379208,"demand_source":"comstock_modeled","id":"s_nova_00447","in_steam":false,"in_uten":false,"name":"Courtyard Dulles Airport Herndon","region":"nova","sources":["osm_overpass"],"steam_heated":false},"type":"Feature"},{"geometry":{"coordinates":[-77.338901,38.958344],"type":"Point"},"properties":{"area_m2":260.9862895682454,"area_source":"osm","cat":"pool","demand_kwh":104394.51582729816,"demand_source":"footprint_estimate","id":"s_nova_00448","in_steam":false,"in_uten":false,"name":"Unnamed pool","region":"nova","sources":["osm_overpass"],"steam_heated":false},"type":"Feature"},{"geometry":{"coordinates":[-77.396249,38.958424],"type":"Point"},"properties":{"area_m2":438.1143708974123,"area_source":"osm","cat":"pool","demand_kwh":175245.74835896492,"demand_source":"footprint_estimate","id":"s_nova_00449","in_steam":false,"in_uten":false,"name":"Unnamed pool","region":"nova","sources":["osm_overpass"],"steam_heated":false},"type":"Feature"},{"geometry":{"coordinates":[-77.521747,38.958544],"type":"Point"},"properties":{"area_m2":85.01855847612023,"area_source":"osm","cat":"greenhouse","demand_kwh":29756.49546664208,"demand_source":"footprint_estimate","id":"s_nova_00450","in_steam":false,"in_uten":false,"name":"Unnamed greenhouse","region":"nova","sources":["osm_overpass"],"steam_heated":false},"type":"Feature"},{"geometry":{"coordinates":[-77.403826,38.958673],"type":"Point"},"properties":{"area_m2":4238.322499413975,"area_source":"osm","cat":"hotel","demand_kwh":415370.379637268,"demand_source":"comstock_modeled","id":"s_nova_00451","in_steam":false,"in_uten":false,"name":"Crowne Plaza Dulles Airport","region":"nova","sources":["osm_overpass"],"steam_heated":false},"type":"Feature"},{"geometry":{"coordinates":[-77.372515,38.95928],"type":"Point"},"properties":{"area_m2":1555.0650676395744,"area_source":"osm","cat":"hotel","demand_kwh":152401.79754971815,"demand_source":"comstock_modeled","id":"s_nova_00452","in_steam":false,"in_uten":false,"name":"SpringHill Suites Herndon Reston","region":"nova","sources":["osm_overpass"],"steam_heated":false},"type":"Feature"},{"geometry":{"coordinates":[-77.352192,38.959669],"type":"Point"},"properties":{"area_m2":9131.139830076136,"area_source":"osm","cat":"school","demand_kwh":720268.6303039629,"demand_source":"comstock_modeled","id":"s_nova_00453","in_steam":false,"in_uten":false,"name":"Unnamed school","region":"nova","sources":["osm_overpass"],"steam_heated":false},"type":"Feature"},{"geometry":{"coordinates":[-77.416054,38.95977],"type":"Point"},"properties":{"area_m2":3161.2354569192976,"area_source":"osm","cat":"office","demand_kwh":71967.60535921855,"demand_source":"comstock_modeled","id":"s_nova_00454","in_steam":false,"in_uten":false,"name":"IBM","region":"nova","sources":["osm_overpass"],"steam_heated":false},"type":"Feature"},{"geometry":{"coordinates":[-77.372605,38.959948],"type":"Point"},"properties":{"area_m2":1327.071105107665,"area_source":"osm","cat":"hotel","demand_kwh":130057.59443988434,"demand_source":"comstock_modeled","id":"s_nova_00455","in_steam":false,"in_uten":false,"name":"Hampton Inn & Suites Herndon-Reston","region":"nova","sources":["osm_overpass"],"steam_heated":false},"type":"Feature"},{"geometry":{"coordinates":[-77.42322,38.960832],"type":"Point"},"properties":{"area_m2":8448.316187675635,"area_source":"osm","cat":"hotel","demand_kwh":827964.4370280255,"demand_source":"comstock_modeled","id":"s_nova_00456","in_steam":false,"in_uten":false,"name":"Hyatt Regency Dulles","region":"nova","sources":["osm_overpass"],"steam_heated":false},"type":"Feature"},{"geometry":{"coordinates":[-77.359612,38.961024],"type":"Point"},"properties":{"area_m2":6161.162884179037,"area_source":"osm","cat":"school","demand_kwh":485995.4435316371,"demand_source":"comstock_modeled","id":"s_nova_00457","in_steam":false,"in_uten":false,"name":"Unnamed school","region":"nova","sources":["osm_overpass"],"steam_heated":false},"type":"Feature"},{"geometry":{"coordinates":[-77.345463,38.961578],"type":"Point"},"properties":{"area_m2":349.7022325284779,"area_source":"osm","cat":"pool","demand_kwh":139880.89301139116,"demand_source":"footprint_estimate","id":"s_nova_00458","in_steam":false,"in_uten":false,"name":"Unnamed pool","region":"nova","sources":["osm_overpass"],"steam_heated":false},"type":"Feature"},{"geometry":{"coordinates":[-77.364964,38.962354],"type":"Point"},"properties":{"area_m2":127556.6910913568,"area_source":"osm","cat":"hospital","demand_kwh":159445863.864196,"demand_source":"footprint_estimate","id":"s_nova_00459","in_steam":false,"in_uten":false,"name":"Reston Hospital Center","region":"nova","sources":["osm_overpass"],"steam_heated":false},"type":"Feature"},{"geometry":{"coordinates":[-77.499294,38.962971],"type":"Point"},"properties":{"area_m2":null,"area_source":"none","cat":"brewery","demand_kwh":600000.0,"demand_source":"category_default","id":"s_nova_00460","in_steam":false,"in_uten":false,"name":"Ocelot Brewing Company","region":"nova","sources":["osm_overpass"],"steam_heated":false},"type":"Feature"},{"geometry":{"coordinates":[-77.376455,38.964527],"type":"Point"},"properties":{"area_m2":6146.956388102844,"area_source":"osm","cat":"office","demand_kwh":139939.50704653456,"demand_source":"comstock_modeled","id":"s_nova_00461","in_steam":false,"in_uten":false,"name":"Unnamed office","region":"nova","sources":["osm_overpass"],"steam_heated":false},"type":"Feature"},{"geometry":{"coordinates":[-77.40851,38.964776],"type":"Point"},"properties":{"area_m2":512.2966424375772,"area_source":"osm","cat":"pool","demand_kwh":204918.6569750309,"demand_source":"footprint_estimate","id":"s_nova_00462","in_steam":false,"in_uten":false,"name":"Unnamed pool","region":"nova","sources":["osm_overpass"],"steam_heated":false},"type":"Feature"},{"geometry":{"coordinates":[-77.382147,38.964856],"type":"Point"},"properties":{"area_m2":3094.003412015736,"area_source":"osm","cat":"office","demand_kwh":70437.02361639954,"demand_source":"comstock_modeled","id":"s_nova_00463","in_steam":false,"in_uten":false,"name":"510 Spring Street - Building D","region":"nova","sources":["osm_overpass"],"steam_heated":false},"type":"Feature"},{"geometry":{"coordinates":[-77.346782,38.965287],"type":"Point"},"properties":{"area_m2":41211.625936737284,"area_source":"osm","cat":"school","demand_kwh":3250792.5536614563,"demand_source":"comstock_modeled","id":"s_nova_00464","in_steam":false,"in_uten":false,"name":"Lake Anne Elementary School","region":"nova","sources":["osm_overpass"],"steam_heated":false},"type":"Feature"},{"geometry":{"coordinates":[-77.35691,38.965452],"type":"Point"},"properties":{"area_m2":16962.885696588084,"area_source":"osm","cat":"hospital","demand_kwh":21203607.120735105,"demand_source":"footprint_estimate","id":"s_nova_00465","in_steam":false,"in_uten":false,"name":"Inova Medical Center - Reston","region":"nova","sources":["osm_overpass"],"steam_heated":false},"type":"Feature"},{"geometry":{"coordinates":[-77.404156,38.966229],"type":"Point"},"properties":{"area_m2":615.7863708734512,"area_source":"osm","cat":"pool","demand_kwh":246314.5483493805,"demand_source":"footprint_estimate","id":"s_nova_00466","in_steam":false,"in_uten":false,"name":"Unnamed pool","region":"nova","sources":["osm_overpass"],"steam_heated":false},"type":"Feature"},{"geometry":{"coordinates":[-77.372897,38.9666],"type":"Point"},"properties":{"area_m2":329.6120128110051,"area_source":"osm","cat":"pool","demand_kwh":131844.80512440205,"demand_source":"footprint_estimate","id":"s_nova_00467","in_steam":false,"in_uten":false,"name":"Unnamed pool","region":"nova","sources":["osm_overpass"],"steam_heated":false},"type":"Feature"},{"geometry":{"coordinates":[-77.372613,38.966778],"type":"Point"},"properties":{"area_m2":394.83874680520967,"area_source":"osm","cat":"hotel","demand_kwh":38695.57358569568,"demand_source":"comstock_modeled","id":"s_nova_00468","in_steam":false,"in_uten":false,"name":"Trellis Herndon","region":"nova","sources":["osm_overpass"],"steam_heated":false},"type":"Feature"},{"geometry":{"coordinates":[-77.57586,38.967058],"type":"Point"},"properties":{"area_m2":373.0463824654071,"area_source":"osm","cat":"pool","demand_kwh":149218.55298616283,"demand_source":"footprint_estimate","id":"s_nova_00469","in_steam":false,"in_uten":false,"name":"Unnamed pool","region":"nova","sources":["osm_overpass"],"steam_heated":false},"type":"Feature"},{"geometry":{"coordinates":[-77.368822,38.967162],"type":"Point"},"properties":{"area_m2":1548.2418339394499,"area_source":"osm","cat":"hotel","demand_kwh":151733.09686147026,"demand_source":"comstock_modeled","id":"s_nova_00470","in_steam":false,"in_uten":false,"name":"Comfort Inn Herndon-Reston","region":"nova","sources":["osm_overpass"],"steam_heated":false},"type":"Feature"},{"geometry":{"coordinates":[-77.342788,38.967271],"type":"Point"},"properties":{"area_m2":333.6107157606457,"area_source":"osm","cat":"pool","demand_kwh":133444.28630425828,"demand_source":"footprint_estimate","id":"s_nova_00471","in_steam":false,"in_uten":false,"name":"North Shore Swimming Pool","region":"nova","sources":["osm_overpass"],"steam_heated":false},"type":"Feature"},{"geometry":{"coordinates":[-77.394903,38.967402],"type":"Point"},"properties":{"area_m2":1589.074994713068,"area_source":"osm","cat":"hotel","demand_kwh":155734.88896074364,"demand_source":"comstock_modeled","id":"s_nova_00472","in_steam":false,"in_uten":false,"name":"Extended Stay America","region":"nova","sources":["osm_overpass"],"steam_heated":false},"type":"Feature"},{"geometry":{"coordinates":[-77.317368,38.967463],"type":"Point"},"properties":{"area_m2":641.3021482928889,"area_source":"osm","cat":"pool","demand_kwh":256520.85931715555,"demand_source":"footprint_estimate","id":"s_nova_00473","in_steam":false,"in_uten":false,"name":"Unnamed pool","region":"nova","sources":["osm_overpass"],"steam_heated":false},"type":"Feature"},{"geometry":{"coordinates":[-77.377402,38.967582],"type":"Point"},"properties":{"area_m2":945.0508153438568,"area_source":"osm","cat":"hotel","demand_kwh":92618.27432909227,"demand_source":"comstock_modeled","id":"s_nova_00474","in_steam":false,"in_uten":false,"name":"Fairfield Inn & Suites Herndon Reston","region":"nova","sources":["osm_overpass"],"steam_heated":false},"type":"Feature"},{"geometry":{"coordinates":[-77.413934,38.968262],"type":"Point"},"properties":{"area_m2":282.610776075162,"area_source":"osm","cat":"pool","demand_kwh":113044.3104300648,"demand_source":"footprint_estimate","id":"s_nova_00475","in_steam":false,"in_uten":false,"name":"Unnamed pool","region":"nova","sources":["osm_overpass"],"steam_heated":false},"type":"Feature"},{"geometry":{"coordinates":[-77.510305,38.968408],"type":"Point"},"properties":{"area_m2":415.30703853897285,"area_source":"osm","cat":"pool","demand_kwh":166122.81541558914,"demand_source":"footprint_estimate","id":"s_nova_00476","in_steam":false,"in_uten":false,"name":"Unnamed pool","region":"nova","sources":["osm_overpass"],"steam_heated":false},"type":"Feature"},{"geometry":{"coordinates":[-77.329209,38.96897],"type":"Point"},"properties":{"area_m2":54301.687121206196,"area_source":"osm","cat":"school","demand_kwh":4283342.773610708,"demand_source":"comstock_modeled","id":"s_nova_00477","in_steam":false,"in_uten":false,"name":"Forest Edge Elementary School","region":"nova","sources":["osm_overpass"],"steam_heated":false},"type":"Feature"},{"geometry":{"coordinates":[-77.387302,38.969377],"type":"Point"},"properties":{"area_m2":641.5783417758066,"area_source":"osm","cat":"brewery","demand_kwh":256631.33671032265,"demand_source":"footprint_estimate","id":"s_nova_00478","in_steam":false,"in_uten":false,"name":"Izzi","region":"nova","sources":["osm_overpass"],"steam_heated":false},"type":"Feature"},{"geometry":{"coordinates":[-77.33166,38.969405],"type":"Point"},"properties":{"area_m2":9125.219235898927,"area_source":"osm","cat":"school","demand_kwh":719801.611033865,"demand_source":"comstock_modeled","id":"s_nova_00479","in_steam":false,"in_uten":false,"name":"Unnamed school","region":"nova","sources":["osm_overpass"],"steam_heated":false},"type":"Feature"},{"geometry":{"coordinates":[-77.512209,38.97024],"type":"Point"},"properties":{"area_m2":116674.89096160233,"area_source":"osm","cat":"school","demand_kwh":9203370.605165383,"demand_source":"comstock_modeled","id":"s_nova_00480","in_steam":false,"in_uten":false,"name":"Stone Hill Middle School","region":"nova","sources":["osm_overpass"],"steam_heated":false},"type":"Feature"},{"geometry":{"coordinates":[-77.514144,38.971726],"type":"Point"},"properties":{"area_m2":416.8105917411158,"area_source":"osm","cat":"pool","demand_kwh":166724.2366964463,"demand_source":"footprint_estimate","id":"s_nova_00481","in_steam":false,"in_uten":false,"name":"Unnamed pool","region":"nova","sources":["osm_overpass"],"steam_heated":false},"type":"Feature"},{"geometry":{"coordinates":[-77.527683,38.972159],"type":"Point"},"properties":{"area_m2":64795.21431266377,"area_source":"osm","cat":"school","demand_kwh":5111077.163610244,"demand_source":"comstock_modeled","id":"s_nova_00482","in_steam":false,"in_uten":false,"name":"Creighton's Corner Elementary School","region":"nova","sources":["osm_overpass"],"steam_heated":false},"type":"Feature"},{"geometry":{"coordinates":[-77.348713,38.975839],"type":"Point"},"properties":{"area_m2":993.8556878548115,"area_source":"osm","cat":"pool","demand_kwh":397542.2751419246,"demand_source":"footprint_estimate","id":"s_nova_00483","in_steam":false,"in_uten":false,"name":"Lake Newport Pool","region":"nova","sources":["osm_overpass"],"steam_heated":false},"type":"Feature"},{"geometry":{"coordinates":[-77.376105,38.97594],"type":"Point"},"properties":{"area_m2":56106.427421655506,"area_source":"osm","cat":"school","demand_kwh":4425701.542444517,"demand_source":"comstock_modeled","id":"s_nova_00484","in_steam":false,"in_uten":false,"name":"Herndon Elementary School","region":"nova","sources":["osm_overpass"],"steam_heated":false},"type":"Feature"},{"geometry":{"coordinates":[-77.426893,38.97704],"type":"Point"},"properties":{"area_m2":1403.355741966312,"area_source":"osm","cat":"hotel","demand_kwh":137533.75477852035,"demand_source":"comstock_modeled","id":"s_nova_00485","in_steam":false,"in_uten":false,"name":"Comfort Inn & Suites","region":"nova","sources":["osm_overpass"],"steam_heated":false},"type":"Feature"},{"geometry":{"coordinates":[-77.431405,38.977519],"type":"Point"},"properties":{"area_m2":1020.3541524982866,"area_source":"osm","cat":"hotel","demand_kwh":99998.26387592679,"demand_source":"comstock_modeled","id":"s_nova_00486","in_steam":false,"in_uten":false,"name":"Extended Stay America","region":"nova","sources":["osm_overpass"],"steam_heated":false},"type":"Feature"},{"geometry":{"coordinates":[-77.318215,38.977524],"type":"Point"},"properties":{"area_m2":394.41163009405136,"area_source":"osm","cat":"pool","demand_kwh":157764.65203762054,"demand_source":"footprint_estimate","id":"s_nova_00487","in_steam":false,"in_uten":false,"name":"Unnamed pool","region":"nova","sources":["osm_overpass"],"steam_heated":false},"type":"Feature"},{"geometry":{"coordinates":[-77.431996,38.977658],"type":"Point"},"properties":{"area_m2":990.3277805222315,"area_source":"osm","cat":"hotel","demand_kwh":97055.57475103166,"demand_source":"comstock_modeled","id":"s_nova_00488","in_steam":false,"in_uten":false,"name":"Extended Stay America","region":"nova","sources":["osm_overpass"],"steam_heated":false},"type":"Feature"},{"geometry":{"coordinates":[-77.426543,38.977751],"type":"Point"},"properties":{"area_m2":2590.1910182347056,"area_source":"osm","cat":"hotel","demand_kwh":253847.7491332839,"demand_source":"comstock_modeled","id":"s_nova_00489","in_steam":false,"in_uten":false,"name":"Hyatt House Dulles","region":"nova","sources":["osm_overpass"],"steam_heated":false},"type":"Feature"},{"geometry":{"coordinates":[-77.55424,38.977879],"type":"Point"},"properties":{"area_m2":232985.999589734,"area_source":"osm","cat":"school","demand_kwh":18378045.887738656,"demand_source":"comstock_modeled","id":"s_nova_00490","in_steam":false,"in_uten":false,"name":"Independence High School","region":"nova","sources":["osm_overpass"],"steam_heated":false},"type":"Feature"},{"geometry":{"coordinates":[-77.544075,38.97789],"type":"Point"},"properties":{"area_m2":66869.24813252129,"area_source":"osm","cat":"school","demand_kwh":5274677.932674408,"demand_source":"comstock_modeled","id":"s_nova_00491","in_steam":false,"in_uten":false,"name":"Madison's Trust Elementary School","region":"nova","sources":["osm_overpass"],"steam_heated":false},"type":"Feature"},{"geometry":{"coordinates":[-77.498735,38.978039],"type":"Point"},"properties":{"area_m2":153758.07777966466,"area_source":"osm","cat":"school","demand_kwh":12128509.927725622,"demand_source":"comstock_modeled","id":"s_nova_00492","in_steam":false,"in_uten":false,"name":"Rock Ridge High School","region":"nova","sources":["osm_overpass"],"steam_heated":false},"type":"Feature"},{"geometry":{"coordinates":[-77.431987,38.978232],"type":"Point"},"properties":{"area_m2":983.0258315708197,"area_source":"osm","cat":"hotel","demand_kwh":96339.9582993673,"demand_source":"comstock_modeled","id":"s_nova_00493","in_steam":false,"in_uten":false,"name":"Extended Stay America","region":"nova","sources":["osm_overpass"],"steam_heated":false},"type":"Feature"},{"geometry":{"coordinates":[-77.511716,38.979402],"type":"Point"},"properties":{"area_m2":383.93180335406214,"area_source":"osm","cat":"pool","demand_kwh":153572.72134162486,"demand_source":"footprint_estimate","id":"s_nova_00494","in_steam":false,"in_uten":false,"name":"Unnamed pool","region":"nova","sources":["osm_overpass"],"steam_heated":false},"type":"Feature"},{"geometry":{"coordinates":[-77.526506,38.979792],"type":"Point"},"properties":{"area_m2":84439.73028730461,"area_source":"osm","cat":"school","demand_kwh":6660645.8787266025,"demand_source":"comstock_modeled","id":"s_nova_00495","in_steam":false,"in_uten":false,"name":"Legacy Elementary School","region":"nova","sources":["osm_overpass"],"steam_heated":false},"type":"Feature"},{"geometry":{"coordinates":[-77.422631,38.979895],"type":"Point"},"properties":{"area_m2":1099.485951804556,"area_source":"osm","cat":"hotel","demand_kwh":107753.45605957255,"demand_source":"comstock_modeled","id":"s_nova_00496","in_steam":false,"in_uten":false,"name":"Country Inn & Suites","region":"nova","sources":["osm_overpass"],"steam_heated":false},"type":"Feature"},{"geometry":{"coordinates":[-77.551809,38.98003],"type":"Point"},"properties":{"area_m2":98331.82448809326,"area_source":"osm","cat":"school","demand_kwh":7756460.842494629,"demand_source":"comstock_modeled","id":"s_nova_00497","in_steam":false,"in_uten":false,"name":"Brambleton Middle School","region":"nova","sources":["osm_overpass"],"steam_heated":false},"type":"Feature"},{"geometry":{"coordinates":[-77.433649,38.980441],"type":"Point"},"properties":{"area_m2":1854.2838280597934,"area_source":"osm","cat":"hotel","demand_kwh":181726.27914061266,"demand_source":"comstock_modeled","id":"s_nova_00498","in_steam":false,"in_uten":false,"name":"Fairfield Inn & Suites at Dulles Airport","region":"nova","sources":["osm_overpass"],"steam_heated":false},"type":"Feature"},{"geometry":{"coordinates":[-77.358355,38.98054],"type":"Point"},"properties":{"area_m2":57703.764810774475,"area_source":"osm","cat":"school","demand_kwh":4551700.27149743,"demand_source":"comstock_modeled","id":"s_nova_00499","in_steam":false,"in_uten":false,"name":"Armstrong Elementary School","region":"nova","sources":["osm_overpass"],"steam_heated":false},"type":"Feature"},{"geometry":{"coordinates":[-77.384647,38.982125],"type":"Point"},"properties":{"area_m2":350.8618965484202,"area_source":"osm","cat":"pool","demand_kwh":140344.75861936808,"demand_source":"footprint_estimate","id":"s_nova_00500","in_steam":false,"in_uten":false,"name":"Unnamed pool","region":"nova","sources":["osm_overpass"],"steam_heated":false},"type":"Feature"},{"geometry":{"coordinates":[-77.390907,38.98295],"type":"Point"},"properties":{"area_m2":54626.41527414508,"area_source":"osm","cat":"school","demand_kwh":4308957.483963521,"demand_source":"comstock_modeled","id":"s_nova_00501","in_steam":false,"in_uten":false,"name":"Clearview Elementary School","region":"nova","sources":["osm_overpass"],"steam_heated":false},"type":"Feature"},{"geometry":{"coordinates":[-77.341078,38.983861],"type":"Point"},"properties":{"area_m2":364.6350095489761,"area_source":"osm","cat":"pool","demand_kwh":145854.00381959043,"demand_source":"footprint_estimate","id":"s_nova_00502","in_steam":false,"in_uten":false,"name":"Unnamed pool","region":"nova","sources":["osm_overpass"],"steam_heated":false},"type":"Feature"},{"geometry":{"coordinates":[-77.524397,38.984661],"type":"Point"},"properties":{"area_m2":520.252895625541,"area_source":"osm","cat":"pool","demand_kwh":208101.1582502164,"demand_source":"footprint_estimate","id":"s_nova_00503","in_steam":false,"in_uten":false,"name":"Unnamed pool","region":"nova","sources":["osm_overpass"],"steam_heated":false},"type":"Feature"},{"geometry":{"coordinates":[-77.429068,38.985989],"type":"Point"},"properties":{"area_m2":9135.61267003417,"area_source":"osm","cat":"hotel","demand_kwh":895321.888198883,"demand_source":"comstock_modeled","id":"s_nova_00504","in_steam":false,"in_uten":false,"name":"Best Western Dulles Aiport Inn","region":"nova","sources":["osm_overpass"],"steam_heated":false},"type":"Feature"},{"geometry":{"coordinates":[-77.388797,38.986015],"type":"Point"},"properties":{"area_m2":484.2286943709478,"area_source":"osm","cat":"pool","demand_kwh":193691.4777483791,"demand_source":"footprint_estimate","id":"s_nova_00505","in_steam":false,"in_uten":false,"name":"Unnamed pool","region":"nova","sources":["osm_overpass"],"steam_heated":false},"type":"Feature"},{"geometry":{"coordinates":[-77.429559,38.986582],"type":"Point"},"properties":{"area_m2":982.1873626157176,"area_source":"osm","cat":"hotel","demand_kwh":96257.78541888381,"demand_source":"comstock_modeled","id":"s_nova_00506","in_steam":false,"in_uten":false,"name":"TownePlace Suites Dulles Airport","region":"nova","sources":["osm_overpass"],"steam_heated":false},"type":"Feature"},{"geometry":{"coordinates":[-77.374258,38.987076],"type":"Point"},"properties":{"area_m2":166993.50517932058,"area_source":"osm","cat":"school","demand_kwh":13172526.70351058,"demand_source":"comstock_modeled","id":"s_nova_00507","in_steam":false,"in_uten":false,"name":"Herndon High School","region":"nova","sources":["osm_overpass"],"steam_heated":false},"type":"Feature"},{"geometry":{"coordinates":[-77.429884,38.988108],"type":"Point"},"properties":{"area_m2":2347.807003124588,"area_source":"osm","cat":"hotel","demand_kwh":230093.2707073936,"demand_source":"comstock_modeled","id":"s_nova_00508","in_steam":false,"in_uten":false,"name":"Hampton Inn & Suites","region":"nova","sources":["osm_overpass"],"steam_heated":false},"type":"Feature"},{"geometry":{"coordinates":[-77.370815,38.989077],"type":"Point"},"properties":{"area_m2":358.8973337569696,"area_source":"osm","cat":"pool","demand_kwh":143558.93350278784,"demand_source":"footprint_estimate","id":"s_nova_00509","in_steam":false,"in_uten":false,"name":"Kingstream Community Pool","region":"nova","sources":["osm_overpass"],"steam_heated":false},"type":"Feature"},{"geometry":{"coordinates":[-77.401246,38.989853],"type":"Point"},"properties":{"area_m2":55701.34674517065,"area_source":"osm","cat":"school","demand_kwh":4393748.587014645,"demand_source":"comstock_modeled","id":"s_nova_00510","in_steam":false,"in_uten":false,"name":"Forest Grove Elementary School","region":"nova","sources":["osm_overpass"],"steam_heated":false},"type":"Feature"},{"geometry":{"coordinates":[-77.413666,38.990407],"type":"Point"},"properties":{"area_m2":14425.087397453375,"area_source":"osm","cat":"office","demand_kwh":146267.99631376346,"demand_source":"comstock_modeled","id":"s_nova_00511","in_steam":false,"in_uten":false,"name":"Collins Aerospace","region":"nova","sources":["osm_overpass"],"steam_heated":false},"type":"Feature"},{"geometry":{"coordinates":[-77.481808,38.990561],"type":"Point"},"properties":{"area_m2":339.6670600841753,"area_source":"osm","cat":"pool","demand_kwh":135866.82403367013,"demand_source":"footprint_estimate","id":"s_nova_00512","in_steam":false,"in_uten":false,"name":"Unnamed pool","region":"nova","sources":["osm_overpass"],"steam_heated":false},"type":"Feature"},{"geometry":{"coordinates":[-77.530643,38.990659],"type":"Point"},"properties":{"area_m2":330.03179659624584,"area_source":"osm","cat":"pool","demand_kwh":132012.71863849834,"demand_source":"footprint_estimate","id":"s_nova_00513","in_steam":false,"in_uten":false,"name":"Brambleton Community Pool","region":"nova","sources":["osm_overpass"],"steam_heated":false},"type":"Feature"},{"geometry":{"coordinates":[-77.429822,38.991367],"type":"Point"},"properties":{"area_m2":1822.4754549333593,"area_source":"osm","cat":"hotel","demand_kwh":178608.94769096537,"demand_source":"comstock_modeled","id":"s_nova_00514","in_steam":false,"in_uten":false,"name":"SpringHill Suites Dulles Airport","region":"nova","sources":["osm_overpass"],"steam_heated":false},"type":"Feature"},{"geometry":{"coordinates":[-77.531049,38.99351],"type":"Point"},"properties":{"area_m2":266537.8576536523,"area_source":"osm","cat":"school","demand_kwh":21024632.32728176,"demand_source":"comstock_modeled","id":"s_nova_00515","in_steam":false,"in_uten":false,"name":"Briar Woods High School","region":"nova","sources":["osm_overpass"],"steam_heated":false},"type":"Feature"},{"geometry":{"coordinates":[-77.387384,38.994232],"type":"Point"},"properties":{"area_m2":683.6910784761421,"area_source":"osm","cat":"pool","demand_kwh":273476.43139045686,"demand_source":"footprint_estimate","id":"s_nova_00516","in_steam":false,"in_uten":false,"name":"Unnamed pool","region":"nova","sources":["osm_overpass"],"steam_heated":false},"type":"Feature"},{"geometry":{"coordinates":[-77.422862,38.99446],"type":"Point"},"properties":{"area_m2":null,"area_source":"none","cat":"brewery","demand_kwh":600000.0,"demand_source":"category_default","id":"s_nova_00517","in_steam":false,"in_uten":false,"name":"Crooked Run Fermentation","region":"nova","sources":["osm_overpass"],"steam_heated":false},"type":"Feature"},{"geometry":{"coordinates":[-77.387574,38.995913],"type":"Point"},"properties":{"area_m2":52880.839147367515,"area_source":"osm","cat":"school","demand_kwh":4171265.613143173,"demand_source":"comstock_modeled","id":"s_nova_00518","in_steam":false,"in_uten":false,"name":"Dranesville Elementary School","region":"nova","sources":["osm_overpass"],"steam_heated":false},"type":"Feature"},{"geometry":{"coordinates":[-77.398882,38.996188],"type":"Point"},"properties":{"area_m2":59288.681862808764,"area_source":"osm","cat":"school","demand_kwh":4676719.278484274,"demand_source":"comstock_modeled","id":"s_nova_00519","in_steam":false,"in_uten":false,"name":"Sully Elementary School","region":"nova","sources":["osm_overpass"],"steam_heated":false},"type":"Feature"},{"geometry":{"coordinates":[-77.481461,38.997146],"type":"Point"},"properties":{"area_m2":2395.7044592231396,"area_source":"osm","cat":"hotel","demand_kwh":234787.38837448135,"demand_source":"comstock_modeled","id":"s_nova_00520","in_steam":false,"in_uten":false,"name":"Hilton Garden Inn Dulles North","region":"nova","sources":["osm_overpass"],"steam_heated":false},"type":"Feature"},{"geometry":{"coordinates":[-77.41673,38.997361],"type":"Point"},"properties":{"area_m2":818.6166413389146,"area_source":"osm","cat":"pool","demand_kwh":327446.65653556585,"demand_source":"footprint_estimate","id":"s_nova_00521","in_steam":false,"in_uten":false,"name":"Unnamed pool","region":"nova","sources":["osm_overpass"],"steam_heated":false},"type":"Feature"},{"geometry":{"coordinates":[-77.482341,38.997369],"type":"Point"},"properties":{"area_m2":1775.7935309391469,"area_source":"osm","cat":"hotel","demand_kwh":174033.95640741978,"demand_source":"comstock_modeled","id":"s_nova_00522","in_steam":false,"in_uten":false,"name":"Aloft Dulles Airport North","region":"nova","sources":["osm_overpass"],"steam_heated":false},"type":"Feature"},{"geometry":{"coordinates":[-77.427287,38.998105],"type":"Point"},"properties":{"area_m2":5541.171555424109,"area_source":"osm","cat":"office","demand_kwh":126148.4167070286,"demand_source":"comstock_modeled","id":"s_nova_00523","in_steam":false,"in_uten":false,"name":"U.S. Customs and Border Protection","region":"nova","sources":["osm_overpass"],"steam_heated":false},"type":"Feature"},{"geometry":{"coordinates":[-77.505934,38.998726],"type":"Point"},"properties":{"area_m2":65981.15956953727,"area_source":"osm","cat":"school","demand_kwh":5204625.086616549,"demand_source":"comstock_modeled","id":"s_nova_00524","in_steam":false,"in_uten":false,"name":"Moorefield Station Elementary School","region":"nova","sources":["osm_overpass"],"steam_heated":false},"type":"Feature"},{"geometry":{"coordinates":[-77.415659,39.001215],"type":"Point"},"properties":{"area_m2":52562.946163441055,"area_source":"osm","cat":"school","demand_kwh":4146190.0641562026,"demand_source":"comstock_modeled","id":"s_nova_00525","in_steam":false,"in_uten":false,"name":"Guilford Elementary School","region":"nova","sources":["osm_overpass"],"steam_heated":false},"type":"Feature"},{"geometry":{"coordinates":[-77.406184,39.001781],"type":"Point"},"properties":{"area_m2":96189.67123915348,"area_source":"osm","cat":"school","demand_kwh":7587486.780632938,"demand_source":"comstock_modeled","id":"s_nova_00526","in_steam":false,"in_uten":false,"name":"Sterling Middle School","region":"nova","sources":["osm_overpass"],"steam_heated":false},"type":"Feature"},{"geometry":{"coordinates":[-77.459197,39.003685],"type":"Point"},"properties":{"area_m2":1031.1347846272402,"area_source":"osm","cat":"pool","demand_kwh":412453.91385089606,"demand_source":"footprint_estimate","id":"s_nova_00527","in_steam":false,"in_uten":false,"name":"Unnamed pool","region":"nova","sources":["osm_overpass"],"steam_heated":false},"type":"Feature"},{"geometry":{"coordinates":[-77.435804,39.008009],"type":"Point"},"properties":{"area_m2":3613.469070026884,"area_source":"osm","cat":"hotel","demand_kwh":354132.5653326577,"demand_source":"comstock_modeled","id":"s_nova_00528","in_steam":false,"in_uten":false,"name":"Residence Inn Dulles Airport at Dulles 28 Centre","region":"nova","sources":["osm_overpass"],"steam_heated":false},"type":"Feature"},{"geometry":{"coordinates":[-77.492909,39.008464],"type":"Point"},"properties":{"area_m2":3000.0672559877858,"area_source":"osm","cat":"office","demand_kwh":68298.5052117725,"demand_source":"comstock_modeled","id":"s_nova_00529","in_steam":false,"in_uten":false,"name":"Unnamed office","region":"nova","sources":["osm_overpass"],"steam_heated":false},"type":"Feature"},{"geometry":{"coordinates":[-77.410212,39.00867],"type":"Point"},"properties":{"area_m2":8192.373801846057,"area_source":"osm","cat":"school","demand_kwh":646218.3218088478,"demand_source":"comstock_modeled","id":"s_nova_00530","in_steam":false,"in_uten":false,"name":"Discovery Oaks Academy","region":"nova","sources":["osm_overpass"],"steam_heated":false},"type":"Feature"},{"geometry":{"coordinates":[-77.40236,39.009565],"type":"Point"},"properties":{"area_m2":63419.29619409144,"area_source":"osm","cat":"school","demand_kwh":5002544.091385215,"demand_source":"comstock_modeled","id":"s_nova_00531","in_steam":false,"in_uten":false,"name":"Sterling Elementary School","region":"nova","sources":["osm_overpass"],"steam_heated":false},"type":"Feature"},{"geometry":{"coordinates":[-77.426209,39.009682],"type":"Point"},"properties":{"area_m2":431.3075324323145,"area_source":"osm","cat":"pool","demand_kwh":172523.0129729258,"demand_source":"footprint_estimate","id":"s_nova_00532","in_steam":false,"in_uten":false,"name":"Unnamed pool","region":"nova","sources":["osm_overpass"],"steam_heated":false},"type":"Feature"},{"geometry":{"coordinates":[-77.384701,39.010789],"type":"Point"},"properties":{"area_m2":458.3280240893364,"area_source":"osm","cat":"pool","demand_kwh":183331.20963573456,"demand_source":"footprint_estimate","id":"s_nova_00533","in_steam":false,"in_uten":false,"name":"Unnamed pool","region":"nova","sources":["osm_overpass"],"steam_heated":false},"type":"Feature"},{"geometry":{"coordinates":[-77.554998,39.011528],"type":"Point"},"properties":{"area_m2":385.6447016658494,"area_source":"osm","cat":"pool","demand_kwh":154257.88066633977,"demand_source":"footprint_estimate","id":"s_nova_00534","in_steam":false,"in_uten":false,"name":"Unnamed pool","region":"nova","sources":["osm_overpass"],"steam_heated":false},"type":"Feature"},{"geometry":{"coordinates":[-77.421467,39.012073],"type":"Point"},"properties":{"area_m2":360.35068861953914,"area_source":"osm","cat":"pool","demand_kwh":144140.27544781566,"demand_source":"footprint_estimate","id":"s_nova_00535","in_steam":false,"in_uten":false,"name":"Unnamed pool","region":"nova","sources":["osm_overpass"],"steam_heated":false},"type":"Feature"},{"geometry":{"coordinates":[-77.430939,39.012132],"type":"Point"},"properties":{"area_m2":107326.29164501888,"area_source":"osm","cat":"office","demand_kwh":1088270.8158478779,"demand_source":"comstock_modeled","id":"s_nova_00536","in_steam":false,"in_uten":false,"name":"Northrop Grumman","region":"nova","sources":["osm_overpass"],"steam_heated":false},"type":"Feature"},{"geometry":{"coordinates":[-77.515494,39.012203],"type":"Point"},"properties":{"area_m2":76083.19999429956,"area_source":"osm","cat":"school","demand_kwh":6001478.815222534,"demand_source":"comstock_modeled","id":"s_nova_00537","in_steam":false,"in_uten":false,"name":"Mill Run Elementary School","region":"nova","sources":["osm_overpass"],"steam_heated":false},"type":"Feature"},{"geometry":{"coordinates":[-77.401152,39.013565],"type":"Point"},"properties":{"area_m2":146331.032217209,"area_source":"osm","cat":"school","demand_kwh":11542661.05956406,"demand_source":"comstock_modeled","id":"s_nova_00538","in_steam":false,"in_uten":false,"name":"Park View High School","region":"nova","sources":["osm_overpass"],"steam_heated":false},"type":"Feature"},{"geometry":{"coordinates":[-77.461982,39.014068],"type":"Point"},"properties":{"area_m2":2583.622911037877,"area_source":"osm","cat":"hotel","demand_kwh":253204.0517317242,"demand_source":"comstock_modeled","id":"s_nova_00539","in_steam":false,"in_uten":false,"name":"Embassy Suites","region":"nova","sources":["osm_overpass"],"steam_heated":false},"type":"Feature"},{"geometry":{"coordinates":[-77.461499,39.014564],"type":"Point"},"properties":{"area_m2":2992.464596263133,"area_source":"osm","cat":"hotel","demand_kwh":293271.9620965055,"demand_source":"comstock_modeled","id":"s_nova_00540","in_steam":false,"in_uten":false,"name":"Homewood Suites","region":"nova","sources":["osm_overpass"],"steam_heated":false},"type":"Feature"},{"geometry":{"coordinates":[-77.516214,39.014963],"type":"Point"},"properties":{"area_m2":114667.26533904672,"area_source":"osm","cat":"school","demand_kwh":9045008.146126222,"demand_source":"comstock_modeled","id":"s_nova_00541","in_steam":false,"in_uten":false,"name":"Eagle Ridge Middle School","region":"nova","sources":["osm_overpass"],"steam_heated":false},"type":"Feature"},{"geometry":{"coordinates":[-77.384581,39.015172],"type":"Point"},"properties":{"area_m2":53235.98025304638,"area_source":"osm","cat":"school","demand_kwh":4199279.311598365,"demand_source":"comstock_modeled","id":"s_nova_00542","in_steam":false,"in_uten":false,"name":"Rolling Ridge Elementary School","region":"nova","sources":["osm_overpass"],"steam_heated":false},"type":"Feature"},{"geometry":{"coordinates":[-77.529852,39.016098],"type":"Point"},"properties":{"area_m2":47122.04563843564,"area_source":"osm","cat":"school","demand_kwh":3717009.2563168937,"demand_source":"comstock_modeled","id":"s_nova_00543","in_steam":false,"in_uten":false,"name":"Waxpool Elementary School","region":"nova","sources":["osm_overpass"],"steam_heated":false},"type":"Feature"},{"geometry":{"coordinates":[-77.496244,39.016652],"type":"Point"},"properties":{"area_m2":392.68228731304407,"area_source":"osm","cat":"pool","demand_kwh":157072.91492521763,"demand_source":"footprint_estimate","id":"s_nova_00544","in_steam":false,"in_uten":false,"name":"Unnamed pool","region":"nova","sources":["osm_overpass"],"steam_heated":false},"type":"Feature"},{"geometry":{"coordinates":[-77.479146,39.017158],"type":"Point"},"properties":{"area_m2":5182.743222356308,"area_source":"osm","cat":"office","demand_kwh":117988.55984874697,"demand_source":"comstock_modeled","id":"s_nova_00545","in_steam":false,"in_uten":false,"name":"Unnamed office","region":"nova","sources":["osm_overpass"],"steam_heated":false},"type":"Feature"},{"geometry":{"coordinates":[-77.478754,39.017872],"type":"Point"},"properties":{"area_m2":5692.09341782704,"area_source":"osm","cat":"office","demand_kwh":129584.2522154906,"demand_source":"comstock_modeled","id":"s_nova_00546","in_steam":false,"in_uten":false,"name":"Unnamed office","region":"nova","sources":["osm_overpass"],"steam_heated":false},"type":"Feature"},{"geometry":{"coordinates":[-77.426924,39.018319],"type":"Point"},"properties":{"area_m2":2211.214621904306,"area_source":"osm","cat":"hotel","demand_kwh":216706.74118990835,"demand_source":"comstock_modeled","id":"s_nova_00547","in_steam":false,"in_uten":false,"name":"DoubleTree By Hilton Sterling Dulles Airport","region":"nova","sources":["osm_overpass"],"steam_heated":false},"type":"Feature"},{"geometry":{"coordinates":[-77.478005,39.019236],"type":"Point"},"properties":{"area_m2":54881.848176019266,"area_source":"osm","cat":"school","demand_kwh":4329106.152124476,"demand_source":"comstock_modeled","id":"s_nova_00548","in_steam":false,"in_uten":false,"name":"Discovery Elementary School","region":"nova","sources":["osm_overpass"],"steam_heated":false},"type":"Feature"},{"geometry":{"coordinates":[-77.507255,39.019318],"type":"Point"},"properties":{"area_m2":381.2648525497643,"area_source":"osm","cat":"pool","demand_kwh":152505.94101990573,"demand_source":"footprint_estimate","id":"s_nova_00549","in_steam":false,"in_uten":false,"name":"Summerbrooke Pool","region":"nova","sources":["osm_overpass"],"steam_heated":false},"type":"Feature"},{"geometry":{"coordinates":[-77.513697,39.021102],"type":"Point"},"properties":{"area_m2":51359.54958206415,"area_source":"osm","cat":"school","demand_kwh":4051265.572415768,"demand_source":"comstock_modeled","id":"s_nova_00550","in_steam":false,"in_uten":false,"name":"Hillside Elementary School","region":"nova","sources":["osm_overpass"],"steam_heated":false},"type":"Feature"},{"geometry":{"coordinates":[-77.425776,39.021309],"type":"Point"},"properties":{"area_m2":1149.5751231440809,"area_source":"osm","cat":"hotel","demand_kwh":112662.36946054459,"demand_source":"comstock_modeled","id":"s_nova_00551","in_steam":false,"in_uten":false,"name":"Unnamed hotel","region":"nova","sources":["osm_overpass"],"steam_heated":false},"type":"Feature"},{"geometry":{"coordinates":[-77.425282,39.021576],"type":"Point"},"properties":{"area_m2":1465.4680351129937,"area_source":"osm","cat":"hotel","demand_kwh":143620.9760289197,"demand_source":"comstock_modeled","id":"s_nova_00552","in_steam":false,"in_uten":false,"name":"Candlewood Suites Washington Dulles Sterling","region":"nova","sources":["osm_overpass"],"steam_heated":false},"type":"Feature"},{"geometry":{"coordinates":[-77.490678,39.022477],"type":"Point"},"properties":{"area_m2":154583.21311151236,"area_source":"osm","cat":"school","demand_kwh":12193596.993124377,"demand_source":"comstock_modeled","id":"s_nova_00553","in_steam":false,"in_uten":false,"name":"Broad Run High School","region":"nova","sources":["osm_overpass"],"steam_heated":false},"type":"Feature"},{"geometry":{"coordinates":[-77.397569,39.02279],"type":"Point"},"properties":{"area_m2":447.9549193806015,"area_source":"osm","cat":"pool","demand_kwh":179181.9677522406,"demand_source":"footprint_estimate","id":"s_nova_00554","in_steam":false,"in_uten":false,"name":"Unnamed pool","region":"nova","sources":["osm_overpass"],"steam_heated":false},"type":"Feature"},{"geometry":{"coordinates":[-77.487653,39.023944],"type":"Point"},"properties":{"area_m2":369.93332305178046,"area_source":"osm","cat":"pool","demand_kwh":147973.32922071218,"demand_source":"footprint_estimate","id":"s_nova_00555","in_steam":false,"in_uten":false,"name":"Unnamed pool","region":"nova","sources":["osm_overpass"],"steam_heated":false},"type":"Feature"},{"geometry":{"coordinates":[-77.389666,39.024943],"type":"Point"},"properties":{"area_m2":null,"area_source":"none","cat":"university","demand_kwh":5000000.0,"demand_source":"category_default","id":"s_nova_00556","in_steam":false,"in_uten":false,"name":"Mason in Loudoun","region":"nova","sources":["osm_overpass"],"steam_heated":false},"type":"Feature"},{"geometry":{"coordinates":[-77.408023,39.025493],"type":"Point"},"properties":{"area_m2":2802.3008321940433,"area_source":"osm","cat":"university","demand_kwh":253779.2893916522,"demand_source":"comstock_modeled","id":"s_nova_00557","in_steam":false,"in_uten":false,"name":"George Mason University Loudoun","region":"nova","sources":["osm_overpass"],"steam_heated":false},"type":"Feature"},{"geometry":{"coordinates":[-77.500305,39.025816],"type":"Point"},"properties":{"area_m2":47260.89733680431,"area_source":"osm","cat":"school","demand_kwh":3727961.9439835493,"demand_source":"comstock_modeled","id":"s_nova_00558","in_steam":false,"in_uten":false,"name":"Saint Theresa Catholic School","region":"nova","sources":["osm_overpass"],"steam_heated":false},"type":"Feature"},{"geometry":{"coordinates":[-77.372652,39.026318],"type":"Point"},"properties":{"area_m2":167291.18922600895,"area_source":"osm","cat":"school","demand_kwh":13196008.161966112,"demand_source":"comstock_modeled","id":"s_nova_00559","in_steam":false,"in_uten":false,"name":"Dominion High School","region":"nova","sources":["osm_overpass"],"steam_heated":false},"type":"Feature"},{"geometry":{"coordinates":[-77.444077,39.026742],"type":"Point"},"properties":{"area_m2":3736.093436764553,"area_source":"osm","cat":"office","demand_kwh":85054.62554322541,"demand_source":"comstock_modeled","id":"s_nova_00560","in_steam":false,"in_uten":false,"name":"Washington Commanders Headquarters","region":"nova","sources":["osm_overpass"],"steam_heated":false},"type":"Feature"},{"geometry":{"coordinates":[-77.372636,39.028479],"type":"Point"},"properties":{"area_m2":89737.77575940592,"area_source":"osm","cat":"school","demand_kwh":7078558.212399266,"demand_source":"comstock_modeled","id":"s_nova_00561","in_steam":false,"in_uten":false,"name":"Seneca Ridge Middle School","region":"nova","sources":["osm_overpass"],"steam_heated":false},"type":"Feature"},{"geometry":{"coordinates":[-77.443518,39.02886],"type":"Point"},"properties":{"area_m2":3203.4147653194377,"area_source":"osm","cat":"office","demand_kwh":72927.8450701271,"demand_source":"comstock_modeled","id":"s_nova_00562","in_steam":false,"in_uten":false,"name":"Unnamed office","region":"nova","sources":["osm_overpass"],"steam_heated":false},"type":"Feature"},{"geometry":{"coordinates":[-77.39297,39.029451],"type":"Point"},"properties":{"area_m2":474.77446111291647,"area_source":"osm","cat":"greenhouse","demand_kwh":166171.06138952076,"demand_source":"footprint_estimate","id":"s_nova_00563","in_steam":false,"in_uten":false,"name":"Greenhouse (LG1)","region":"nova","sources":["osm_overpass"],"steam_heated":false},"type":"Feature"},{"geometry":{"coordinates":[-77.535394,39.029606],"type":"Point"},"properties":{"area_m2":582.2286913188873,"area_source":"osm","cat":"pool","demand_kwh":232891.4765275549,"demand_source":"footprint_estimate","id":"s_nova_00564","in_steam":false,"in_uten":false,"name":"Unnamed pool","region":"nova","sources":["osm_overpass"],"steam_heated":false},"type":"Feature"},{"geometry":{"coordinates":[-77.44506,39.029723],"type":"Point"},"properties":{"area_m2":4091.764517591335,"area_source":"osm","cat":"office","demand_kwh":93151.71173989019,"demand_source":"comstock_modeled","id":"s_nova_00565","in_steam":false,"in_uten":false,"name":"Loudoun Water","region":"nova","sources":["osm_overpass"],"steam_heated":false},"type":"Feature"},{"geometry":{"coordinates":[-77.397452,39.029825],"type":"Point"},"properties":{"area_m2":1800.0757524883375,"area_source":"osm","cat":"hotel","demand_kwh":176413.698766506,"demand_source":"comstock_modeled","id":"s_nova_00566","in_steam":false,"in_uten":false,"name":"Hampton Inn","region":"nova","sources":["osm_overpass"],"steam_heated":false},"type":"Feature"},{"geometry":{"coordinates":[-77.391859,39.03042],"type":"Point"},"properties":{"area_m2":362730.06746813655,"area_source":"osm","cat":"university","demand_kwh":32849213.655258115,"demand_source":"comstock_modeled","id":"s_nova_00567","in_steam":false,"in_uten":false,"name":"Northern Virginia Community College - Loudoun Campus","region":"nova","sources":["osm_overpass"],"steam_heated":false},"type":"Feature"},{"geometry":{"coordinates":[-77.580802,39.030983],"type":"Point"},"properties":{"area_m2":81263.99774189387,"area_source":"osm","cat":"school","demand_kwh":6410142.592908928,"demand_source":"comstock_modeled","id":"s_nova_00568","in_steam":false,"in_uten":false,"name":"Unnamed school","region":"nova","sources":["osm_overpass"],"steam_heated":false},"type":"Feature"},{"geometry":{"coordinates":[-77.396752,39.03145],"type":"Point"},"properties":{"area_m2":1003.5439913431183,"area_source":"osm","cat":"hotel","demand_kwh":98350.80948288535,"demand_source":"comstock_modeled","id":"s_nova_00569","in_steam":false,"in_uten":false,"name":"MainStay Suites","region":"nova","sources":["osm_overpass"],"steam_heated":false},"type":"Feature"},{"geometry":{"coordinates":[-77.406906,39.03166],"type":"Point"},"properties":{"area_m2":1478.1896272185259,"area_source":"osm","cat":"hotel","demand_kwh":144867.73640243916,"demand_source":"comstock_modeled","id":"s_nova_00570","in_steam":false,"in_uten":false,"name":"Hyatt Place","region":"nova","sources":["osm_overpass"],"steam_heated":false},"type":"Feature"},{"geometry":{"coordinates":[-77.409408,39.032011],"type":"Point"},"properties":{"area_m2":1547.063982583466,"area_source":"osm","cat":"hotel","demand_kwh":151617.66332262114,"demand_source":"comstock_modeled","id":"s_nova_00571","in_steam":false,"in_uten":false,"name":"Extended Stay America","region":"nova","sources":["osm_overpass"],"steam_heated":false},"type":"Feature"},{"geometry":{"coordinates":[-77.499017,39.033331],"type":"Point"},"properties":{"area_m2":1192.3917451836169,"area_source":"osm","cat":"pool","demand_kwh":476956.69807344675,"demand_source":"footprint_estimate","id":"s_nova_00572","in_steam":false,"in_uten":false,"name":"Windmill Swimming Pool","region":"nova","sources":["osm_overpass"],"steam_heated":false},"type":"Feature"},{"geometry":{"coordinates":[-77.517221,39.033751],"type":"Point"},"properties":{"area_m2":3130.810801908374,"area_source":"osm","cat":"office","demand_kwh":71274.96806761032,"demand_source":"comstock_modeled","id":"s_nova_00573","in_steam":false,"in_uten":false,"name":"Loudoun County Public Schools Administration Building","region":"nova","sources":["osm_overpass"],"steam_heated":false},"type":"Feature"},{"geometry":{"coordinates":[-77.416204,39.034559],"type":"Point"},"properties":{"area_m2":290.22073063254356,"area_source":"osm","cat":"pool","demand_kwh":116088.29225301743,"demand_source":"footprint_estimate","id":"s_nova_00574","in_steam":false,"in_uten":false,"name":"Unnamed pool","region":"nova","sources":["osm_overpass"],"steam_heated":false},"type":"Feature"},{"geometry":{"coordinates":[-77.478366,39.035554],"type":"Point"},"properties":{"area_m2":59806.33800743334,"area_source":"osm","cat":"school","demand_kwh":4717552.24010743,"demand_source":"comstock_modeled","id":"s_nova_00575","in_steam":false,"in_uten":false,"name":"Dominion Trail Elementary School","region":"nova","sources":["osm_overpass"],"steam_heated":false},"type":"Feature"},{"geometry":{"coordinates":[-77.370794,39.036029],"type":"Point"},"properties":{"area_m2":50883.494101835415,"area_source":"osm","cat":"school","demand_kwh":4013714.0908840057,"demand_source":"comstock_modeled","id":"s_nova_00576","in_steam":false,"in_uten":false,"name":"Meadowland Elementary School","region":"nova","sources":["osm_overpass"],"steam_heated":false},"type":"Feature"},{"geometry":{"coordinates":[-77.382965,39.03624],"type":"Point"},"properties":{"area_m2":54532.3351539342,"area_source":"osm","cat":"school","demand_kwh":4301536.399566157,"demand_source":"comstock_modeled","id":"s_nova_00577","in_steam":false,"in_uten":false,"name":"Sugarland Elementary School","region":"nova","sources":["osm_overpass"],"steam_heated":false},"type":"Feature"},{"geometry":{"coordinates":[-77.430057,39.036292],"type":"Point"},"properties":{"area_m2":49208.91380842589,"area_source":"osm","cat":"university","demand_kwh":4456410.616079297,"demand_source":"comstock_modeled","id":"s_nova_00578","in_steam":false,"in_uten":false,"name":"Art Institute of Washington-Dulles Campus","region":"nova","sources":["osm_overpass"],"steam_heated":false},"type":"Feature"},{"geometry":{"coordinates":[-77.410331,39.036766],"type":"Point"},"properties":{"area_m2":null,"area_source":"none","cat":"university","demand_kwh":5000000.0,"demand_source":"category_default","id":"s_nova_00579","in_steam":false,"in_uten":false,"name":"Marymount University - Loudoun Campus","region":"nova","sources":["osm_overpass"],"steam_heated":false},"type":"Feature"},{"geometry":{"coordinates":[-77.42714,39.036909],"type":"Point"},"properties":{"area_m2":2406.4875120677752,"area_source":"osm","cat":"hotel","demand_kwh":235844.16514272973,"demand_source":"comstock_modeled","id":"s_nova_00580","in_steam":false,"in_uten":false,"name":"Courtyard Dulles Town Center","region":"nova","sources":["osm_overpass"],"steam_heated":false},"type":"Feature"},{"geometry":{"coordinates":[-77.578219,39.037632],"type":"Point"},"properties":{"area_m2":176201.40303045814,"area_source":"osm","cat":"school","demand_kwh":13898850.04283484,"demand_source":"comstock_modeled","id":"s_nova_00581","in_steam":false,"in_uten":false,"name":"Sycolin Creek Elemetary School","region":"nova","sources":["osm_overpass"],"steam_heated":false},"type":"Feature"},{"geometry":{"coordinates":[-77.398913,39.037649],"type":"Point"},"properties":{"area_m2":367.0263417959213,"area_source":"osm","cat":"pool","demand_kwh":146810.53671836853,"demand_source":"footprint_estimate","id":"s_nova_00582","in_steam":false,"in_uten":false,"name":"Unnamed pool","region":"nova","sources":["osm_overpass"],"steam_heated":false},"type":"Feature"},{"geometry":{"coordinates":[-77.473046,39.037703],"type":"Point"},"properties":{"area_m2":121540.21893366426,"area_source":"osm","cat":"school","demand_kwh":9587149.9776895,"demand_source":"comstock_modeled","id":"s_nova_00583","in_steam":false,"in_uten":false,"name":"Farmwell Station Middle School","region":"nova","sources":["osm_overpass"],"steam_heated":false},"type":"Feature"},{"geometry":{"coordinates":[-77.510446,39.037789],"type":"Point"},"properties":{"area_m2":66757.21392265428,"area_source":"osm","cat":"school","demand_kwh":5265840.621189778,"demand_source":"comstock_modeled","id":"s_nova_00584","in_steam":false,"in_uten":false,"name":"Sanders Corner Elementary School","region":"nova","sources":["osm_overpass"],"steam_heated":false},"type":"Feature"},{"geometry":{"coordinates":[-77.490141,39.038509],"type":"Point"},"properties":{"area_m2":83663.69425194059,"area_source":"osm","cat":"school","demand_kwh":6599431.789066396,"demand_source":"comstock_modeled","id":"s_nova_00585","in_steam":false,"in_uten":false,"name":"Cedar Lane Elementary School","region":"nova","sources":["osm_overpass"],"steam_heated":false},"type":"Feature"},{"geometry":{"coordinates":[-77.575127,39.039058],"type":"Point"},"properties":{"area_m2":356.59315757639706,"area_source":"osm","cat":"pool","demand_kwh":142637.26303055882,"demand_source":"footprint_estimate","id":"s_nova_00586","in_steam":false,"in_uten":false,"name":"Unnamed pool","region":"nova","sources":["osm_overpass"],"steam_heated":false},"type":"Feature"},{"geometry":{"coordinates":[-77.376564,39.039397],"type":"Point"},"properties":{"area_m2":1315.6931359991431,"area_source":"osm","cat":"pool","demand_kwh":526277.2543996572,"demand_source":"footprint_estimate","id":"s_nova_00587","in_steam":false,"in_uten":false,"name":"Unnamed pool","region":"nova","sources":["osm_overpass"],"steam_heated":false},"type":"Feature"},{"geometry":{"coordinates":[-77.488713,39.039702],"type":"Point"},"properties":{"area_m2":10276.623988177627,"area_source":"osm","cat":"school","demand_kwh":810624.9626944801,"demand_source":"comstock_modeled","id":"s_nova_00588","in_steam":false,"in_uten":false,"name":"Unnamed school","region":"nova","sources":["osm_overpass"],"steam_heated":false},"type":"Feature"},{"geometry":{"coordinates":[-77.395341,39.039968],"type":"Point"},"properties":{"area_m2":55073.97958615492,"area_source":"osm","cat":"school","demand_kwh":4344261.568665242,"demand_source":"comstock_modeled","id":"s_nova_00589","in_steam":false,"in_uten":false,"name":"Potowmack Elementary School","region":"nova","sources":["osm_overpass"],"steam_heated":false},"type":"Feature"},{"geometry":{"coordinates":[-77.454708,39.042007],"type":"Point"},"properties":{"area_m2":62112.31033816561,"area_source":"osm","cat":"school","demand_kwh":4899448.428653862,"demand_source":"comstock_modeled","id":"s_nova_00590","in_steam":false,"in_uten":false,"name":"Steuart W. Weller Elementary School","region":"nova","sources":["osm_overpass"],"steam_heated":false},"type":"Feature"},{"geometry":{"coordinates":[-77.439435,39.042149],"type":"Point"},"properties":{"area_m2":731.597157783981,"area_source":"osm","cat":"pool","demand_kwh":292638.8631135924,"demand_source":"footprint_estimate","id":"s_nova_00591","in_steam":false,"in_uten":false,"name":"Unnamed pool","region":"nova","sources":["osm_overpass"],"steam_heated":false},"type":"Feature"},{"geometry":{"coordinates":[-77.550174,39.043076],"type":"Point"},"properties":{"area_m2":517116.11315782927,"area_source":"osm","cat":"school","demand_kwh":40790363.68553708,"demand_source":"comstock_modeled","id":"s_nova_00592","in_steam":false,"in_uten":false,"name":"Academies of Loudoun","region":"nova","sources":["osm_overpass"],"steam_heated":false},"type":"Feature"},{"geometry":{"coordinates":[-77.551782,39.04333],"type":"Point"},"properties":{"area_m2":766.5810256451368,"area_source":"osm","cat":"greenhouse","demand_kwh":268303.3589757979,"demand_source":"footprint_estimate","id":"s_nova_00593","in_steam":false,"in_uten":false,"name":"Unnamed greenhouse","region":"nova","sources":["osm_overpass"],"steam_heated":false},"type":"Feature"},{"geometry":{"coordinates":[-77.395282,39.043382],"type":"Point"},"properties":{"area_m2":959.5917872395366,"area_source":"osm","cat":"pool","demand_kwh":383836.71489581466,"demand_source":"footprint_estimate","id":"s_nova_00594","in_steam":false,"in_uten":false,"name":"Unnamed pool","region":"nova","sources":["osm_overpass"],"steam_heated":false},"type":"Feature"},{"geometry":{"coordinates":[-77.414185,39.043435],"type":"Point"},"properties":{"area_m2":48700.093800073024,"area_source":"osm","cat":"school","demand_kwh":3841486.441979132,"demand_source":"comstock_modeled","id":"s_nova_00595","in_steam":false,"in_uten":false,"name":"Countryside Elementary School","region":"nova","sources":["osm_overpass"],"steam_heated":false},"type":"Feature"},{"geometry":{"coordinates":[-77.385321,39.044763],"type":"Point"},"properties":{"area_m2":59309.397150608245,"area_source":"osm","cat":"school","demand_kwh":4678353.310187582,"demand_source":"comstock_modeled","id":"s_nova_00596","in_steam":false,"in_uten":false,"name":"Horizon Elementary School","region":"nova","sources":["osm_overpass"],"steam_heated":false},"type":"Feature"},{"geometry":{"coordinates":[-77.503981,39.046377],"type":"Point"},"properties":{"area_m2":626.2535783133935,"area_source":"osm","cat":"pool","demand_kwh":250501.4313253574,"demand_source":"footprint_estimate","id":"s_nova_00597","in_steam":false,"in_uten":false,"name":"Breezyhill Swimming Pool","region":"nova","sources":["osm_overpass"],"steam_heated":false},"type":"Feature"},{"geometry":{"coordinates":[-77.488108,39.046521],"type":"Point"},"properties":{"area_m2":8114.021656157449,"area_source":"osm","cat":"school","demand_kwh":640037.8674836796,"demand_source":"comstock_modeled","id":"s_nova_00598","in_steam":false,"in_uten":false,"name":"Unnamed school","region":"nova","sources":["osm_overpass"],"steam_heated":false},"type":"Feature"},{"geometry":{"coordinates":[-77.472981,39.046591],"type":"Point"},"properties":{"area_m2":404.6382385585457,"area_source":"osm","cat":"pool","demand_kwh":161855.29542341828,"demand_source":"footprint_estimate","id":"s_nova_00599","in_steam":false,"in_uten":false,"name":"Unnamed pool","region":"nova","sources":["osm_overpass"],"steam_heated":false},"type":"Feature"},{"geometry":{"coordinates":[-77.45661,39.048403],"type":"Point"},"properties":{"area_m2":624.4951880013105,"area_source":"osm","cat":"pool","demand_kwh":249798.07520052418,"demand_source":"footprint_estimate","id":"s_nova_00600","in_steam":false,"in_uten":false,"name":"Unnamed pool","region":"nova","sources":["osm_overpass"],"steam_heated":false},"type":"Feature"},{"geometry":{"coordinates":[-77.509749,39.048656],"type":"Point"},"properties":{"area_m2":219178.80448371544,"area_source":"osm","cat":"school","demand_kwh":17288927.804737113,"demand_source":"comstock_modeled","id":"s_nova_00601","in_steam":false,"in_uten":false,"name":"Stone Bridge High School","region":"nova","sources":["osm_overpass"],"steam_heated":false},"type":"Feature"},{"geometry":{"coordinates":[-77.57556,39.049169],"type":"Point"},"properties":{"area_m2":186153.42218399048,"area_source":"osm","cat":"school","demand_kwh":14683870.022581857,"demand_source":"comstock_modeled","id":"s_nova_00602","in_steam":false,"in_uten":false,"name":"Loudoun Country Day School","region":"nova","sources":["osm_overpass"],"steam_heated":false},"type":"Feature"},{"geometry":{"coordinates":[-77.43813,39.049215],"type":"Point"},"properties":{"area_m2":10381.586076844484,"area_source":"osm","cat":"university","demand_kwh":940167.2750734243,"demand_source":"comstock_modeled","id":"s_nova_00603","in_steam":false,"in_uten":false,"name":"Strayer University - Loudoun Campus","region":"nova","sources":["osm_overpass"],"steam_heated":false},"type":"Feature"},{"geometry":{"coordinates":[-77.391872,39.052141],"type":"Point"},"properties":{"area_m2":196048.34099416435,"area_source":"osm","cat":"school","demand_kwh":15464385.90022705,"demand_source":"comstock_modeled","id":"s_nova_00604","in_steam":false,"in_uten":false,"name":"Potomac Falls High School","region":"nova","sources":["osm_overpass"],"steam_heated":false},"type":"Feature"},{"geometry":{"coordinates":[-77.477152,39.05232],"type":"Point"},"properties":{"area_m2":70664.16513044201,"area_source":"osm","cat":"school","demand_kwh":5574022.781080567,"demand_source":"comstock_modeled","id":"s_nova_00605","in_steam":false,"in_uten":false,"name":"Ashburn Elementary School","region":"nova","sources":["osm_overpass"],"steam_heated":false},"type":"Feature"},{"geometry":{"coordinates":[-77.510907,39.052912],"type":"Point"},"properties":{"area_m2":554.4382423284696,"area_source":"osm","cat":"pool","demand_kwh":221775.29693138786,"demand_source":"footprint_estimate","id":"s_nova_00606","in_steam":false,"in_uten":false,"name":"Belmont Greene Community Pool","region":"nova","sources":["osm_overpass"],"steam_heated":false},"type":"Feature"},{"geometry":{"coordinates":[-77.486853,39.053047],"type":"Point"},"properties":{"area_m2":580.490577224642,"area_source":"osm","cat":"pool","demand_kwh":232196.23088985682,"demand_source":"footprint_estimate","id":"s_nova_00607","in_steam":false,"in_uten":false,"name":"Unnamed pool","region":"nova","sources":["osm_overpass"],"steam_heated":false},"type":"Feature"},{"geometry":{"coordinates":[-77.397631,39.053174],"type":"Point"},"properties":{"area_m2":97772.53190393606,"area_source":"osm","cat":"school","demand_kwh":7712343.578820363,"demand_source":"comstock_modeled","id":"s_nova_00608","in_steam":false,"in_uten":false,"name":"River Bend Middle School","region":"nova","sources":["osm_overpass"],"steam_heated":false},"type":"Feature"},{"geometry":{"coordinates":[-77.452936,39.054366],"type":"Point"},"properties":{"area_m2":1230.540491476946,"area_source":"osm","cat":"hotel","demand_kwh":120597.25780057618,"demand_source":"comstock_modeled","id":"s_nova_00609","in_steam":false,"in_uten":false,"name":"Tru by Hilton","region":"nova","sources":["osm_overpass"],"steam_heated":false},"type":"Feature"},{"geometry":{"coordinates":[-77.406237,39.054879],"type":"Point"},"properties":{"area_m2":516.7386582456529,"area_source":"osm","cat":"pool","demand_kwh":206695.46329826117,"demand_source":"footprint_estimate","id":"s_nova_00610","in_steam":false,"in_uten":false,"name":"Parkway Pool","region":"nova","sources":["osm_overpass"],"steam_heated":false},"type":"Feature"},{"geometry":{"coordinates":[-77.502185,39.055019],"type":"Point"},"properties":{"area_m2":85149.96976124635,"area_source":"osm","cat":"school","demand_kwh":6716669.904489392,"demand_source":"comstock_modeled","id":"s_nova_00611","in_steam":false,"in_uten":false,"name":"Trailside Middle School","region":"nova","sources":["osm_overpass"],"steam_heated":false},"type":"Feature"},{"geometry":{"coordinates":[-77.442759,39.056164],"type":"Point"},"properties":{"area_m2":258522.14217078872,"area_source":"osm","cat":"university","demand_kwh":23412035.131411433,"demand_source":"comstock_modeled","id":"s_nova_00612","in_steam":false,"in_uten":false,"name":"George Washington University - Virginia Science and Technology Campus","region":"nova","sources":["osm_overpass"],"steam_heated":false},"type":"Feature"},{"geometry":{"coordinates":[-77.463862,39.056897],"type":"Point"},"properties":{"area_m2":null,"area_source":"none","cat":"brewery","demand_kwh":600000.0,"demand_source":"category_default","id":"s_nova_00613","in_steam":false,"in_uten":false,"name":"House 6 Brewing Co.","region":"nova","sources":["osm_overpass"],"steam_heated":false},"type":"Feature"},{"geometry":{"coordinates":[-77.408556,39.057284],"type":"Point"},"properties":{"area_m2":76908.5089529343,"area_source":"osm","cat":"school","demand_kwh":6066579.576384406,"demand_source":"comstock_modeled","id":"s_nova_00614","in_steam":false,"in_uten":false,"name":"Algonkian Elementary School","region":"nova","sources":["osm_overpass"],"steam_heated":false},"type":"Feature"},{"geometry":{"coordinates":[-77.503826,39.057306],"type":"Point"},"properties":{"area_m2":71202.90377559303,"area_source":"osm","cat":"school","demand_kwh":5616518.740320686,"demand_source":"comstock_modeled","id":"s_nova_00615","in_steam":false,"in_uten":false,"name":"Newton-Lee Elementary School","region":"nova","sources":["osm_overpass"],"steam_heated":false},"type":"Feature"},{"geometry":{"coordinates":[-77.511825,39.058277],"type":"Point"},"properties":{"area_m2":47215.69320498395,"area_source":"osm","cat":"school","demand_kwh":3724396.220676686,"demand_source":"comstock_modeled","id":"s_nova_00616","in_steam":false,"in_uten":false,"name":"Belmont Station Elementary School","region":"nova","sources":["osm_overpass"],"steam_heated":false},"type":"Feature"},{"geometry":{"coordinates":[-77.448082,39.059013],"type":"Point"},"properties":{"area_m2":1806.9981297845952,"area_source":"osm","cat":"hotel","demand_kwh":177092.1158727872,"demand_source":"comstock_modeled","id":"s_nova_00617","in_steam":false,"in_uten":false,"name":"Home2 Suites by Hilton","region":"nova","sources":["osm_overpass"],"steam_heated":false},"type":"Feature"},{"geometry":{"coordinates":[-77.490675,39.060315],"type":"Point"},"properties":{"area_m2":466.5344012118876,"area_source":"osm","cat":"pool","demand_kwh":186613.76048475504,"demand_source":"footprint_estimate","id":"s_nova_00618","in_steam":false,"in_uten":false,"name":"Unnamed pool","region":"nova","sources":["osm_overpass"],"steam_heated":false},"type":"Feature"},{"geometry":{"coordinates":[-77.452767,39.060921],"type":"Point"},"properties":{"area_m2":1876.0267929295078,"area_source":"osm","cat":"hotel","demand_kwh":183857.16549331983,"demand_source":"comstock_modeled","id":"s_nova_00619","in_steam":false,"in_uten":false,"name":"SpringHill Suites Ashburn Dulles North","region":"nova","sources":["osm_overpass"],"steam_heated":false},"type":"Feature"},{"geometry":{"coordinates":[-77.477116,39.065867],"type":"Point"},"properties":{"area_m2":75086.58953736722,"area_source":"osm","cat":"school","demand_kwh":5922865.710821605,"demand_source":"comstock_modeled","id":"s_nova_00620","in_steam":false,"in_uten":false,"name":"Virginia Academy","region":"nova","sources":["osm_overpass"],"steam_heated":false},"type":"Feature"},{"geometry":{"coordinates":[-77.478893,39.066526],"type":"Point"},"properties":{"area_m2":11716.401755183004,"area_source":"osm","cat":"office","demand_kwh":118802.37266640233,"demand_source":"comstock_modeled","id":"s_nova_00621","in_steam":false,"in_uten":false,"name":"Telos Corporation","region":"nova","sources":["osm_overpass"],"steam_heated":false},"type":"Feature"},{"geometry":{"coordinates":[-77.44685,39.067135],"type":"Point"},"properties":{"area_m2":465.22774454951286,"area_source":"osm","cat":"pool","demand_kwh":186091.09781980515,"demand_source":"footprint_estimate","id":"s_nova_00622","in_steam":false,"in_uten":false,"name":"Unnamed pool","region":"nova","sources":["osm_overpass"],"steam_heated":false},"type":"Feature"},{"geometry":{"coordinates":[-77.449775,39.067542],"type":"Point"},"properties":{"area_m2":258.16634287312627,"area_source":"osm","cat":"pool","demand_kwh":103266.53714925051,"demand_source":"footprint_estimate","id":"s_nova_00623","in_steam":false,"in_uten":false,"name":"Unnamed pool","region":"nova","sources":["osm_overpass"],"steam_heated":false},"type":"Feature"},{"geometry":{"coordinates":[-77.473596,39.068993],"type":"Point"},"properties":{"area_m2":20532.92248430848,"area_source":"osm","cat":"university","demand_kwh":1859482.8996720875,"demand_source":"comstock_modeled","id":"s_nova_00624","in_steam":false,"in_uten":false,"name":"Shenandoah University Northern Virginia Campus","region":"nova","sources":["osm_overpass"],"steam_heated":false},"type":"Feature"},{"geometry":{"coordinates":[-77.468394,39.070367],"type":"Point"},"properties":{"area_m2":3100.190183932893,"area_source":"osm","cat":"office","demand_kwh":70577.86955016475,"demand_source":"comstock_modeled","id":"s_nova_00625","in_steam":false,"in_uten":false,"name":"Unnamed office","region":"nova","sources":["osm_overpass"],"steam_heated":false},"type":"Feature"},{"geometry":{"coordinates":[-77.471854,39.072993],"type":"Point"},"properties":{"area_m2":3168.277467912645,"area_source":"osm","cat":"office","demand_kwh":72127.92137332476,"demand_source":"comstock_modeled","id":"s_nova_00626","in_steam":false,"in_uten":false,"name":"Unnamed office","region":"nova","sources":["osm_overpass"],"steam_heated":false},"type":"Feature"},{"geometry":{"coordinates":[-77.477702,39.074428],"type":"Point"},"properties":{"area_m2":104265.59927439038,"area_source":"osm","cat":"hospital","demand_kwh":130331999.09298797,"demand_source":"footprint_estimate","id":"s_nova_00627","in_steam":false,"in_uten":false,"name":"Inova Loudoun Hospital","region":"nova","sources":["osm_overpass"],"steam_heated":false},"type":"Feature"},{"geometry":{"coordinates":[-77.569827,39.084231],"type":"Point"},"properties":{"area_m2":207703.13771442277,"area_source":"osm","cat":"school","demand_kwh":16383721.780126905,"demand_source":"comstock_modeled","id":"s_nova_00628","in_steam":false,"in_uten":false,"name":"Heritage High School","region":"nova","sources":["osm_overpass"],"steam_heated":false},"type":"Feature"},{"geometry":{"coordinates":[-77.558626,39.0878],"type":"Point"},"properties":{"area_m2":5799.602174327476,"area_source":"osm","cat":"office","demand_kwh":132031.75980102926,"demand_source":"comstock_modeled","id":"s_nova_00629","in_steam":false,"in_uten":false,"name":"EIT Zollner","region":"nova","sources":["osm_overpass"],"steam_heated":false},"type":"Feature"},{"geometry":{"coordinates":[-77.555298,39.089165],"type":"Point"},"properties":{"area_m2":284.3912539954981,"area_source":"osm","cat":"pool","demand_kwh":113756.50159819925,"demand_source":"footprint_estimate","id":"s_nova_00630","in_steam":false,"in_uten":false,"name":"Unnamed pool","region":"nova","sources":["osm_overpass"],"steam_heated":false},"type":"Feature"},{"geometry":{"coordinates":[-77.545501,39.089499],"type":"Point"},"properties":{"area_m2":340.9978834008798,"area_source":"osm","cat":"pool","demand_kwh":136399.15336035192,"demand_source":"footprint_estimate","id":"s_nova_00631","in_steam":false,"in_uten":false,"name":"Tavistock Farms Swimming Pool","region":"nova","sources":["osm_overpass"],"steam_heated":false},"type":"Feature"},{"geometry":{"coordinates":[-77.548708,39.0897],"type":"Point"},"properties":{"area_m2":61520.039614667185,"area_source":"osm","cat":"school","demand_kwh":4852729.83374436,"demand_source":"comstock_modeled","id":"s_nova_00632","in_steam":false,"in_uten":false,"name":"Cool Spring Elementary School","region":"nova","sources":["osm_overpass"],"steam_heated":false},"type":"Feature"},{"geometry":{"coordinates":[-77.568684,39.090239],"type":"Point"},"properties":{"area_m2":116624.40779550734,"area_source":"osm","cat":"school","demand_kwh":9199388.469137099,"demand_source":"comstock_modeled","id":"s_nova_00633","in_steam":false,"in_uten":false,"name":"J Lupton Simpson Middle School","region":"nova","sources":["osm_overpass"],"steam_heated":false},"type":"Feature"},{"geometry":{"coordinates":[-77.586318,39.091088],"type":"Point"},"properties":{"area_m2":357.9492050614208,"area_source":"osm","cat":"pool","demand_kwh":143179.68202456832,"demand_source":"footprint_estimate","id":"s_nova_00634","in_steam":false,"in_uten":false,"name":"Greenway Pool","region":"nova","sources":["osm_overpass"],"steam_heated":false},"type":"Feature"},{"geometry":{"coordinates":[-77.572897,39.091152],"type":"Point"},"properties":{"area_m2":78609.48241621163,"area_source":"osm","cat":"school","demand_kwh":6200753.168003573,"demand_source":"comstock_modeled","id":"s_nova_00635","in_steam":false,"in_uten":false,"name":"Evergreen Mill Elementary School","region":"nova","sources":["osm_overpass"],"steam_heated":false},"type":"Feature"},{"geometry":{"coordinates":[-77.532009,39.092171],"type":"Point"},"properties":{"area_m2":97874.0004480239,"area_source":"osm","cat":"wwtp","demand_kwh":9787400.04480239,"demand_source":"footprint_estimate","id":"s_nova_00636","in_steam":false,"in_uten":false,"name":"Water Pollution Control Facility","region":"nova","sources":["osm_overpass"],"steam_heated":false},"type":"Feature"},{"geometry":{"coordinates":[-77.522369,39.09478],"type":"Point"},"properties":{"area_m2":121197.0908107888,"area_source":"osm","cat":"school","demand_kwh":9560083.869001927,"demand_source":"comstock_modeled","id":"s_nova_00637","in_steam":false,"in_uten":false,"name":"Harper Park Middle School","region":"nova","sources":["osm_overpass"],"steam_heated":false},"type":"Feature"},{"geometry":{"coordinates":[-77.527841,39.095599],"type":"Point"},"properties":{"area_m2":380.2732724174857,"area_source":"osm","cat":"greenhouse","demand_kwh":133095.64534612,"demand_source":"footprint_estimate","id":"s_nova_00638","in_steam":false,"in_uten":false,"name":"Unnamed greenhouse","region":"nova","sources":["osm_overpass"],"steam_heated":false},"type":"Feature"},{"geometry":{"coordinates":[-77.525034,39.096382],"type":"Point"},"properties":{"area_m2":82519.95760850841,"area_source":"osm","cat":"school","demand_kwh":6509213.301459852,"demand_source":"comstock_modeled","id":"s_nova_00639","in_steam":false,"in_uten":false,"name":"John W Tolbert Junior Elementary School","region":"nova","sources":["osm_overpass"],"steam_heated":false},"type":"Feature"},{"geometry":{"coordinates":[-77.557777,39.096819],"type":"Point"},"properties":{"area_m2":526.3973807316506,"area_source":"osm","cat":"pool","demand_kwh":210558.95229266025,"demand_source":"footprint_estimate","id":"s_nova_00640","in_steam":false,"in_uten":false,"name":"Unnamed pool","region":"nova","sources":["osm_overpass"],"steam_heated":false},"type":"Feature"},{"geometry":{"coordinates":[-77.570176,39.097453],"type":"Point"},"properties":{"area_m2":360.2236895665992,"area_source":"osm","cat":"pool","demand_kwh":144089.47582663968,"demand_source":"footprint_estimate","id":"s_nova_00641","in_steam":false,"in_uten":false,"name":"Unnamed pool","region":"nova","sources":["osm_overpass"],"steam_heated":false},"type":"Feature"},{"geometry":{"coordinates":[-77.53774,39.09969],"type":"Point"},"properties":{"area_m2":15346.660543940961,"area_source":"osm","cat":"university","demand_kwh":1389809.6031063662,"demand_source":"comstock_modeled","id":"s_nova_00642","in_steam":false,"in_uten":false,"name":"Unnamed university","region":"nova","sources":["osm_overpass"],"steam_heated":false},"type":"Feature"},{"geometry":{"coordinates":[-77.542861,39.101558],"type":"Point"},"properties":{"area_m2":4729.257211154327,"area_source":"osm","cat":"office","demand_kwh":107664.65239709664,"demand_source":"comstock_modeled","id":"s_nova_00643","in_steam":false,"in_uten":false,"name":"Washington Air Route Traffic Control Center","region":"nova","sources":["osm_overpass"],"steam_heated":false},"type":"Feature"},{"geometry":{"coordinates":[-77.531269,39.10447],"type":"Point"},"properties":{"area_m2":460.5119258053601,"area_source":"osm","cat":"pool","demand_kwh":184204.77032214403,"demand_source":"footprint_estimate","id":"s_nova_00644","in_steam":false,"in_uten":false,"name":"Unnamed pool","region":"nova","sources":["osm_overpass"],"steam_heated":false},"type":"Feature"},{"geometry":{"coordinates":[-77.54847,39.104962],"type":"Point"},"properties":{"area_m2":1383.6808624714613,"area_source":"osm","cat":"hotel","demand_kwh":135605.5480018478,"demand_source":"comstock_modeled","id":"s_nova_00645","in_steam":false,"in_uten":false,"name":"Holiday Inn Express & Suites Leesburg","region":"nova","sources":["osm_overpass"],"steam_heated":false},"type":"Feature"},{"geometry":{"coordinates":[-77.547754,39.105557],"type":"Point"},"properties":{"area_m2":1747.75971108675,"area_source":"osm","cat":"hotel","demand_kwh":171286.54433663402,"demand_source":"comstock_modeled","id":"s_nova_00646","in_steam":false,"in_uten":false,"name":"Red Roof Inn","region":"nova","sources":["osm_overpass"],"steam_heated":false},"type":"Feature"},{"geometry":{"coordinates":[-77.545834,39.106528],"type":"Point"},"properties":{"area_m2":3812.355318080634,"area_source":"osm","cat":"hotel","demand_kwh":373624.11095480906,"demand_source":"comstock_modeled","id":"s_nova_00647","in_steam":false,"in_uten":false,"name":"Best Western","region":"nova","sources":["osm_overpass"],"steam_heated":false},"type":"Feature"},{"geometry":{"coordinates":[-77.552922,39.107024],"type":"Point"},"properties":{"area_m2":39618.866210024804,"area_source":"osm","cat":"school","demand_kwh":3125154.912785142,"demand_source":"comstock_modeled","id":"s_nova_00648","in_steam":false,"in_uten":false,"name":"Frederick Douglass Elementary School","region":"nova","sources":["osm_overpass"],"steam_heated":false},"type":"Feature"},{"geometry":{"coordinates":[-77.543451,39.107062],"type":"Point"},"properties":{"area_m2":1705.7422430026345,"area_source":"osm","cat":"hotel","demand_kwh":167168.68599246387,"demand_source":"comstock_modeled","id":"s_nova_00649","in_steam":false,"in_uten":false,"name":"The Hampton Inn","region":"nova","sources":["osm_overpass"],"steam_heated":false},"type":"Feature"},{"geometry":{"coordinates":[-77.54368,39.107821],"type":"Point"},"properties":{"area_m2":1684.8319603120908,"area_source":"osm","cat":"hotel","demand_kwh":165119.40539602633,"demand_source":"comstock_modeled","id":"s_nova_00650","in_steam":false,"in_uten":false,"name":"Homewood Suites","region":"nova","sources":["osm_overpass"],"steam_heated":false},"type":"Feature"},{"geometry":{"coordinates":[-77.531971,39.108123],"type":"Point"},"properties":{"area_m2":null,"area_source":"none","cat":"hotel","demand_kwh":1500000.0,"demand_source":"category_default","id":"s_nova_00651","in_steam":false,"in_uten":false,"name":"Home2 Suites","region":"nova","sources":["osm_overpass"],"steam_heated":false},"type":"Feature"},{"geometry":{"coordinates":[-77.574863,39.108537],"type":"Point"},"properties":{"area_m2":70612.12113680132,"area_source":"osm","cat":"school","demand_kwh":5569917.526236954,"demand_source":"comstock_modeled","id":"s_nova_00652","in_steam":false,"in_uten":false,"name":"Catoctin Elementary School","region":"nova","sources":["osm_overpass"],"steam_heated":false},"type":"Feature"},{"geometry":{"coordinates":[-77.541498,39.108664],"type":"Point"},"properties":{"area_m2":null,"area_source":"none","cat":"brewery","demand_kwh":600000.0,"demand_source":"category_default","id":"s_nova_00653","in_steam":false,"in_uten":false,"name":"Kettles & Grains","region":"nova","sources":["osm_overpass"],"steam_heated":false},"type":"Feature"},{"geometry":{"coordinates":[-77.580721,39.110466],"type":"Point"},"properties":{"area_m2":114848.80915689422,"area_source":"osm","cat":"school","demand_kwh":9059328.408377653,"demand_source":"comstock_modeled","id":"s_nova_00654","in_steam":false,"in_uten":false,"name":"Loudoun County High School","region":"nova","sources":["osm_overpass"],"steam_heated":false},"type":"Feature"},{"geometry":{"coordinates":[-77.546762,39.110649],"type":"Point"},"properties":{"area_m2":292.3777406197041,"area_source":"osm","cat":"pool","demand_kwh":116951.09624788165,"demand_source":"footprint_estimate","id":"s_nova_00655","in_steam":false,"in_uten":false,"name":"Unnamed pool","region":"nova","sources":["osm_overpass"],"steam_heated":false},"type":"Feature"},{"geometry":{"coordinates":[-77.548666,39.112325],"type":"Point"},"properties":{"area_m2":265.67987634963356,"area_source":"osm","cat":"pool","demand_kwh":106271.95053985342,"demand_source":"footprint_estimate","id":"s_nova_00656","in_steam":false,"in_uten":false,"name":"Unnamed pool","region":"nova","sources":["osm_overpass"],"steam_heated":false},"type":"Feature"},{"geometry":{"coordinates":[-77.559089,39.112826],"type":"Point"},"properties":{"area_m2":101.83850404247642,"area_source":"osm","cat":"brewery","demand_kwh":20367.700808495283,"demand_source":"footprint_estimate","id":"s_nova_00657","in_steam":false,"in_uten":false,"name":"Loudoun Brewing Company","region":"nova","sources":["osm_overpass"],"steam_heated":false},"type":"Feature"},{"geometry":{"coordinates":[-77.583562,39.112857],"type":"Point"},"properties":{"area_m2":250.13935110159218,"area_source":"osm","cat":"pool","demand_kwh":100055.74044063687,"demand_source":"footprint_estimate","id":"s_nova_00658","in_steam":false,"in_uten":false,"name":"Unnamed pool","region":"nova","sources":["osm_overpass"],"steam_heated":false},"type":"Feature"},{"geometry":{"coordinates":[-77.563491,39.113668],"type":"Point"},"properties":{"area_m2":null,"area_source":"none","cat":"brewery","demand_kwh":600000.0,"demand_source":"category_default","id":"s_nova_00659","in_steam":false,"in_uten":false,"name":"Dynasty West","region":"nova","sources":["osm_overpass"],"steam_heated":false},"type":"Feature"},{"geometry":{"coordinates":[-77.582701,39.115334],"type":"Point"},"properties":{"area_m2":43527.060115458444,"area_source":"osm","cat":"school","demand_kwh":3433435.0972542386,"demand_source":"comstock_modeled","id":"s_nova_00660","in_steam":false,"in_uten":false,"name":"The North Star School","region":"nova","sources":["osm_overpass"],"steam_heated":false},"type":"Feature"},{"geometry":{"coordinates":[-74.181627,40.595895],"type":"Point"},"properties":{"area_m2":401.6817763373256,"area_source":"osm","cat":"greenhouse","demand_kwh":140588.62171806395,"demand_source":"footprint_estimate","id":"s_nyc_00000","in_steam":false,"in_uten":false,"name":"Unnamed greenhouse","region":"nyc","sources":["osm_overpass"],"steam_heated":false},"type":"Feature"},{"geometry":{"coordinates":[-74.168286,40.602456],"type":"Point"},"properties":{"area_m2":366.26973181497306,"area_source":"osm","cat":"pool","demand_kwh":146507.89272598922,"demand_source":"footprint_estimate","id":"s_nyc_00001","in_steam":false,"in_uten":false,"name":"Unnamed pool","region":"nyc","sources":["osm_overpass"],"steam_heated":false},"type":"Feature"},{"geometry":{"coordinates":[-74.161318,40.60807],"type":"Point"},"properties":{"area_m2":9440.529202055186,"area_source":"osm","cat":"school","demand_kwh":3398590.512739867,"demand_source":"footprint_estimate","id":"s_nyc_00002","in_steam":false,"in_uten":false,"name":"Hellenic Classical Charter School","region":"nyc","sources":["osm_overpass"],"steam_heated":false},"type":"Feature"},{"geometry":{"coordinates":[-74.164036,40.609364],"type":"Point"},"properties":{"area_m2":36573.5145398039,"area_source":"osm","cat":"school","demand_kwh":13166465.234329404,"demand_source":"footprint_estimate","id":"s_nyc_00003","in_steam":false,"in_uten":false,"name":"Moore Catholic High School","region":"nyc","sources":["osm_overpass"],"steam_heated":false},"type":"Feature"},{"geometry":{"coordinates":[-74.166984,40.610397],"type":"Point"},"properties":{"area_m2":23.553419715317432,"area_source":"osm","cat":"pool","demand_kwh":9421.367886126973,"demand_source":"footprint_estimate","id":"s_nyc_00004","in_steam":false,"in_uten":false,"name":"Unnamed pool","region":"nyc","sources":["osm_overpass"],"steam_heated":false},"type":"Feature"},{"geometry":{"coordinates":[-74.162627,40.610622],"type":"Point"},"properties":{"area_m2":14255.2434877567,"area_source":"osm","cat":"school","demand_kwh":1052095.5829,"demand_source":"ll84_fuel","id":"s_nyc_00005","in_steam":false,"in_uten":false,"name":"P.S. 60 - Alice Austen School","region":"nyc","sources":["osm_overpass"],"steam_heated":false},"type":"Feature"},{"geometry":{"coordinates":[-74.178707,40.613206],"type":"Point"},"properties":{"area_m2":null,"area_source":"none","cat":"hotel","demand_kwh":1500000.0,"demand_source":"category_default","id":"s_nyc_00006","in_steam":false,"in_uten":false,"name":"Hampton Inn & Suites Staten Island","region":"nyc","sources":["osm_overpass"],"steam_heated":false},"type":"Feature"},{"geometry":{"coordinates":[-74.163475,40.614703],"type":"Point"},"properties":{"area_m2":18.49031773302704,"area_source":"osm","cat":"pool","demand_kwh":7396.127093210816,"demand_source":"footprint_estimate","id":"s_nyc_00007","in_steam":false,"in_uten":false,"name":"Unnamed pool","region":"nyc","sources":["osm_overpass"],"steam_heated":false},"type":"Feature"},{"geometry":{"coordinates":[-74.176475,40.614945],"type":"Point"},"properties":{"area_m2":7004.359250917798,"area_source":"osm","cat":"hotel","demand_kwh":12607846.651652036,"demand_source":"footprint_estimate","id":"s_nyc_00008","in_steam":false,"in_uten":false,"name":"Hilton Garden Inn","region":"nyc","sources":["osm_overpass"],"steam_heated":false},"type":"Feature"},{"geometry":{"coordinates":[-74.164968,40.616549],"type":"Point"},"properties":{"area_m2":16.773395033553243,"area_source":"osm","cat":"pool","demand_kwh":6709.358013421297,"demand_source":"footprint_estimate","id":"s_nyc_00009","in_steam":false,"in_uten":false,"name":"Unnamed pool","region":"nyc","sources":["osm_overpass"],"steam_heated":false},"type":"Feature"},{"geometry":{"coordinates":[-74.165853,40.616934],"type":"Point"},"properties":{"area_m2":17.971665972843766,"area_source":"osm","cat":"pool","demand_kwh":7188.6663891375065,"demand_source":"footprint_estimate","id":"s_nyc_00010","in_steam":false,"in_uten":false,"name":"Unnamed pool","region":"nyc","sources":["osm_overpass"],"steam_heated":false},"type":"Feature"},{"geometry":{"coordinates":[-74.126031,40.627575],"type":"Point"},"properties":{"area_m2":13235.99258790136,"area_source":"osm","cat":"school","demand_kwh":4764957.33164449,"demand_source":"footprint_estimate","id":"s_nyc_00011","in_steam":false,"in_uten":false,"name":"Blessed Sacrament School","region":"nyc","sources":["osm_overpass"],"steam_heated":false},"type":"Feature"},{"geometry":{"coordinates":[-74.117531,40.628296],"type":"Point"},"properties":{"area_m2":7878.830121491104,"area_source":"osm","cat":"school","demand_kwh":2092404.9638498002,"demand_source":"ll84_fuel","id":"s_nyc_00012","in_steam":false,"in_uten":false,"name":"I.S. 27 - Anning S. Prall Intermediate School","region":"nyc","sources":["osm_overpass"],"steam_heated":false},"type":"Feature"},{"geometry":{"coordinates":[-74.114869,40.630303],"type":"Point"},"properties":{"area_m2":2435.4765729904175,"area_source":"osm","cat":"residential_multifamily","demand_kwh":1607414.5381736755,"demand_source":"footprint_estimate","id":"s_nyc_00013","in_steam":false,"in_uten":false,"name":"Unnamed residential multifamily","region":"nyc","sources":["osm_overpass"],"steam_heated":false},"type":"Feature"},{"geometry":{"coordinates":[-74.126925,40.630563],"type":"Point"},"properties":{"area_m2":9690.427629244048,"area_source":"osm","cat":"school","demand_kwh":1570754.5269122003,"demand_source":"ll84_fuel","id":"s_nyc_00014","in_steam":false,"in_uten":false,"name":"P.S. 19 - The Curtis School","region":"nyc","sources":["osm_overpass"],"steam_heated":false},"type":"Feature"},{"geometry":{"coordinates":[-74.113734,40.63411],"type":"Point"},"properties":{"area_m2":13118.597577292705,"area_source":"osm","cat":"school","demand_kwh":4722695.127825374,"demand_source":"footprint_estimate","id":"s_nyc_00015","in_steam":false,"in_uten":false,"name":"Sacred Heart School","region":"nyc","sources":["osm_overpass"],"steam_heated":false},"type":"Feature"},{"geometry":{"coordinates":[-74.116862,40.636509],"type":"Point"},"properties":{"area_m2":9374.251136149862,"area_source":"osm","cat":"school","demand_kwh":865409.3265929001,"demand_source":"ll84_fuel","id":"s_nyc_00016","in_steam":false,"in_uten":false,"name":"P.S. 18 - John G. Whittier School","region":"nyc","sources":["osm_overpass"],"steam_heated":false},"type":"Feature"},{"geometry":{"coordinates":[-74.119163,40.637106],"type":"Point"},"properties":{"area_m2":2621.7903247321956,"area_source":"osm","cat":"pool","demand_kwh":1048716.1298928782,"demand_source":"footprint_estimate","id":"s_nyc_00017","in_steam":false,"in_uten":false,"name":"West Brighton Pool","region":"nyc","sources":["osm_overpass"],"steam_heated":false},"type":"Feature"},{"geometry":{"coordinates":[-74.125594,40.638344],"type":"Point"},"properties":{"area_m2":51466.195423697296,"area_source":"osm","cat":"wwtp","demand_kwh":14758046.575161202,"demand_source":"ll84_fuel","id":"s_nyc_00018","in_steam":false,"in_uten":false,"name":"Port Richmond Water Pollution Control Plant","region":"nyc","sources":["osm_overpass"],"steam_heated":false},"type":"Feature"},{"geometry":{"coordinates":[-74.131891,40.639697],"type":"Point"},"properties":{"area_m2":null,"area_source":"none","cat":"hotel","demand_kwh":1500000.0,"demand_source":"category_default","id":"s_nyc_00019","in_steam":false,"in_uten":false,"name":"Days Inn","region":"nyc","sources":["osm_overpass"],"steam_heated":false},"type":"Feature"},{"geometry":{"coordinates":[-74.137152,40.639699],"type":"Point"},"properties":{"area_m2":5546.453295256593,"area_source":"osm","cat":"school","demand_kwh":1996723.1862923736,"demand_source":"footprint_estimate","id":"s_nyc_00020","in_steam":false,"in_uten":false,"name":"New World Preparatory Charter School - Main Campus","region":"nyc","sources":["osm_overpass"],"steam_heated":false},"type":"Feature"},{"geometry":{"coordinates":[-74.135354,40.641222],"type":"Point"},"properties":{"area_m2":928.3633607157972,"area_source":"osm","cat":"pool","demand_kwh":371345.34428631887,"demand_source":"footprint_estimate","id":"s_nyc_00021","in_steam":false,"in_uten":false,"name":"Faber Pool","region":"nyc","sources":["osm_overpass"],"steam_heated":false},"type":"Feature"},{"geometry":{"coordinates":[-74.110104,40.644188],"type":"Point"},"properties":{"area_m2":19.932294627011288,"area_source":"osm","cat":"pool","demand_kwh":7972.917850804515,"demand_source":"footprint_estimate","id":"s_nyc_00022","in_steam":false,"in_uten":false,"name":"Unnamed pool","region":"nyc","sources":["osm_overpass"],"steam_heated":false},"type":"Feature"},{"geometry":{"coordinates":[-74.003405,40.646002],"type":"Point"},"properties":{"area_m2":5.3737582843750715,"area_source":"osm","cat":"pool","demand_kwh":2149.5033137500286,"demand_source":"footprint_estimate","id":"s_nyc_00023","in_steam":false,"in_uten":false,"name":"Unnamed pool","region":"nyc","sources":["osm_overpass"],"steam_heated":false},"type":"Feature"},{"geometry":{"coordinates":[-73.99632,40.646938],"type":"Point"},"properties":{"area_m2":802.7016790686175,"area_source":"osm","cat":"hotel","demand_kwh":1444863.0223235115,"demand_source":"footprint_estimate","id":"s_nyc_00024","in_steam":false,"in_uten":false,"name":"Holiday Inn Express","region":"nyc","sources":["osm_overpass"],"steam_heated":false},"type":"Feature"},{"geometry":{"coordinates":[-74.002581,40.647195],"type":"Point"},"properties":{"area_m2":3874.6243548705243,"area_source":"osm","cat":"pool","demand_kwh":1549849.7419482097,"demand_source":"footprint_estimate","id":"s_nyc_00025","in_steam":false,"in_uten":false,"name":"Sunset Park Swimming Pool","region":"nyc","sources":["osm_overpass"],"steam_heated":false},"type":"Feature"},{"geometry":{"coordinates":[-74.000704,40.649023],"type":"Point"},"properties":{"area_m2":494.71633081138134,"area_source":"osm","cat":"hotel","demand_kwh":890489.3954604864,"demand_source":"footprint_estimate","id":"s_nyc_00026","in_steam":false,"in_uten":false,"name":"King Hotel","region":"nyc","sources":["osm_overpass"],"steam_heated":false},"type":"Feature"},{"geometry":{"coordinates":[-74.014466,40.650623],"type":"Point"},"properties":{"area_m2":932.5402070358396,"area_source":"osm","cat":"brewery","demand_kwh":373016.0828143358,"demand_source":"footprint_estimate","id":"s_nyc_00027","in_steam":false,"in_uten":false,"name":"Five Boroughs Brewing Co.","region":"nyc","sources":["osm_overpass"],"steam_heated":false},"type":"Feature"},{"geometry":{"coordinates":[-74.011767,40.650996],"type":"Point"},"properties":{"area_m2":450.13912162184715,"area_source":"osm","cat":"hotel","demand_kwh":810250.4189193249,"demand_source":"footprint_estimate","id":"s_nyc_00028","in_steam":false,"in_uten":false,"name":"Quality Inn","region":"nyc","sources":["osm_overpass"],"steam_heated":false},"type":"Feature"},{"geometry":{"coordinates":[-74.003284,40.65108],"type":"Point"},"properties":{"area_m2":350.39161338983104,"area_source":"osm","cat":"hotel","demand_kwh":630704.9041016959,"demand_source":"footprint_estimate","id":"s_nyc_00029","in_steam":false,"in_uten":false,"name":"Phoenix Hotel","region":"nyc","sources":["osm_overpass"],"steam_heated":false},"type":"Feature"},{"geometry":{"coordinates":[-74.004503,40.651864],"type":"Point"},"properties":{"area_m2":342.6058972256724,"area_source":"osm","cat":"hotel","demand_kwh":616690.6150062103,"demand_source":"footprint_estimate","id":"s_nyc_00030","in_steam":false,"in_uten":false,"name":"Wyndham Garden","region":"nyc","sources":["osm_overpass"],"steam_heated":false},"type":"Feature"},{"geometry":{"coordinates":[-74.007635,40.652184],"type":"Point"},"properties":{"area_m2":5490.394758671522,"area_source":"osm","cat":"school","demand_kwh":2493970.9066640004,"demand_source":"ll84_fuel","id":"s_nyc_00031","in_steam":false,"in_uten":false,"name":"M.S. 136 - Charles O. Dewey Middle School","region":"nyc","sources":["osm_overpass"],"steam_heated":false},"type":"Feature"},{"geometry":{"coordinates":[-74.004989,40.652224],"type":"Point"},"properties":{"area_m2":282.13251618109643,"area_source":"osm","cat":"hotel","demand_kwh":507838.5291259736,"demand_source":"footprint_estimate","id":"s_nyc_00032","in_steam":false,"in_uten":false,"name":"Days Inn","region":"nyc","sources":["osm_overpass"],"steam_heated":false},"type":"Feature"},{"geometry":{"coordinates":[-74.004594,40.652935],"type":"Point"},"properties":{"area_m2":5579.497753272299,"area_source":"osm","cat":"school","demand_kwh":908402.9302142002,"demand_source":"ll84_fuel","id":"s_nyc_00033","in_steam":false,"in_uten":false,"name":"P.S. 24","region":"nyc","sources":["osm_overpass"],"steam_heated":false},"type":"Feature"},{"geometry":{"coordinates":[-74.003298,40.65661],"type":"Point"},"properties":{"area_m2":304.0875059887767,"area_source":"osm","cat":"hotel","demand_kwh":547357.510779798,"demand_source":"footprint_estimate","id":"s_nyc_00034","in_steam":false,"in_uten":false,"name":"Hotel BPM","region":"nyc","sources":["osm_overpass"],"steam_heated":false},"type":"Feature"},{"geometry":{"coordinates":[-74.002832,40.657243],"type":"Point"},"properties":{"area_m2":338.4023358533159,"area_source":"osm","cat":"hotel","demand_kwh":365474.52272158116,"demand_source":"footprint_estimate","id":"s_nyc_00035","in_steam":false,"in_uten":false,"name":"L Hotel","region":"nyc","sources":["osm_overpass"],"steam_heated":false},"type":"Feature"},{"geometry":{"coordinates":[-74.007321,40.657617],"type":"Point"},"properties":{"area_m2":null,"area_source":"none","cat":"brewery","demand_kwh":600000.0,"demand_source":"category_default","id":"s_nyc_00036","in_steam":false,"in_uten":false,"name":"Brooklyn Kura","region":"nyc","sources":["osm_overpass"],"steam_heated":false},"type":"Feature"},{"geometry":{"coordinates":[-74.001356,40.657681],"type":"Point"},"properties":{"area_m2":592.5423468966037,"area_source":"osm","cat":"hotel","demand_kwh":1066576.2244138867,"demand_source":"footprint_estimate","id":"s_nyc_00037","in_steam":false,"in_uten":false,"name":"GLo Best Western Brooklyn","region":"nyc","sources":["osm_overpass"],"steam_heated":false},"type":"Feature"},{"geometry":{"coordinates":[-74.000457,40.658611],"type":"Point"},"properties":{"area_m2":620.5471403598785,"area_source":"osm","cat":"hotel","demand_kwh":1116984.8526477814,"demand_source":"footprint_estimate","id":"s_nyc_00038","in_steam":false,"in_uten":false,"name":"Liberty View Brooklyn Hotel","region":"nyc","sources":["osm_overpass"],"steam_heated":false},"type":"Feature"},{"geometry":{"coordinates":[-73.757012,40.658643],"type":"Point"},"properties":{"area_m2":14.037063411029521,"area_source":"osm","cat":"pool","demand_kwh":5614.825364411809,"demand_source":"footprint_estimate","id":"s_nyc_00039","in_steam":false,"in_uten":false,"name":"Unnamed pool","region":"nyc","sources":["osm_overpass"],"steam_heated":false},"type":"Feature"},{"geometry":{"coordinates":[-73.996101,40.659111],"type":"Point"},"properties":{"area_m2":233.4259664817364,"area_source":"osm","cat":"greenhouse","demand_kwh":81699.08826860774,"demand_source":"footprint_estimate","id":"s_nyc_00040","in_steam":false,"in_uten":false,"name":"McGovern Weir Greenhouse","region":"nyc","sources":["osm_overpass"],"steam_heated":false},"type":"Feature"},{"geometry":{"coordinates":[-73.998643,40.660324],"type":"Point"},"properties":{"area_m2":1167.798132117372,"area_source":"osm","cat":"hotel","demand_kwh":2102036.6378112696,"demand_source":"footprint_estimate","id":"s_nyc_00041","in_steam":false,"in_uten":false,"name":"Brooklyn Way Hotel Prospect Park","region":"nyc","sources":["osm_overpass"],"steam_heated":false},"type":"Feature"},{"geometry":{"coordinates":[-73.988559,40.660684],"type":"Point"},"properties":{"area_m2":10590.406298216898,"area_source":"osm","cat":"school","demand_kwh":3431956.1305472,"demand_source":"ll84_fuel","id":"s_nyc_00042","in_steam":false,"in_uten":false,"name":"Unnamed school","region":"nyc","sources":["osm_overpass"],"steam_heated":false},"type":"Feature"},{"geometry":{"coordinates":[-73.767146,40.661456],"type":"Point"},"properties":{"area_m2":8008.531712405384,"area_source":"osm","cat":"school","demand_kwh":1244115.6434858001,"demand_source":"ll84_fuel","id":"s_nyc_00043","in_steam":false,"in_uten":false,"name":"P.S. 52Q","region":"nyc","sources":["osm_overpass"],"steam_heated":false},"type":"Feature"},{"geometry":{"coordinates":[-73.756216,40.66175],"type":"Point"},"properties":{"area_m2":13.705416047712788,"area_source":"osm","cat":"pool","demand_kwh":5482.166419085115,"demand_source":"footprint_estimate","id":"s_nyc_00044","in_steam":false,"in_uten":false,"name":"Unnamed pool","region":"nyc","sources":["osm_overpass"],"steam_heated":false},"type":"Feature"},{"geometry":{"coordinates":[-73.758071,40.662171],"type":"Point"},"properties":{"area_m2":20.92478344333358,"area_source":"osm","cat":"pool","demand_kwh":8369.913377333432,"demand_source":"footprint_estimate","id":"s_nyc_00045","in_steam":false,"in_uten":false,"name":"Unnamed pool","region":"nyc","sources":["osm_overpass"],"steam_heated":false},"type":"Feature"},{"geometry":{"coordinates":[-73.766218,40.662366],"type":"Point"},"properties":{"area_m2":13.955513923428953,"area_source":"osm","cat":"pool","demand_kwh":5582.205569371581,"demand_source":"footprint_estimate","id":"s_nyc_00046","in_steam":false,"in_uten":false,"name":"Unnamed pool","region":"nyc","sources":["osm_overpass"],"steam_heated":false},"type":"Feature"},{"geometry":{"coordinates":[-73.994758,40.662609],"type":"Point"},"properties":{"area_m2":5966.21308288537,"area_source":"osm","cat":"school","demand_kwh":2147836.709838733,"demand_source":"footprint_estimate","id":"s_nyc_00047","in_steam":false,"in_uten":false,"name":"Al-Noor School","region":"nyc","sources":["osm_overpass"],"steam_heated":false},"type":"Feature"},{"geometry":{"coordinates":[-73.758534,40.663362],"type":"Point"},"properties":{"area_m2":13.696976602310315,"area_source":"osm","cat":"pool","demand_kwh":5478.790640924126,"demand_source":"footprint_estimate","id":"s_nyc_00048","in_steam":false,"in_uten":false,"name":"Unnamed pool","region":"nyc","sources":["osm_overpass"],"steam_heated":false},"type":"Feature"},{"geometry":{"coordinates":[-73.997549,40.663562],"type":"Point"},"properties":{"area_m2":402.3734307223931,"area_source":"osm","cat":"hotel","demand_kwh":724272.1753003076,"demand_source":"footprint_estimate","id":"s_nyc_00049","in_steam":false,"in_uten":false,"name":"Essence Hotel","region":"nyc","sources":["osm_overpass"],"steam_heated":false},"type":"Feature"},{"geometry":{"coordinates":[-73.996111,40.663657],"type":"Point"},"properties":{"area_m2":464.64553752727807,"area_source":"osm","cat":"hotel","demand_kwh":309131.2908,"demand_source":"ll84_fuel","id":"s_nyc_00050","in_steam":false,"in_uten":false,"name":"Comfort Inn","region":"nyc","sources":["osm_overpass"],"steam_heated":false},"type":"Feature"},{"geometry":{"coordinates":[-73.754326,40.663676],"type":"Point"},"properties":{"area_m2":10.101793490874115,"area_source":"osm","cat":"pool","demand_kwh":4040.717396349646,"demand_source":"footprint_estimate","id":"s_nyc_00051","in_steam":false,"in_uten":false,"name":"Unnamed pool","region":"nyc","sources":["osm_overpass"],"steam_heated":false},"type":"Feature"},{"geometry":{"coordinates":[-73.759249,40.665033],"type":"Point"},"properties":{"area_m2":14452.726785197854,"area_source":"osm","cat":"school","demand_kwh":2531657.2582392,"demand_source":"ll84_fuel","id":"s_nyc_00052","in_steam":false,"in_uten":false,"name":"Unnamed school","region":"nyc","sources":["osm_overpass"],"steam_heated":false},"type":"Feature"},{"geometry":{"coordinates":[-73.992094,40.665449],"type":"Point"},"properties":{"area_m2":2259.0983657324687,"area_source":"osm","cat":"residential_multifamily","demand_kwh":2733509.022536287,"demand_source":"footprint_estimate","id":"s_nyc_00053","in_steam":false,"in_uten":false,"name":"Unnamed residential multifamily","region":"nyc","sources":["osm_overpass"],"steam_heated":false},"type":"Feature"},{"geometry":{"coordinates":[-73.780192,40.666367],"type":"Point"},"properties":{"area_m2":null,"area_source":"none","cat":"hotel","demand_kwh":390927.40690000006,"demand_source":"ll84_fuel","id":"s_nyc_00054","in_steam":false,"in_uten":false,"name":"Marriott","region":"nyc","sources":["osm_overpass"],"steam_heated":false},"type":"Feature"},{"geometry":{"coordinates":[-74.017538,40.693026],"type":"Point"},"properties":{"area_m2":223.4689363698708,"area_source":"osm","cat":"pool","demand_kwh":89387.57454794832,"demand_source":"footprint_estimate","id":"s_nyc_00055","in_steam":false,"in_uten":false,"name":"Unnamed pool","region":"nyc","sources":["osm_overpass"],"steam_heated":false},"type":"Feature"},{"geometry":{"coordinates":[-73.936238,40.696553],"type":"Point"},"properties":{"area_m2":4090.3232193624135,"area_source":"osm","cat":"residential_multifamily","demand_kwh":2699613.324779193,"demand_source":"footprint_estimate","id":"s_nyc_00056","in_steam":false,"in_uten":false,"name":"Unnamed residential multifamily","region":"nyc","sources":["osm_overpass"],"steam_heated":false},"type":"Feature"},{"geometry":{"coordinates":[-73.925732,40.699439],"type":"Point"},"properties":{"area_m2":16.221666894678492,"area_source":"osm","cat":"pool","demand_kwh":6488.666757871397,"demand_source":"footprint_estimate","id":"s_nyc_00057","in_steam":false,"in_uten":false,"name":"Unnamed pool","region":"nyc","sources":["osm_overpass"],"steam_heated":false},"type":"Feature"},{"geometry":{"coordinates":[-73.942768,40.699499],"type":"Point"},"properties":{"area_m2":48244.95776888728,"area_source":"osm","cat":"hospital","demand_kwh":54202466.2813631,"demand_source":"ll84_fuel","id":"s_nyc_00058","in_steam":false,"in_uten":false,"name":"NYC Health + Hospitals/Woodhull","region":"nyc","sources":["osm_overpass"],"steam_heated":false},"type":"Feature"},{"geometry":{"coordinates":[-73.929216,40.699565],"type":"Point"},"properties":{"area_m2":2538.385312067345,"area_source":"osm","cat":"residential_multifamily","demand_kwh":1675334.3059644476,"demand_source":"footprint_estimate","id":"s_nyc_00059","in_steam":false,"in_uten":false,"name":"Unnamed residential multifamily","region":"nyc","sources":["osm_overpass"],"steam_heated":false},"type":"Feature"},{"geometry":{"coordinates":[-73.935469,40.699573],"type":"Point"},"properties":{"area_m2":2207.0458691893145,"area_source":"osm","cat":"residential_multifamily","demand_kwh":1456650.2736649476,"demand_source":"footprint_estimate","id":"s_nyc_00060","in_steam":false,"in_uten":false,"name":"Unnamed residential multifamily","region":"nyc","sources":["osm_overpass"],"steam_heated":false},"type":"Feature"},{"geometry":{"coordinates":[-73.944536,40.700026],"type":"Point"},"properties":{"area_m2":7.894166293845046,"area_source":"osm","cat":"pool","demand_kwh":3157.6665175380185,"demand_source":"footprint_estimate","id":"s_nyc_00061","in_steam":false,"in_uten":false,"name":"Unnamed pool","region":"nyc","sources":["osm_overpass"],"steam_heated":false},"type":"Feature"},{"geometry":{"coordinates":[-73.99638,40.700479],"type":"Point"},"properties":{"area_m2":2419.853836881928,"area_source":"osm","cat":"residential_multifamily","demand_kwh":1064735.6882280484,"demand_source":"footprint_estimate","id":"s_nyc_00062","in_steam":false,"in_uten":false,"name":"Unnamed residential multifamily","region":"nyc","sources":["osm_overpass"],"steam_heated":false},"type":"Feature"},{"geometry":{"coordinates":[-73.937645,40.700664],"type":"Point"},"properties":{"area_m2":5517.672923631966,"area_source":"osm","cat":"school","demand_kwh":1435696.2734142002,"demand_source":"ll84_fuel","id":"s_nyc_00063","in_steam":false,"in_uten":false,"name":"P.S. 120 - Carlos Tapia School","region":"nyc","sources":["osm_overpass"],"steam_heated":false},"type":"Feature"},{"geometry":{"coordinates":[-73.929258,40.700823],"type":"Point"},"properties":{"area_m2":13.227046420797706,"area_source":"osm","cat":"pool","demand_kwh":5290.818568319082,"demand_source":"footprint_estimate","id":"s_nyc_00064","in_steam":false,"in_uten":false,"name":"Unnamed pool","region":"nyc","sources":["osm_overpass"],"steam_heated":false},"type":"Feature"},{"geometry":{"coordinates":[-73.92771,40.700949],"type":"Point"},"properties":{"area_m2":6768.421774573624,"area_source":"osm","cat":"school","demand_kwh":2457329.118747,"demand_source":"ll84_fuel","id":"s_nyc_00065","in_steam":false,"in_uten":false,"name":"Enrico Fermi Campus","region":"nyc","sources":["osm_overpass"],"steam_heated":false},"type":"Feature"},{"geometry":{"coordinates":[-74.011976,40.701058],"type":"Point"},"properties":{"area_m2":null,"area_source":"none","cat":"hotel","demand_kwh":1500000.0,"demand_source":"category_default","id":"s_nyc_00066","in_steam":false,"in_uten":false,"name":"Casa Cipriani New York","region":"nyc","sources":["osm_overpass"],"steam_heated":false},"type":"Feature"},{"geometry":{"coordinates":[-73.932335,40.701224],"type":"Point"},"properties":{"area_m2":5287.685504108667,"area_source":"osm","cat":"school","demand_kwh":1922626.6475960002,"demand_source":"ll84_fuel","id":"s_nyc_00067","in_steam":false,"in_uten":false,"name":"P.S. 145 - Magnet School of Leadership Through Engineering","region":"nyc","sources":["osm_overpass"],"steam_heated":false},"type":"Feature"},{"geometry":{"coordinates":[-73.942403,40.701354],"type":"Point"},"properties":{"area_m2":null,"area_source":"none","cat":"university","demand_kwh":5000000.0,"demand_source":"category_default","id":"s_nyc_00068","in_steam":false,"in_uten":false,"name":"Boricua College","region":"nyc","sources":["osm_overpass"],"steam_heated":false},"type":"Feature"},{"geometry":{"coordinates":[-73.995852,40.701604],"type":"Point"},"properties":{"area_m2":3600.668325689854,"area_source":"osm","cat":"residential_multifamily","demand_kwh":3960735.1582588395,"demand_source":"footprint_estimate","id":"s_nyc_00069","in_steam":false,"in_uten":false,"name":"Pierhouse","region":"nyc","sources":["osm_overpass"],"steam_heated":false},"type":"Feature"},{"geometry":{"coordinates":[-73.939441,40.702076],"type":"Point"},"properties":{"area_m2":373.1073772739619,"area_source":"osm","cat":"pool","demand_kwh":149242.95090958476,"demand_source":"footprint_estimate","id":"s_nyc_00070","in_steam":false,"in_uten":false,"name":"Bushwick Pool","region":"nyc","sources":["osm_overpass"],"steam_heated":false},"type":"Feature"},{"geometry":{"coordinates":[-73.990797,40.702146],"type":"Point"},"properties":{"area_m2":3141.0283187289024,"area_source":"osm","cat":"residential_multifamily","demand_kwh":8983340.991564661,"demand_source":"footprint_estimate","id":"s_nyc_00071","in_steam":false,"in_uten":false,"name":"Olympia Dumbo","region":"nyc","sources":["osm_overpass"],"steam_heated":false},"type":"Feature"},{"geometry":{"coordinates":[-74.012041,40.702195],"type":"Point"},"properties":{"area_m2":3717.4891957129585,"area_source":"osm","cat":"office","demand_kwh":16728701.380708313,"demand_source":"footprint_estimate","id":"s_nyc_00072","in_steam":true,"in_uten":false,"name":"One New York Plaza","region":"nyc","sources":["osm_overpass"],"steam_heated":false},"type":"Feature"},{"geometry":{"coordinates":[-73.945299,40.702272],"type":"Point"},"properties":{"area_m2":2421.3261661827564,"area_source":"osm","cat":"residential_multifamily","demand_kwh":1162612.6863071,"demand_source":"ll84_fuel","id":"s_nyc_00073","in_steam":false,"in_uten":false,"name":"Unnamed residential multifamily","region":"nyc","sources":["osm_overpass"],"steam_heated":false},"type":"Feature"},{"geometry":{"coordinates":[-73.995518,40.702294],"type":"Point"},"properties":{"area_m2":1483.2019924921915,"area_source":"osm","cat":"hotel","demand_kwh":2669763.5864859447,"demand_source":"footprint_estimate","id":"s_nyc_00074","in_steam":false,"in_uten":false,"name":"1 Hotel Brooklyn Bridge","region":"nyc","sources":["osm_overpass"],"steam_heated":false},"type":"Feature"},{"geometry":{"coordinates":[-73.9413,40.702745],"type":"Point"},"properties":{"area_m2":6013.384978983086,"area_source":"osm","cat":"school","demand_kwh":793620.4714731001,"demand_source":"ll84_fuel","id":"s_nyc_00075","in_steam":false,"in_uten":false,"name":"P.S. 257 - John F. Hylan School","region":"nyc","sources":["osm_overpass"],"steam_heated":false},"type":"Feature"},{"geometry":{"coordinates":[-73.930644,40.702824],"type":"Point"},"properties":{"area_m2":2178.6981052528135,"area_source":"osm","cat":"residential_multifamily","demand_kwh":1437940.749466857,"demand_source":"footprint_estimate","id":"s_nyc_00076","in_steam":false,"in_uten":false,"name":"Unnamed residential multifamily","region":"nyc","sources":["osm_overpass"],"steam_heated":false},"type":"Feature"},{"geometry":{"coordinates":[-74.012235,40.702978],"type":"Point"},"properties":{"area_m2":377.01608751527965,"area_source":"osm","cat":"hotel","demand_kwh":942172.6809454,"demand_source":"ll84_fuel","id":"s_nyc_00077","in_steam":true,"in_uten":false,"name":"Hilton Garden Inn","region":"nyc","sources":["osm_overpass"],"steam_heated":false},"type":"Feature"},{"geometry":{"coordinates":[-73.948503,40.703224],"type":"Point"},"properties":{"area_m2":7290.4754620194435,"area_source":"osm","cat":"school","demand_kwh":2546716.0375109003,"demand_source":"ll84_fuel","id":"s_nyc_00078","in_steam":false,"in_uten":false,"name":"I.S. 318 - Eugenio Maria de Hostos Academy of the Arts and Sciences","region":"nyc","sources":["osm_overpass"],"steam_heated":false},"type":"Feature"},{"geometry":{"coordinates":[-74.011175,40.703403],"type":"Point"},"properties":{"area_m2":149.5343450717628,"area_source":"osm","cat":"brewery","demand_kwh":59813.73802870512,"demand_source":"footprint_estimate","id":"s_nyc_00079","in_steam":true,"in_uten":false,"name":"The Porterhouse at Fraunces Tavern","region":"nyc","sources":["osm_overpass"],"steam_heated":false},"type":"Feature"},{"geometry":{"coordinates":[-73.930974,40.703519],"type":"Point"},"properties":{"area_m2":null,"area_source":"none","cat":"brewery","demand_kwh":600000.0,"demand_source":"category_default","id":"s_nyc_00080","in_steam":false,"in_uten":false,"name":"Unnamed brewery","region":"nyc","sources":["osm_overpass"],"steam_heated":false},"type":"Feature"},{"geometry":{"coordinates":[-73.992061,40.703634],"type":"Point"},"properties":{"area_m2":61.11568181286566,"area_source":"osm","cat":"pool","demand_kwh":24446.272725146264,"demand_source":"footprint_estimate","id":"s_nyc_00081","in_steam":false,"in_uten":false,"name":"Unnamed pool","region":"nyc","sources":["osm_overpass"],"steam_heated":false},"type":"Feature"},{"geometry":{"coordinates":[-73.991201,40.703645],"type":"Point"},"properties":{"area_m2":2652.4475363865495,"area_source":"osm","cat":"residential_multifamily","demand_kwh":1750615.3740151227,"demand_source":"footprint_estimate","id":"s_nyc_00082","in_steam":false,"in_uten":false,"name":"Sweeney Building","region":"nyc","sources":["osm_overpass"],"steam_heated":false},"type":"Feature"},{"geometry":{"coordinates":[-73.933146,40.70381],"type":"Point"},"properties":{"area_m2":414.2523651784286,"area_source":"osm","cat":"hotel","demand_kwh":519263.1978,"demand_source":"ll84_fuel","id":"s_nyc_00083","in_steam":false,"in_uten":false,"name":"Bogart Hotel","region":"nyc","sources":["osm_overpass"],"steam_heated":false},"type":"Feature"},{"geometry":{"coordinates":[-74.012313,40.703878],"type":"Point"},"properties":{"area_m2":314.71926933852956,"area_source":"osm","cat":"hotel","demand_kwh":2492576.613161154,"demand_source":"footprint_estimate","id":"s_nyc_00084","in_steam":true,"in_uten":false,"name":"DoubleTree by Hilton","region":"nyc","sources":["osm_overpass"],"steam_heated":false},"type":"Feature"},{"geometry":{"coordinates":[-73.987066,40.704106],"type":"Point"},"properties":{"area_m2":4102.512273827568,"area_source":"osm","cat":"office","demand_kwh":2953808.8371558487,"demand_source":"footprint_estimate","id":"s_nyc_00085","in_steam":false,"in_uten":false,"name":"Unnamed office","region":"nyc","sources":["osm_overpass"],"steam_heated":false},"type":"Feature"},{"geometry":{"coordinates":[-74.007,40.704249],"type":"Point"},"properties":{"area_m2":3424.265988385305,"area_source":"osm","cat":"office","demand_kwh":7396414.534912258,"demand_source":"footprint_estimate","id":"s_nyc_00086","in_steam":true,"in_uten":false,"name":"111 Wall Street","region":"nyc","sources":["osm_overpass"],"steam_heated":false},"type":"Feature"},{"geometry":{"coordinates":[-73.947183,40.704355],"type":"Point"},"properties":{"area_m2":254.85722169280052,"area_source":"osm","cat":"pool","demand_kwh":101942.88867712021,"demand_source":"footprint_estimate","id":"s_nyc_00087","in_steam":false,"in_uten":false,"name":"Unnamed pool","region":"nyc","sources":["osm_overpass"],"steam_heated":false},"type":"Feature"},{"geometry":{"coordinates":[-74.010272,40.704584],"type":"Point"},"properties":{"area_m2":281.5428396612406,"area_source":"osm","cat":"hotel","demand_kwh":506777.11139023304,"demand_source":"footprint_estimate","id":"s_nyc_00088","in_steam":true,"in_uten":false,"name":"Wall Street Inn","region":"nyc","sources":["osm_overpass"],"steam_heated":false},"type":"Feature"},{"geometry":{"coordinates":[-73.943985,40.70475],"type":"Point"},"properties":{"area_m2":21.840830711647868,"area_source":"osm","cat":"pool","demand_kwh":8736.332284659147,"demand_source":"footprint_estimate","id":"s_nyc_00089","in_steam":false,"in_uten":false,"name":"Unnamed pool","region":"nyc","sources":["osm_overpass"],"steam_heated":false},"type":"Feature"},{"geometry":{"coordinates":[-73.948342,40.704983],"type":"Point"},"properties":{"area_m2":3186.569726589456,"area_source":"osm","cat":"residential_multifamily","demand_kwh":2103136.019549041,"demand_source":"footprint_estimate","id":"s_nyc_00090","in_steam":false,"in_uten":false,"name":"Unnamed residential multifamily","region":"nyc","sources":["osm_overpass"],"steam_heated":false},"type":"Feature"},{"geometry":{"coordinates":[-74.007892,40.705039],"type":"Point"},"properties":{"area_m2":null,"area_source":"none","cat":"hotel","demand_kwh":1500000.0,"demand_source":"category_default","id":"s_nyc_00091","in_steam":true,"in_uten":false,"name":"Hyatt Centric","region":"nyc","sources":["osm_overpass"],"steam_heated":false},"type":"Feature"},{"geometry":{"coordinates":[-73.945389,40.705137],"type":"Point"},"properties":{"area_m2":384.50856794044375,"area_source":"osm","cat":"pool","demand_kwh":153803.4271761775,"demand_source":"footprint_estimate","id":"s_nyc_00092","in_steam":false,"in_uten":false,"name":"Unnamed pool","region":"nyc","sources":["osm_overpass"],"steam_heated":false},"type":"Feature"},{"geometry":{"coordinates":[-74.0062,40.705188],"type":"Point"},"properties":{"area_m2":null,"area_source":"none","cat":"hotel","demand_kwh":1500000.0,"demand_source":"category_default","id":"s_nyc_00093","in_steam":true,"in_uten":false,"name":"Eurostars Wall Street","region":"nyc","sources":["osm_overpass"],"steam_heated":false},"type":"Feature"},{"geometry":{"coordinates":[-74.013153,40.705348],"type":"Point"},"properties":{"area_m2":null,"area_source":"none","cat":"university","demand_kwh":3606170.6039138003,"demand_source":"ll84_fuel","id":"s_nyc_00094","in_steam":true,"in_uten":false,"name":"New York Film Academy","region":"nyc","sources":["osm_overpass"],"steam_heated":false},"type":"Feature"},{"geometry":{"coordinates":[-74.007574,40.705483],"type":"Point"},"properties":{"area_m2":null,"area_source":"none","cat":"hotel","demand_kwh":1500000.0,"demand_source":"category_default","id":"s_nyc_00095","in_steam":true,"in_uten":false,"name":"The Wall Street Hotel","region":"nyc","sources":["osm_overpass"],"steam_heated":false},"type":"Feature"},{"geometry":{"coordinates":[-74.015476,40.705701],"type":"Point"},"properties":{"area_m2":null,"area_source":"none","cat":"hotel","demand_kwh":1500000.0,"demand_source":"category_default","id":"s_nyc_00096","in_steam":true,"in_uten":false,"name":"Sonder at Battery Park","region":"nyc","sources":["osm_overpass"],"steam_heated":false},"type":"Feature"},{"geometry":{"coordinates":[-74.01557,40.705957],"type":"Point"},"properties":{"area_m2":74.74428190104663,"area_source":"osm","cat":"pool","demand_kwh":29897.712760418653,"demand_source":"footprint_estimate","id":"s_nyc_00097","in_steam":true,"in_uten":false,"name":"Unnamed pool","region":"nyc","sources":["osm_overpass"],"steam_heated":false},"type":"Feature"},{"geometry":{"coordinates":[-74.005049,40.70598],"type":"Point"},"properties":{"area_m2":null,"area_source":"none","cat":"hotel","demand_kwh":1500000.0,"demand_source":"category_default","id":"s_nyc_00098","in_steam":true,"in_uten":false,"name":"Fairfield Inn New York Manhattan/Financial District","region":"nyc","sources":["osm_overpass"],"steam_heated":false},"type":"Feature"},{"geometry":{"coordinates":[-73.92362,40.706031],"type":"Point"},"properties":{"area_m2":null,"area_source":"none","cat":"brewery","demand_kwh":600000.0,"demand_source":"category_default","id":"s_nyc_00099","in_steam":false,"in_uten":false,"name":"Kings County Brewers Collective","region":"nyc","sources":["osm_overpass"],"steam_heated":false},"type":"Feature"},{"geometry":{"coordinates":[-73.949212,40.706131],"type":"Point"},"properties":{"area_m2":230.5920468652621,"area_source":"osm","cat":"pool","demand_kwh":92236.81874610484,"demand_source":"footprint_estimate","id":"s_nyc_00100","in_steam":false,"in_uten":false,"name":"Unnamed pool","region":"nyc","sources":["osm_overpass"],"steam_heated":false},"type":"Feature"},{"geometry":{"coordinates":[-74.006804,40.70615],"type":"Point"},"properties":{"area_m2":4418.41306565702,"area_source":"osm","cat":"office","demand_kwh":3181257.407273054,"demand_source":"footprint_estimate","id":"s_nyc_00101","in_steam":true,"in_uten":false,"name":"Unnamed office","region":"nyc","sources":["osm_overpass"],"steam_heated":false},"type":"Feature"},{"geometry":{"coordinates":[-74.007442,40.706395],"type":"Point"},"properties":{"area_m2":null,"area_source":"none","cat":"hotel","demand_kwh":1500000.0,"demand_source":"category_default","id":"s_nyc_00102","in_steam":true,"in_uten":false,"name":"Mint House","region":"nyc","sources":["osm_overpass"],"steam_heated":false},"type":"Feature"},{"geometry":{"coordinates":[-74.012381,40.706654],"type":"Point"},"properties":{"area_m2":null,"area_source":"none","cat":"university","demand_kwh":5000000.0,"demand_source":"category_default","id":"s_nyc_00103","in_steam":true,"in_uten":false,"name":"The King's College","region":"nyc","sources":["osm_overpass"],"steam_heated":false},"type":"Feature"},{"geometry":{"coordinates":[-74.018109,40.706657],"type":"Point"},"properties":{"area_m2":2108.3988178296713,"area_source":"osm","cat":"residential_multifamily","demand_kwh":2087314.8296513746,"demand_source":"footprint_estimate","id":"s_nyc_00104","in_steam":true,"in_uten":false,"name":"South Cove Plaza","region":"nyc","sources":["osm_overpass"],"steam_heated":false},"type":"Feature"},{"geometry":{"coordinates":[-73.945648,40.706715],"type":"Point"},"properties":{"area_m2":6827.833617953118,"area_source":"osm","cat":"school","demand_kwh":1259973.1877680002,"demand_source":"ll84_fuel","id":"s_nyc_00105","in_steam":false,"in_uten":false,"name":"P.S. 250 - The George H. Lindsay School","region":"nyc","sources":["osm_overpass"],"steam_heated":false},"type":"Feature"},{"geometry":{"coordinates":[-74.016968,40.706969],"type":"Point"},"properties":{"area_m2":2599.3991990583017,"area_source":"osm","cat":"residential_multifamily","demand_kwh":1715603.4713784792,"demand_source":"footprint_estimate","id":"s_nyc_00106","in_steam":true,"in_uten":false,"name":"The Visionaire","region":"nyc","sources":["osm_overpass"],"steam_heated":false},"type":"Feature"},{"geometry":{"coordinates":[-74.006335,40.707224],"type":"Point"},"properties":{"area_m2":634.9552169069648,"area_source":"osm","cat":"hotel","demand_kwh":4457385.622686893,"demand_source":"footprint_estimate","id":"s_nyc_00107","in_steam":true,"in_uten":false,"name":"Courtyard New York Downtown Financial District","region":"nyc","sources":["osm_overpass"],"steam_heated":false},"type":"Feature"},{"geometry":{"coordinates":[-73.934092,40.707238],"type":"Point"},"properties":{"area_m2":694.3784682392143,"area_source":"osm","cat":"hotel","demand_kwh":1249881.2428305857,"demand_source":"footprint_estimate","id":"s_nyc_00108","in_steam":false,"in_uten":false,"name":"Nova Hotel","region":"nyc","sources":["osm_overpass"],"steam_heated":false},"type":"Feature"},{"geometry":{"coordinates":[-74.017653,40.707289],"type":"Point"},"properties":{"area_m2":2066.5630192221142,"area_source":"osm","cat":"residential_multifamily","demand_kwh":1950256.0040423002,"demand_source":"ll84_fuel","id":"s_nyc_00109","in_steam":true,"in_uten":false,"name":"Riverwatch","region":"nyc","sources":["osm_overpass"],"steam_heated":false},"type":"Feature"},{"geometry":{"coordinates":[-74.013296,40.707756],"type":"Point"},"properties":{"area_m2":353.2580652590841,"area_source":"osm","cat":"hotel","demand_kwh":1780420.648905784,"demand_source":"footprint_estimate","id":"s_nyc_00110","in_steam":true,"in_uten":false,"name":"Hotel Indigo","region":"nyc","sources":["osm_overpass"],"steam_heated":false},"type":"Feature"},{"geometry":{"coordinates":[-74.014088,40.707876],"type":"Point"},"properties":{"area_m2":2195.210850578733,"area_source":"osm","cat":"residential_multifamily","demand_kwh":8105971.689137101,"demand_source":"ll84_fuel","id":"s_nyc_00111","in_steam":true,"in_uten":false,"name":"Greenwich Club Residences","region":"nyc","sources":["osm_overpass"],"steam_heated":false},"type":"Feature"},{"geometry":{"coordinates":[-74.001418,40.708008],"type":"Point"},"properties":{"area_m2":null,"area_source":"none","cat":"hotel","demand_kwh":1500000.0,"demand_source":"category_default","id":"s_nyc_00112","in_steam":true,"in_uten":false,"name":"33 Hotel, New York City, Seaport","region":"nyc","sources":["osm_overpass"],"steam_heated":false},"type":"Feature"},{"geometry":{"coordinates":[-74.013619,40.708272],"type":"Point"},"properties":{"area_m2":null,"area_source":"none","cat":"hotel","demand_kwh":1500000.0,"demand_source":"category_default","id":"s_nyc_00113","in_steam":true,"in_uten":false,"name":"Courtyard New York Downtown Manhattan/World Trade Center Area","region":"nyc","sources":["osm_overpass"],"steam_heated":false},"type":"Feature"},{"geometry":{"coordinates":[-73.939121,40.708828],"type":"Point"},"properties":{"area_m2":7526.228131390351,"area_source":"osm","cat":"school","demand_kwh":2332330.6445524003,"demand_source":"ll84_fuel","id":"s_nyc_00114","in_steam":false,"in_uten":false,"name":"P.S. 196 - The Ten Eyck School","region":"nyc","sources":["osm_overpass"],"steam_heated":false},"type":"Feature"},{"geometry":{"coordinates":[-74.002036,40.708891],"type":"Point"},"properties":{"area_m2":261.74499096535146,"area_source":"osm","cat":"hotel","demand_kwh":471140.98373763263,"demand_source":"footprint_estimate","id":"s_nyc_00115","in_steam":true,"in_uten":false,"name":"Hampton Inn Manhattan-Seaport-Financial District","region":"nyc","sources":["osm_overpass"],"steam_heated":false},"type":"Feature"},{"geometry":{"coordinates":[-74.009209,40.70906],"type":"Point"},"properties":{"area_m2":243.50137414131314,"area_source":"osm","cat":"hotel","demand_kwh":876604.9469087273,"demand_source":"footprint_estimate","id":"s_nyc_00116","in_steam":true,"in_uten":false,"name":"Holiday Inn","region":"nyc","sources":["osm_overpass"],"steam_heated":false},"type":"Feature"},{"geometry":{"coordinates":[-74.013679,40.709208],"type":"Point"},"properties":{"area_m2":842.31219138694,"area_source":"osm","cat":"hotel","demand_kwh":1516161.944496492,"demand_source":"footprint_estimate","id":"s_nyc_00117","in_steam":true,"in_uten":false,"name":"The Washington New York City","region":"nyc","sources":["osm_overpass"],"steam_heated":false},"type":"Feature"},{"geometry":{"coordinates":[-74.012665,40.709336],"type":"Point"},"properties":{"area_m2":592.0301439603791,"area_source":"osm","cat":"hotel","demand_kwh":3493699.2151574004,"demand_source":"ll84_fuel","id":"s_nyc_00118","in_steam":true,"in_uten":false,"name":"The Cloud One New York-Downtown","region":"nyc","sources":["osm_overpass"],"steam_heated":false},"type":"Feature"},{"geometry":{"coordinates":[-74.014343,40.709428],"type":"Point"},"properties":{"area_m2":1888.9258534647524,"area_source":"osm","cat":"hotel","demand_kwh":3400066.5362365544,"demand_source":"footprint_estimate","id":"s_nyc_00119","in_steam":true,"in_uten":false,"name":"Marriott Downtown","region":"nyc","sources":["osm_overpass"],"steam_heated":false},"type":"Feature"},{"geometry":{"coordinates":[-74.009795,40.709566],"type":"Point"},"properties":{"area_m2":null,"area_source":"none","cat":"hotel","demand_kwh":1500000.0,"demand_source":"category_default","id":"s_nyc_00120","in_steam":true,"in_uten":false,"name":"Residence Inn New York Downtown Manhattan/World Trade Center Area","region":"nyc","sources":["osm_overpass"],"steam_heated":false},"type":"Feature"},{"geometry":{"coordinates":[-74.008699,40.709629],"type":"Point"},"properties":{"area_m2":null,"area_source":"none","cat":"hotel","demand_kwh":1500000.0,"demand_source":"category_default","id":"s_nyc_00121","in_steam":true,"in_uten":false,"name":"The Artezen","region":"nyc","sources":["osm_overpass"],"steam_heated":false},"type":"Feature"},{"geometry":{"coordinates":[-74.010857,40.709737],"type":"Point"},"properties":{"area_m2":3494.2256264276803,"area_source":"osm","cat":"office","demand_kwh":16981936.544438526,"demand_source":"footprint_estimate","id":"s_nyc_00122","in_steam":true,"in_uten":false,"name":"One Liberty Plaza","region":"nyc","sources":["osm_overpass"],"steam_heated":false},"type":"Feature"},{"geometry":{"coordinates":[-73.944484,40.709791],"type":"Point"},"properties":{"area_m2":8955.349775764858,"area_source":"osm","cat":"school","demand_kwh":2837470.9853192,"demand_source":"ll84_fuel","id":"s_nyc_00123","in_steam":false,"in_uten":false,"name":"The Brooklyn Latin School","region":"nyc","sources":["osm_overpass"],"steam_heated":false},"type":"Feature"},{"geometry":{"coordinates":[-74.013878,40.709825],"type":"Point"},"properties":{"area_m2":null,"area_source":"none","cat":"hotel","demand_kwh":1500000.0,"demand_source":"category_default","id":"s_nyc_00124","in_steam":true,"in_uten":false,"name":"World Center Hotel","region":"nyc","sources":["osm_overpass"],"steam_heated":false},"type":"Feature"},{"geometry":{"coordinates":[-74.003235,40.710158],"type":"Point"},"properties":{"area_m2":5937.936954294797,"area_source":"osm","cat":"office","demand_kwh":7557448.5171539,"demand_source":"ll84_fuel","id":"s_nyc_00125","in_steam":true,"in_uten":false,"name":"New York City Department of Housing Preservation and Development","region":"nyc","sources":["osm_overpass"],"steam_heated":false},"type":"Feature"},{"geometry":{"coordinates":[-74.004957,40.710305],"type":"Point"},"properties":{"area_m2":4823.798290658742,"area_source":"osm","cat":"hospital","demand_kwh":9647596.581317484,"demand_source":"footprint_estimate","id":"s_nyc_00126","in_steam":true,"in_uten":false,"name":"NewYork-Presbyterian Lower Manhattan Hospital","region":"nyc","sources":["osm_overpass"],"steam_heated":false},"type":"Feature"},{"geometry":{"coordinates":[-74.004956,40.710307],"type":"Point"},"properties":{"area_m2":6037.681168246265,"area_source":"osm","cat":"university","demand_kwh":3622608.7009477587,"demand_source":"footprint_estimate","id":"s_nyc_00127","in_steam":true,"in_uten":false,"name":"Weill Medical College of Cornell University","region":"nyc","sources":["osm_overpass"],"steam_heated":false},"type":"Feature"},{"geometry":{"coordinates":[-74.006666,40.710406],"type":"Point"},"properties":{"area_m2":406.98928177915514,"area_source":"osm","cat":"hotel","demand_kwh":732580.7072024792,"demand_source":"footprint_estimate","id":"s_nyc_00128","in_steam":true,"in_uten":false,"name":"Aloft Manhattan Downtown","region":"nyc","sources":["osm_overpass"],"steam_heated":false},"type":"Feature"},{"geometry":{"coordinates":[-73.922788,40.710513],"type":"Point"},"properties":{"area_m2":null,"area_source":"none","cat":"brewery","demand_kwh":600000.0,"demand_source":"category_default","id":"s_nyc_00129","in_steam":false,"in_uten":false,"name":"Honey's","region":"nyc","sources":["osm_overpass"],"steam_heated":false},"type":"Feature"},{"geometry":{"coordinates":[-74.008398,40.710862],"type":"Point"},"properties":{"area_m2":2895.9798830570653,"area_source":"osm","cat":"residential_multifamily","demand_kwh":1911346.722817663,"demand_source":"footprint_estimate","id":"s_nyc_00130","in_steam":true,"in_uten":false,"name":"Unnamed residential multifamily","region":"nyc","sources":["osm_overpass"],"steam_heated":false},"type":"Feature"},{"geometry":{"coordinates":[-74.016498,40.710904],"type":"Point"},"properties":{"area_m2":2679.855351592414,"area_source":"osm","cat":"residential_multifamily","demand_kwh":1179136.3547006622,"demand_source":"footprint_estimate","id":"s_nyc_00131","in_steam":true,"in_uten":false,"name":"Gateway Plaza 100","region":"nyc","sources":["osm_overpass"],"steam_heated":false},"type":"Feature"},{"geometry":{"coordinates":[-73.916779,40.710914],"type":"Point"},"properties":{"area_m2":3.235244224779308,"area_source":"osm","cat":"pool","demand_kwh":1294.0976899117231,"demand_source":"footprint_estimate","id":"s_nyc_00132","in_steam":false,"in_uten":false,"name":"Unnamed pool","region":"nyc","sources":["osm_overpass"],"steam_heated":false},"type":"Feature"},{"geometry":{"coordinates":[-74.006936,40.711033],"type":"Point"},"properties":{"area_m2":null,"area_source":"none","cat":"hotel","demand_kwh":1500000.0,"demand_source":"category_default","id":"s_nyc_00133","in_steam":true,"in_uten":false,"name":"The Beekman, A Thompson Hotel","region":"nyc","sources":["osm_overpass"],"steam_heated":false},"type":"Feature"},{"geometry":{"coordinates":[-73.939004,40.711062],"type":"Point"},"properties":{"area_m2":49866.8134565372,"area_source":"osm","cat":"school","demand_kwh":4665319.262806901,"demand_source":"ll84_fuel","id":"s_nyc_00134","in_steam":false,"in_uten":false,"name":"Grand Street Educational Campus","region":"nyc","sources":["osm_overpass"],"steam_heated":false},"type":"Feature"},{"geometry":{"coordinates":[-74.015374,40.71113],"type":"Point"},"properties":{"area_m2":null,"area_source":"none","cat":"brewery","demand_kwh":600000.0,"demand_source":"category_default","id":"s_nyc_00135","in_steam":true,"in_uten":false,"name":"Sixpoint Brewery at Brookfield Place","region":"nyc","sources":["osm_overpass"],"steam_heated":false},"type":"Feature"},{"geometry":{"coordinates":[-74.00484,40.711193],"type":"Point"},"properties":{"area_m2":11146.703057322535,"area_source":"osm","cat":"university","demand_kwh":6688021.834393521,"demand_source":"footprint_estimate","id":"s_nyc_00136","in_steam":true,"in_uten":false,"name":"Pace University","region":"nyc","sources":["osm_overpass"],"steam_heated":false},"type":"Feature"},{"geometry":{"coordinates":[-73.917411,40.711333],"type":"Point"},"properties":{"area_m2":3433.526041554287,"area_source":"osm","cat":"residential_multifamily","demand_kwh":791907.2077142001,"demand_source":"ll84_fuel","id":"s_nyc_00137","in_steam":false,"in_uten":false,"name":"Unnamed residential multifamily","region":"nyc","sources":["osm_overpass"],"steam_heated":false},"type":"Feature"},{"geometry":{"coordinates":[-73.949497,40.712221],"type":"Point"},"properties":{"area_m2":12.05296898749657,"area_source":"osm","cat":"pool","demand_kwh":4821.187594998628,"demand_source":"footprint_estimate","id":"s_nyc_00138","in_steam":false,"in_uten":false,"name":"Unnamed pool","region":"nyc","sources":["osm_overpass"],"steam_heated":false},"type":"Feature"},{"geometry":{"coordinates":[-73.992681,40.712355],"type":"Point"},"properties":{"area_m2":null,"area_source":"none","cat":"hotel","demand_kwh":1500000.0,"demand_source":"category_default","id":"s_nyc_00139","in_steam":true,"in_uten":false,"name":"Madison Les Hotel","region":"nyc","sources":["osm_overpass"],"steam_heated":false},"type":"Feature"},{"geometry":{"coordinates":[-73.999902,40.712429],"type":"Point"},"properties":{"area_m2":2272.691536554601,"area_source":"osm","cat":"residential_multifamily","demand_kwh":1499976.4141260367,"demand_source":"footprint_estimate","id":"s_nyc_00140","in_steam":true,"in_uten":false,"name":"Chatham Green","region":"nyc","sources":["osm_overpass"],"steam_heated":false},"type":"Feature"},{"geometry":{"coordinates":[-74.009211,40.712755],"type":"Point"},"properties":{"area_m2":null,"area_source":"none","cat":"hotel","demand_kwh":1500000.0,"demand_source":"category_default","id":"s_nyc_00141","in_steam":true,"in_uten":false,"name":"Four Seasons Private Residences New York Downtown;Four Seasons Hotel New York Downtown","region":"nyc","sources":["osm_overpass"],"steam_heated":false},"type":"Feature"},{"geometry":{"coordinates":[-73.992887,40.713251],"type":"Point"},"properties":{"area_m2":null,"area_source":"none","cat":"hotel","demand_kwh":1500000.0,"demand_source":"category_default","id":"s_nyc_00142","in_steam":true,"in_uten":false,"name":"Fairfield Inn & Suites","region":"nyc","sources":["osm_overpass"],"steam_heated":false},"type":"Feature"},{"geometry":{"coordinates":[-74.00555,40.713388],"type":"Point"},"properties":{"area_m2":3585.8875002800487,"area_source":"osm","cat":"office","demand_kwh":2581839.000201635,"demand_source":"footprint_estimate","id":"s_nyc_00143","in_steam":true,"in_uten":false,"name":"Tweed Courthouse","region":"nyc","sources":["osm_overpass"],"steam_heated":false},"type":"Feature"},{"geometry":{"coordinates":[-74.012077,40.713396],"type":"Point"},"properties":{"area_m2":3123.882376551628,"area_source":"osm","cat":"office","demand_kwh":14619769.52226162,"demand_source":"footprint_estimate","id":"s_nyc_00144","in_steam":true,"in_uten":false,"name":"7 World Trade Center","region":"nyc","sources":["osm_overpass"],"steam_heated":false},"type":"Feature"},{"geometry":{"coordinates":[-73.942959,40.713469],"type":"Point"},"properties":{"area_m2":5.087266362272203,"area_source":"osm","cat":"pool","demand_kwh":2034.9065449088812,"demand_source":"footprint_estimate","id":"s_nyc_00145","in_steam":false,"in_uten":false,"name":"Unnamed pool","region":"nyc","sources":["osm_overpass"],"steam_heated":false},"type":"Feature"},{"geometry":{"coordinates":[-73.993627,40.713636],"type":"Point"},"properties":{"area_m2":null,"area_source":"none","cat":"hotel","demand_kwh":1500000.0,"demand_source":"category_default","id":"s_nyc_00146","in_steam":true,"in_uten":false,"name":"Hotel91","region":"nyc","sources":["osm_overpass"],"steam_heated":false},"type":"Feature"},{"geometry":{"coordinates":[-73.993784,40.714134],"type":"Point"},"properties":{"area_m2":148.95065090991557,"area_source":"osm","cat":"hotel","demand_kwh":268111.171637848,"demand_source":"footprint_estimate","id":"s_nyc_00147","in_steam":true,"in_uten":false,"name":"Hotel Mimosa","region":"nyc","sources":["osm_overpass"],"steam_heated":false},"type":"Feature"},{"geometry":{"coordinates":[-73.936521,40.714382],"type":"Point"},"properties":{"area_m2":null,"area_source":"none","cat":"brewery","demand_kwh":600000.0,"demand_source":"category_default","id":"s_nyc_00148","in_steam":false,"in_uten":false,"name":"Grimm Artisanal Ales","region":"nyc","sources":["osm_overpass"],"steam_heated":false},"type":"Feature"},{"geometry":{"coordinates":[-74.012157,40.714486],"type":"Point"},"properties":{"area_m2":6365.836828067899,"area_source":"osm","cat":"office","demand_kwh":10885580.975996107,"demand_source":"footprint_estimate","id":"s_nyc_00149","in_steam":true,"in_uten":false,"name":"Unnamed office","region":"nyc","sources":["osm_overpass"],"steam_heated":false},"type":"Feature"},{"geometry":{"coordinates":[-73.995981,40.714649],"type":"Point"},"properties":{"area_m2":6733.526055666851,"area_source":"osm","cat":"residential_multifamily","demand_kwh":1127204.9910640002,"demand_source":"ll84_fuel","id":"s_nyc_00150","in_steam":true,"in_uten":false,"name":"Confucius Plaza","region":"nyc","sources":["osm_overpass"],"steam_heated":false},"type":"Feature"},{"geometry":{"coordinates":[-74.005147,40.714725],"type":"Point"},"properties":{"area_m2":3999.648687757086,"area_source":"osm","cat":"office","demand_kwh":2879747.055185102,"demand_source":"footprint_estimate","id":"s_nyc_00151","in_steam":true,"in_uten":false,"name":"Ted Weiss Federal Building","region":"nyc","sources":["osm_overpass"],"steam_heated":false},"type":"Feature"},{"geometry":{"coordinates":[-73.993082,40.714741],"type":"Point"},"properties":{"area_m2":124.11112227011472,"area_source":"osm","cat":"hotel","demand_kwh":223400.0200862065,"demand_source":"footprint_estimate","id":"s_nyc_00152","in_steam":true,"in_uten":false,"name":"Hotel Richland","region":"nyc","sources":["osm_overpass"],"steam_heated":false},"type":"Feature"},{"geometry":{"coordinates":[-73.987844,40.714778],"type":"Point"},"properties":{"area_m2":2279.3323558126576,"area_source":"osm","cat":"residential_multifamily","demand_kwh":5265257.741927239,"demand_source":"footprint_estimate","id":"s_nyc_00153","in_steam":true,"in_uten":false,"name":"Unnamed residential multifamily","region":"nyc","sources":["osm_overpass"],"steam_heated":false},"type":"Feature"},{"geometry":{"coordinates":[-73.923393,40.714884],"type":"Point"},"properties":{"area_m2":6139.142416437593,"area_source":"osm","cat":"office","demand_kwh":4420182.5398350675,"demand_source":"footprint_estimate","id":"s_nyc_00154","in_steam":false,"in_uten":false,"name":"MTA NYC Transit Consolidated Revenue Facility","region":"nyc","sources":["osm_overpass"],"steam_heated":false},"type":"Feature"},{"geometry":{"coordinates":[-73.98518,40.714924],"type":"Point"},"properties":{"area_m2":2142.8210856304504,"area_source":"osm","cat":"residential_multifamily","demand_kwh":1414261.9165160973,"demand_source":"footprint_estimate","id":"s_nyc_00155","in_steam":true,"in_uten":false,"name":"Unnamed residential multifamily","region":"nyc","sources":["osm_overpass"],"steam_heated":false},"type":"Feature"},{"geometry":{"coordinates":[-74.015694,40.714956],"type":"Point"},"properties":{"area_m2":null,"area_source":"none","cat":"hotel","demand_kwh":1500000.0,"demand_source":"category_default","id":"s_nyc_00156","in_steam":true,"in_uten":false,"name":"Conrad","region":"nyc","sources":["osm_overpass"],"steam_heated":false},"type":"Feature"},{"geometry":{"coordinates":[-73.999365,40.715213],"type":"Point"},"properties":{"area_m2":243.47871897695586,"area_source":"osm","cat":"hotel","demand_kwh":1279766.4411234,"demand_source":"ll84_fuel","id":"s_nyc_00157","in_steam":true,"in_uten":false,"name":"Hotel Mulberry","region":"nyc","sources":["osm_overpass"],"steam_heated":false},"type":"Feature"},{"geometry":{"coordinates":[-73.986369,40.715262],"type":"Point"},"properties":{"area_m2":2132.7692083464935,"area_source":"osm","cat":"residential_multifamily","demand_kwh":4926696.8712804,"demand_source":"footprint_estimate","id":"s_nyc_00158","in_steam":true,"in_uten":false,"name":"Unnamed residential multifamily","region":"nyc","sources":["osm_overpass"],"steam_heated":false},"type":"Feature"},{"geometry":{"coordinates":[-73.9938,40.715277],"type":"Point"},"properties":{"area_m2":718.4794507371262,"area_source":"osm","cat":"hotel","demand_kwh":319225.5059459,"demand_source":"ll84_fuel","id":"s_nyc_00159","in_steam":true,"in_uten":false,"name":"Canal Loft Hotel","region":"nyc","sources":["osm_overpass"],"steam_heated":false},"type":"Feature"},{"geometry":{"coordinates":[-74.00419,40.715456],"type":"Point"},"properties":{"area_m2":4828.215137070045,"area_source":"osm","cat":"office","demand_kwh":3476314.8986904323,"demand_source":"footprint_estimate","id":"s_nyc_00160","in_steam":true,"in_uten":false,"name":"Javits Federal Building","region":"nyc","sources":["osm_overpass"],"steam_heated":false},"type":"Feature"},{"geometry":{"coordinates":[-74.010475,40.715566],"type":"Point"},"properties":{"area_m2":654.835263043642,"area_source":"osm","cat":"hotel","demand_kwh":1296573.8208264112,"demand_source":"footprint_estimate","id":"s_nyc_00161","in_steam":true,"in_uten":false,"name":"Warren Street Hotel","region":"nyc","sources":["osm_overpass"],"steam_heated":false},"type":"Feature"},{"geometry":{"coordinates":[-74.008857,40.715575],"type":"Point"},"properties":{"area_m2":null,"area_source":"none","cat":"hotel","demand_kwh":19670710.5231144,"demand_source":"ll84_fuel","id":"s_nyc_00162","in_steam":true,"in_uten":false,"name":"The Frederick Hotel","region":"nyc","sources":["osm_overpass"],"steam_heated":false},"type":"Feature"},{"geometry":{"coordinates":[-74.012111,40.715629],"type":"Point"},"properties":{"area_m2":8246.220550451428,"area_source":"osm","cat":"residential_multifamily","demand_kwh":5442505.563297942,"demand_source":"footprint_estimate","id":"s_nyc_00163","in_steam":true,"in_uten":false,"name":"Unnamed residential multifamily","region":"nyc","sources":["osm_overpass"],"steam_heated":false},"type":"Feature"},{"geometry":{"coordinates":[-73.988329,40.715632],"type":"Point"},"properties":{"area_m2":2086.886685570702,"area_source":"osm","cat":"residential_multifamily","demand_kwh":21288008.564056702,"demand_source":"ll84_fuel","id":"s_nyc_00164","in_steam":true,"in_uten":false,"name":"Unnamed residential multifamily","region":"nyc","sources":["osm_overpass"],"steam_heated":false},"type":"Feature"},{"geometry":{"coordinates":[-73.996807,40.71598],"type":"Point"},"properties":{"area_m2":1258.0238217853475,"area_source":"osm","cat":"hotel","demand_kwh":1621203.4171670002,"demand_source":"ll84_fuel","id":"s_nyc_00165","in_steam":true,"in_uten":false,"name":"Hotel 50 Bowery","region":"nyc","sources":["osm_overpass"],"steam_heated":false},"type":"Feature"},{"geometry":{"coordinates":[-74.007339,40.715988],"type":"Point"},"properties":{"area_m2":null,"area_source":"none","cat":"hotel","demand_kwh":1500000.0,"demand_source":"category_default","id":"s_nyc_00166","in_steam":true,"in_uten":false,"name":"Duane Street Hotel","region":"nyc","sources":["osm_overpass"],"steam_heated":false},"type":"Feature"},{"geometry":{"coordinates":[-73.995222,40.71604],"type":"Point"},"properties":{"area_m2":null,"area_source":"none","cat":"hotel","demand_kwh":1500000.0,"demand_source":"category_default","id":"s_nyc_00167","in_steam":true,"in_uten":false,"name":"Leon Hotel","region":"nyc","sources":["osm_overpass"],"steam_heated":false},"type":"Feature"},{"geometry":{"coordinates":[-73.994945,40.716679],"type":"Point"},"properties":{"area_m2":474.4361487850547,"area_source":"osm","cat":"hotel","demand_kwh":787692.0261354,"demand_source":"ll84_fuel","id":"s_nyc_00168","in_steam":true,"in_uten":false,"name":"Hotel MB","region":"nyc","sources":["osm_overpass"],"steam_heated":false},"type":"Feature"},{"geometry":{"coordinates":[-73.98756,40.716969],"type":"Point"},"properties":{"area_m2":2841.6236380580813,"area_source":"osm","cat":"residential_multifamily","demand_kwh":5001257.602982223,"demand_source":"footprint_estimate","id":"s_nyc_00169","in_steam":true,"in_uten":false,"name":"CPC One","region":"nyc","sources":["osm_overpass"],"steam_heated":false},"type":"Feature"},{"geometry":{"coordinates":[-73.994976,40.71747],"type":"Point"},"properties":{"area_m2":null,"area_source":"none","cat":"hotel","demand_kwh":1500000.0,"demand_source":"category_default","id":"s_nyc_00170","in_steam":true,"in_uten":false,"name":"World Hotel","region":"nyc","sources":["osm_overpass"],"steam_heated":false},"type":"Feature"},{"geometry":{"coordinates":[-73.995266,40.717922],"type":"Point"},"properties":{"area_m2":null,"area_source":"none","cat":"hotel","demand_kwh":1500000.0,"demand_source":"category_default","id":"s_nyc_00171","in_steam":true,"in_uten":false,"name":"U.S. Pacific","region":"nyc","sources":["osm_overpass"],"steam_heated":false},"type":"Feature"},{"geometry":{"coordinates":[-74.013826,40.718015],"type":"Point"},"properties":{"area_m2":5495.234012296889,"area_source":"osm","cat":"school","demand_kwh":223378.71620000002,"demand_source":"ll84_fuel","id":"s_nyc_00172","in_steam":true,"in_uten":false,"name":"Stuyvesant High School","region":"nyc","sources":["osm_overpass"],"steam_heated":false},"type":"Feature"},{"geometry":{"coordinates":[-73.990638,40.718042],"type":"Point"},"properties":{"area_m2":299.06607041414827,"area_source":"osm","cat":"hotel","demand_kwh":376823.2487218268,"demand_source":"footprint_estimate","id":"s_nyc_00173","in_steam":true,"in_uten":false,"name":"The Allen Hotel","region":"nyc","sources":["osm_overpass"],"steam_heated":false},"type":"Feature"},{"geometry":{"coordinates":[-74.001214,40.718242],"type":"Point"},"properties":{"area_m2":375.0116002666764,"area_source":"osm","cat":"hotel","demand_kwh":607518.7924320158,"demand_source":"footprint_estimate","id":"s_nyc_00174","in_steam":true,"in_uten":false,"name":"Best Western Plus Soho Hotel","region":"nyc","sources":["osm_overpass"],"steam_heated":false},"type":"Feature"},{"geometry":{"coordinates":[-74.00214,40.718348],"type":"Point"},"properties":{"area_m2":null,"area_source":"none","cat":"hotel","demand_kwh":1161379.121161,"demand_source":"ll84_fuel","id":"s_nyc_00175","in_steam":true,"in_uten":false,"name":"Walker Hotel Tribeca","region":"nyc","sources":["osm_overpass"],"steam_heated":false},"type":"Feature"},{"geometry":{"coordinates":[-73.989734,40.718572],"type":"Point"},"properties":{"area_m2":211.36893846467137,"area_source":"osm","cat":"hotel","demand_kwh":380464.0892364085,"demand_source":"footprint_estimate","id":"s_nyc_00176","in_steam":true,"in_uten":false,"name":"Blue Moon Hotel","region":"nyc","sources":["osm_overpass"],"steam_heated":false},"type":"Feature"},{"geometry":{"coordinates":[-74.000409,40.71878],"type":"Point"},"properties":{"area_m2":null,"area_source":"none","cat":"hotel","demand_kwh":1500000.0,"demand_source":"category_default","id":"s_nyc_00177","in_steam":true,"in_uten":false,"name":"JG Sohotel","region":"nyc","sources":["osm_overpass"],"steam_heated":false},"type":"Feature"},{"geometry":{"coordinates":[-74.001668,40.719021],"type":"Point"},"properties":{"area_m2":null,"area_source":"none","cat":"hotel","demand_kwh":1500000.0,"demand_source":"category_default","id":"s_nyc_00178","in_steam":true,"in_uten":false,"name":"Soho Garden Hotel","region":"nyc","sources":["osm_overpass"],"steam_heated":false},"type":"Feature"},{"geometry":{"coordinates":[-73.994228,40.719191],"type":"Point"},"properties":{"area_m2":null,"area_source":"none","cat":"hotel","demand_kwh":1500000.0,"demand_source":"category_default","id":"s_nyc_00179","in_steam":true,"in_uten":false,"name":"Moxy","region":"nyc","sources":["osm_overpass"],"steam_heated":false},"type":"Feature"},{"geometry":{"coordinates":[-73.996808,40.719283],"type":"Point"},"properties":{"area_m2":null,"area_source":"none","cat":"hotel","demand_kwh":677588.064917,"demand_source":"ll84_fuel","id":"s_nyc_00180","in_steam":true,"in_uten":false,"name":"NobleDen","region":"nyc","sources":["osm_overpass"],"steam_heated":false},"type":"Feature"},{"geometry":{"coordinates":[-74.004836,40.719385],"type":"Point"},"properties":{"area_m2":1274.691050237183,"area_source":"osm","cat":"hotel","demand_kwh":303253.8691234,"demand_source":"ll84_fuel","id":"s_nyc_00181","in_steam":true,"in_uten":false,"name":"Roxy Hotel","region":"nyc","sources":["osm_overpass"],"steam_heated":false},"type":"Feature"},{"geometry":{"coordinates":[-73.989937,40.719493],"type":"Point"},"properties":{"area_m2":null,"area_source":"none","cat":"hotel","demand_kwh":1500000.0,"demand_source":"category_default","id":"s_nyc_00182","in_steam":true,"in_uten":false,"name":"Sago Hotel","region":"nyc","sources":["osm_overpass"],"steam_heated":false},"type":"Feature"},{"geometry":{"coordinates":[-73.994728,40.719533],"type":"Point"},"properties":{"area_m2":null,"area_source":"none","cat":"hotel","demand_kwh":1500000.0,"demand_source":"category_default","id":"s_nyc_00183","in_steam":true,"in_uten":false,"name":"Sohotel","region":"nyc","sources":["osm_overpass"],"steam_heated":false},"type":"Feature"},{"geometry":{"coordinates":[-73.939497,40.719602],"type":"Point"},"properties":{"area_m2":null,"area_source":"none","cat":"brewery","demand_kwh":600000.0,"demand_source":"category_default","id":"s_nyc_00184","in_steam":false,"in_uten":false,"name":"18th Ward Brewing","region":"nyc","sources":["osm_overpass"],"steam_heated":false},"type":"Feature"},{"geometry":{"coordinates":[-73.999784,40.719761],"type":"Point"},"properties":{"area_m2":1122.0303589799441,"area_source":"osm","cat":"hotel","demand_kwh":2104464.3372791,"demand_source":"ll84_fuel","id":"s_nyc_00185","in_steam":true,"in_uten":false,"name":"NoMo SoHo","region":"nyc","sources":["osm_overpass"],"steam_heated":false},"type":"Feature"},{"geometry":{"coordinates":[-73.988093,40.719778],"type":"Point"},"properties":{"area_m2":500.23572107602376,"area_source":"osm","cat":"hotel","demand_kwh":900424.2979368428,"demand_source":"footprint_estimate","id":"s_nyc_00186","in_steam":true,"in_uten":false,"name":"Hotel on Rivington","region":"nyc","sources":["osm_overpass"],"steam_heated":false},"type":"Feature"},{"geometry":{"coordinates":[-73.998914,40.719837],"type":"Point"},"properties":{"area_m2":null,"area_source":"none","cat":"hotel","demand_kwh":1500000.0,"demand_source":"category_default","id":"s_nyc_00187","in_steam":true,"in_uten":false,"name":"The SoLita SoHo Hotel","region":"nyc","sources":["osm_overpass"],"steam_heated":false},"type":"Feature"},{"geometry":{"coordinates":[-73.935045,40.71993],"type":"Point"},"properties":{"area_m2":3407.481958862394,"area_source":"osm","cat":"office","demand_kwh":2453387.0103809237,"demand_source":"footprint_estimate","id":"s_nyc_00188","in_steam":false,"in_uten":false,"name":"National Grid - Meter Operations","region":"nyc","sources":["osm_overpass"],"steam_heated":false},"type":"Feature"},{"geometry":{"coordinates":[-73.988024,40.720321],"type":"Point"},"properties":{"area_m2":124.33588945306838,"area_source":"osm","cat":"hotel","demand_kwh":223804.60101552308,"demand_source":"footprint_estimate","id":"s_nyc_00189","in_steam":true,"in_uten":false,"name":"The Redford Hotel","region":"nyc","sources":["osm_overpass"],"steam_heated":false},"type":"Feature"},{"geometry":{"coordinates":[-73.993471,40.72058],"type":"Point"},"properties":{"area_m2":610.3000080214115,"area_source":"osm","cat":"hotel","demand_kwh":1498472.0816142003,"demand_source":"ll84_fuel","id":"s_nyc_00190","in_steam":true,"in_uten":false,"name":"citizenM","region":"nyc","sources":["osm_overpass"],"steam_heated":false},"type":"Feature"},{"geometry":{"coordinates":[-73.995317,40.720614],"type":"Point"},"properties":{"area_m2":null,"area_source":"none","cat":"hotel","demand_kwh":872186.7106963,"demand_source":"ll84_fuel","id":"s_nyc_00191","in_steam":true,"in_uten":false,"name":"Nolitan Hotel","region":"nyc","sources":["osm_overpass"],"steam_heated":false},"type":"Feature"},{"geometry":{"coordinates":[-74.011167,40.72065],"type":"Point"},"properties":{"area_m2":3780.4776391098276,"area_source":"osm","cat":"office","demand_kwh":96078812.9136231,"demand_source":"ll84_fuel","id":"s_nyc_00192","in_steam":true,"in_uten":false,"name":"Unnamed office","region":"nyc","sources":["osm_overpass"],"steam_heated":false},"type":"Feature"},{"geometry":{"coordinates":[-74.005584,40.720833],"type":"Point"},"properties":{"area_m2":1041.5733266623865,"area_source":"osm","cat":"hotel","demand_kwh":1124899.1927953775,"demand_source":"footprint_estimate","id":"s_nyc_00193","in_steam":true,"in_uten":false,"name":"AMTD Idea Tribeca Hotel","region":"nyc","sources":["osm_overpass"],"steam_heated":false},"type":"Feature"},{"geometry":{"coordinates":[-74.004268,40.720859],"type":"Point"},"properties":{"area_m2":null,"area_source":"none","cat":"hotel","demand_kwh":1500000.0,"demand_source":"category_default","id":"s_nyc_00194","in_steam":true,"in_uten":false,"name":"Sheraton","region":"nyc","sources":["osm_overpass"],"steam_heated":false},"type":"Feature"},{"geometry":{"coordinates":[-74.010924,40.721128],"type":"Point"},"properties":{"area_m2":6862.45804254699,"area_source":"osm","cat":"office","demand_kwh":96078812.9136231,"demand_source":"ll84_fuel","id":"s_nyc_00195","in_steam":true,"in_uten":false,"name":"Unnamed office","region":"nyc","sources":["osm_overpass"],"steam_heated":false},"type":"Feature"},{"geometry":{"coordinates":[-73.988855,40.721147],"type":"Point"},"properties":{"area_m2":null,"area_source":"none","cat":"hotel","demand_kwh":1500000.0,"demand_source":"category_default","id":"s_nyc_00196","in_steam":true,"in_uten":false,"name":"Orchard Street Hotel","region":"nyc","sources":["osm_overpass"],"steam_heated":false},"type":"Feature"},{"geometry":{"coordinates":[-73.992679,40.721296],"type":"Point"},"properties":{"area_m2":null,"area_source":"none","cat":"hotel","demand_kwh":373083.66183660005,"demand_source":"ll84_fuel","id":"s_nyc_00197","in_steam":true,"in_uten":false,"name":"Off Soho Suites Hotel","region":"nyc","sources":["osm_overpass"],"steam_heated":false},"type":"Feature"},{"geometry":{"coordinates":[-73.992792,40.72188],"type":"Point"},"properties":{"area_m2":null,"area_source":"none","cat":"hotel","demand_kwh":965219.2861647002,"demand_source":"ll84_fuel","id":"s_nyc_00198","in_steam":true,"in_uten":false,"name":"Untitled","region":"nyc","sources":["osm_overpass"],"steam_heated":false},"type":"Feature"},{"geometry":{"coordinates":[-74.004356,40.722004],"type":"Point"},"properties":{"area_m2":null,"area_source":"none","cat":"hotel","demand_kwh":425974.6248131001,"demand_source":"ll84_fuel","id":"s_nyc_00199","in_steam":true,"in_uten":false,"name":"Soho Grand Hotel","region":"nyc","sources":["osm_overpass"],"steam_heated":false},"type":"Feature"},{"geometry":{"coordinates":[-73.998248,40.722181],"type":"Point"},"properties":{"area_m2":null,"area_source":"none","cat":"hotel","demand_kwh":1500000.0,"demand_source":"category_default","id":"s_nyc_00200","in_steam":true,"in_uten":false,"name":"49 Crosby","region":"nyc","sources":["osm_overpass"],"steam_heated":false},"type":"Feature"},{"geometry":{"coordinates":[-74.004844,40.72263],"type":"Point"},"properties":{"area_m2":null,"area_source":"none","cat":"hotel","demand_kwh":624440.0200593,"demand_source":"ll84_fuel","id":"s_nyc_00201","in_steam":true,"in_uten":false,"name":"Modernhaus SoHo","region":"nyc","sources":["osm_overpass"],"steam_heated":false},"type":"Feature"},{"geometry":{"coordinates":[-73.992915,40.722641],"type":"Point"},"properties":{"area_m2":null,"area_source":"none","cat":"hotel","demand_kwh":1500000.0,"demand_source":"category_default","id":"s_nyc_00202","in_steam":true,"in_uten":false,"name":"Sunshine Hotel","region":"nyc","sources":["osm_overpass"],"steam_heated":false},"type":"Feature"},{"geometry":{"coordinates":[-73.989337,40.722942],"type":"Point"},"properties":{"area_m2":null,"area_source":"none","cat":"hotel","demand_kwh":1500000.0,"demand_source":"category_default","id":"s_nyc_00203","in_steam":true,"in_uten":false,"name":"The Ridge","region":"nyc","sources":["osm_overpass"],"steam_heated":false},"type":"Feature"},{"geometry":{"coordinates":[-73.997412,40.723004],"type":"Point"},"properties":{"area_m2":438.702017839998,"area_source":"osm","cat":"hotel","demand_kwh":1482742.4042093002,"demand_source":"ll84_fuel","id":"s_nyc_00204","in_steam":true,"in_uten":false,"name":"Crosby Street Hotel","region":"nyc","sources":["osm_overpass"],"steam_heated":false},"type":"Feature"},{"geometry":{"coordinates":[-73.992022,40.723051],"type":"Point"},"properties":{"area_m2":1155.7107574334368,"area_source":"osm","cat":"hotel","demand_kwh":3328446.981408298,"demand_source":"footprint_estimate","id":"s_nyc_00205","in_steam":true,"in_uten":false,"name":"PUBLIC, an Ian Schrager hotel","region":"nyc","sources":["osm_overpass"],"steam_heated":false},"type":"Feature"},{"geometry":{"coordinates":[-73.990208,40.723191],"type":"Point"},"properties":{"area_m2":null,"area_source":"none","cat":"hotel","demand_kwh":1500000.0,"demand_source":"category_default","id":"s_nyc_00206","in_steam":true,"in_uten":false,"name":"The Gatsby Hotel","region":"nyc","sources":["osm_overpass"],"steam_heated":false},"type":"Feature"},{"geometry":{"coordinates":[-73.991881,40.723458],"type":"Point"},"properties":{"area_m2":5408.011228326708,"area_source":"osm","cat":"residential_multifamily","demand_kwh":9518099.761855006,"demand_source":"footprint_estimate","id":"s_nyc_00207","in_steam":true,"in_uten":false,"name":"Avalon Chrystie Place","region":"nyc","sources":["osm_overpass"],"steam_heated":false},"type":"Feature"},{"geometry":{"coordinates":[-74.005259,40.72382],"type":"Point"},"properties":{"area_m2":null,"area_source":"none","cat":"hotel","demand_kwh":1500000.0,"demand_source":"category_default","id":"s_nyc_00208","in_steam":true,"in_uten":false,"name":"SoHo 54 Hotel","region":"nyc","sources":["osm_overpass"],"steam_heated":false},"type":"Feature"},{"geometry":{"coordinates":[-74.010764,40.723908],"type":"Point"},"properties":{"area_m2":2562.7505622206954,"area_source":"osm","cat":"residential_multifamily","demand_kwh":1691415.371065659,"demand_source":"footprint_estimate","id":"s_nyc_00209","in_steam":true,"in_uten":false,"name":"Truffles Tribeca","region":"nyc","sources":["osm_overpass"],"steam_heated":false},"type":"Feature"},{"geometry":{"coordinates":[-74.003072,40.72394],"type":"Point"},"properties":{"area_m2":472.5759006142616,"area_source":"osm","cat":"hotel","demand_kwh":850636.6211056709,"demand_source":"footprint_estimate","id":"s_nyc_00210","in_steam":true,"in_uten":false,"name":"Sixty SoHo","region":"nyc","sources":["osm_overpass"],"steam_heated":false},"type":"Feature"},{"geometry":{"coordinates":[-74.005641,40.724033],"type":"Point"},"properties":{"area_m2":2136.617731686216,"area_source":"osm","cat":"residential_multifamily","demand_kwh":5875698.762137094,"demand_source":"footprint_estimate","id":"s_nyc_00211","in_steam":true,"in_uten":false,"name":"565 Broome SoHo","region":"nyc","sources":["osm_overpass"],"steam_heated":false},"type":"Feature"},{"geometry":{"coordinates":[-73.991808,40.724399],"type":"Point"},"properties":{"area_m2":2865.2353744730353,"area_source":"osm","cat":"residential_multifamily","demand_kwh":2521407.129536271,"demand_source":"footprint_estimate","id":"s_nyc_00212","in_steam":true,"in_uten":false,"name":"Avalon Bowery Place","region":"nyc","sources":["osm_overpass"],"steam_heated":false},"type":"Feature"},{"geometry":{"coordinates":[-74.008279,40.72446],"type":"Point"},"properties":{"area_m2":1063.9388977562776,"area_source":"osm","cat":"hotel","demand_kwh":2585484.7002891,"demand_source":"ll84_fuel","id":"s_nyc_00213","in_steam":true,"in_uten":false,"name":"Arlo Soho","region":"nyc","sources":["osm_overpass"],"steam_heated":false},"type":"Feature"},{"geometry":{"coordinates":[-73.998643,40.724912],"type":"Point"},"properties":{"area_m2":null,"area_source":"none","cat":"hotel","demand_kwh":1500000.0,"demand_source":"category_default","id":"s_nyc_00214","in_steam":true,"in_uten":false,"name":"Mercer Hotel","region":"nyc","sources":["osm_overpass"],"steam_heated":false},"type":"Feature"},{"geometry":{"coordinates":[-74.005496,40.725321],"type":"Point"},"properties":{"area_m2":1382.9596191742457,"area_source":"osm","cat":"hotel","demand_kwh":2489327.3145136423,"demand_source":"footprint_estimate","id":"s_nyc_00215","in_steam":true,"in_uten":false,"name":"The Dominick","region":"nyc","sources":["osm_overpass"],"steam_heated":false},"type":"Feature"},{"geometry":{"coordinates":[-74.002307,40.72558],"type":"Point"},"properties":{"area_m2":63.89150035008788,"area_source":"osm","cat":"pool","demand_kwh":25556.600140035152,"demand_source":"footprint_estimate","id":"s_nyc_00216","in_steam":true,"in_uten":false,"name":"Vesuvio Pool","region":"nyc","sources":["osm_overpass"],"steam_heated":false},"type":"Feature"},{"geometry":{"coordinates":[-73.990571,40.725639],"type":"Point"},"properties":{"area_m2":45.54594977945089,"area_source":"osm","cat":"greenhouse","demand_kwh":15941.082422807813,"demand_source":"footprint_estimate","id":"s_nyc_00217","in_steam":true,"in_uten":false,"name":"Unnamed greenhouse","region":"nyc","sources":["osm_overpass"],"steam_heated":false},"type":"Feature"},{"geometry":{"coordinates":[-73.991475,40.726023],"type":"Point"},"properties":{"area_m2":1046.8242894923314,"area_source":"osm","cat":"hotel","demand_kwh":5448425.0794775,"demand_source":"ll84_fuel","id":"s_nyc_00218","in_steam":true,"in_uten":false,"name":"The Bowery Hotel","region":"nyc","sources":["osm_overpass"],"steam_heated":false},"type":"Feature"},{"geometry":{"coordinates":[-73.992151,40.726083],"type":"Point"},"properties":{"area_m2":null,"area_source":"none","cat":"hotel","demand_kwh":1500000.0,"demand_source":"category_default","id":"s_nyc_00219","in_steam":true,"in_uten":false,"name":"Now Now","region":"nyc","sources":["osm_overpass"],"steam_heated":false},"type":"Feature"},{"geometry":{"coordinates":[-74.008725,40.726386],"type":"Point"},"properties":{"area_m2":462.45812800340354,"area_source":"osm","cat":"hotel","demand_kwh":832424.6304061264,"demand_source":"footprint_estimate","id":"s_nyc_00220","in_steam":true,"in_uten":false,"name":"Unnamed hotel","region":"nyc","sources":["osm_overpass"],"steam_heated":false},"type":"Feature"},{"geometry":{"coordinates":[-74.006122,40.72694],"type":"Point"},"properties":{"area_m2":327.8335545156151,"area_source":"osm","cat":"hotel","demand_kwh":590100.3981281072,"demand_source":"footprint_estimate","id":"s_nyc_00221","in_steam":true,"in_uten":false,"name":"Four Points by Sheraton","region":"nyc","sources":["osm_overpass"],"steam_heated":false},"type":"Feature"},{"geometry":{"coordinates":[-74.005803,40.727552],"type":"Point"},"properties":{"area_m2":242.2678050152026,"area_source":"osm","cat":"hotel","demand_kwh":436082.0490273647,"demand_source":"footprint_estimate","id":"s_nyc_00222","in_steam":true,"in_uten":false,"name":"Courtyard","region":"nyc","sources":["osm_overpass"],"steam_heated":false},"type":"Feature"},{"geometry":{"coordinates":[-74.006264,40.728324],"type":"Point"},"properties":{"area_m2":7485.230279023759,"area_source":"osm","cat":"office","demand_kwh":8084048.70134566,"demand_source":"footprint_estimate","id":"s_nyc_00223","in_steam":true,"in_uten":false,"name":"Federal Building","region":"nyc","sources":["osm_overpass"],"steam_heated":false},"type":"Feature"},{"geometry":{"coordinates":[-73.995715,40.728699],"type":"Point"},"properties":{"area_m2":null,"area_source":"none","cat":"university","demand_kwh":366608845.99202603,"demand_source":"ll84_fuel","id":"s_nyc_00224","in_steam":true,"in_uten":false,"name":"NYU Courant Institute of Mathematics, Computing, and Data Science","region":"nyc","sources":["osm_overpass"],"steam_heated":false},"type":"Feature"},{"geometry":{"coordinates":[-73.996496,40.729269],"type":"Point"},"properties":{"area_m2":242293.84011211304,"area_source":"osm","cat":"university","demand_kwh":145376304.06726784,"demand_source":"footprint_estimate","id":"s_nyc_00225","in_steam":true,"in_uten":false,"name":"New York University","region":"nyc","sources":["osm_overpass"],"steam_heated":false},"type":"Feature"},{"geometry":{"coordinates":[-74.005708,40.72972],"type":"Point"},"properties":{"area_m2":586.1264741979539,"area_source":"osm","cat":"pool","demand_kwh":1017100.5316249001,"demand_source":"ll84_fuel","id":"s_nyc_00226","in_steam":true,"in_uten":false,"name":"Unnamed pool","region":"nyc","sources":["osm_overpass"],"steam_heated":false},"type":"Feature"},{"geometry":{"coordinates":[-73.993434,40.731296],"type":"Point"},"properties":{"area_m2":2041.3733175881207,"area_source":"osm","cat":"residential_multifamily","demand_kwh":2919163.8441510126,"demand_source":"footprint_estimate","id":"s_nyc_00227","in_steam":true,"in_uten":false,"name":"Unnamed residential multifamily","region":"nyc","sources":["osm_overpass"],"steam_heated":false},"type":"Feature"},{"geometry":{"coordinates":[-73.994096,40.731681],"type":"Point"},"properties":{"area_m2":3324.3738401442533,"area_source":"osm","cat":"residential_multifamily","demand_kwh":3097916.8233785,"demand_source":"ll84_fuel","id":"s_nyc_00228","in_steam":true,"in_uten":false,"name":"Unnamed residential multifamily","region":"nyc","sources":["osm_overpass"],"steam_heated":false},"type":"Feature"},{"geometry":{"coordinates":[-73.99704,40.731989],"type":"Point"},"properties":{"area_m2":2653.279433271615,"area_source":"osm","cat":"residential_multifamily","demand_kwh":1751164.4259592658,"demand_source":"footprint_estimate","id":"s_nyc_00229","in_steam":true,"in_uten":false,"name":"Unnamed residential multifamily","region":"nyc","sources":["osm_overpass"],"steam_heated":false},"type":"Feature"},{"geometry":{"coordinates":[-73.995007,40.732053],"type":"Point"},"properties":{"area_m2":3379.398584137205,"area_source":"osm","cat":"residential_multifamily","demand_kwh":7921851.064285301,"demand_source":"ll84_fuel","id":"s_nyc_00230","in_steam":true,"in_uten":false,"name":"Unnamed residential multifamily","region":"nyc","sources":["osm_overpass"],"steam_heated":false},"type":"Feature"},{"geometry":{"coordinates":[-73.997198,40.732452],"type":"Point"},"properties":{"area_m2":null,"area_source":"none","cat":"university","demand_kwh":5000000.0,"demand_source":"category_default","id":"s_nyc_00231","in_steam":true,"in_uten":false,"name":"New York Studio School of Drawing, Painting and Sculpture","region":"nyc","sources":["osm_overpass"],"steam_heated":false},"type":"Feature"},{"geometry":{"coordinates":[-73.996791,40.732655],"type":"Point"},"properties":{"area_m2":372.3447190071456,"area_source":"osm","cat":"hotel","demand_kwh":381374.2301272,"demand_source":"ll84_fuel","id":"s_nyc_00232","in_steam":true,"in_uten":false,"name":"Unnamed hotel","region":"nyc","sources":["osm_overpass"],"steam_heated":false},"type":"Feature"},{"geometry":{"coordinates":[-73.993771,40.733026],"type":"Point"},"properties":{"area_m2":null,"area_source":"none","cat":"university","demand_kwh":5000000.0,"demand_source":"category_default","id":"s_nyc_00233","in_steam":true,"in_uten":false,"name":"Institute of Audio Research","region":"nyc","sources":["osm_overpass"],"steam_heated":false},"type":"Feature"},{"geometry":{"coordinates":[-73.990226,40.733405],"type":"Point"},"properties":{"area_m2":1006.6678778318455,"area_source":"osm","cat":"hotel","demand_kwh":362400.4360194644,"demand_source":"footprint_estimate","id":"s_nyc_00234","in_steam":true,"in_uten":false,"name":"Hyatt Union Square New York","region":"nyc","sources":["osm_overpass"],"steam_heated":false},"type":"Feature"},{"geometry":{"coordinates":[-74.00922,40.733782],"type":"Point"},"properties":{"area_m2":2071.8375736786984,"area_source":"osm","cat":"residential_multifamily","demand_kwh":1367412.798627941,"demand_source":"footprint_estimate","id":"s_nyc_00235","in_steam":true,"in_uten":false,"name":"Unnamed residential multifamily","region":"nyc","sources":["osm_overpass"],"steam_heated":false},"type":"Feature"},{"geometry":{"coordinates":[-73.999461,40.734608],"type":"Point"},"properties":{"area_m2":17.616610011085868,"area_source":"osm","cat":"greenhouse","demand_kwh":205837.244566,"demand_source":"ll84_fuel","id":"s_nyc_00236","in_steam":true,"in_uten":false,"name":"Unnamed greenhouse","region":"nyc","sources":["osm_overpass"],"steam_heated":false},"type":"Feature"},{"geometry":{"coordinates":[-73.989216,40.734647],"type":"Point"},"properties":{"area_m2":7180.439858322963,"area_source":"osm","cat":"residential_multifamily","demand_kwh":22905603.148050252,"demand_source":"footprint_estimate","id":"s_nyc_00237","in_steam":true,"in_uten":false,"name":"Zeckendorf Towers","region":"nyc","sources":["osm_overpass"],"steam_heated":false},"type":"Feature"},{"geometry":{"coordinates":[-73.991524,40.734648],"type":"Point"},"properties":{"area_m2":3031.5737470593303,"area_source":"osm","cat":"office","demand_kwh":3301132.9288418004,"demand_source":"ll84_fuel","id":"s_nyc_00238","in_steam":true,"in_uten":false,"name":"Unnamed office","region":"nyc","sources":["osm_overpass"],"steam_heated":false},"type":"Feature"},{"geometry":{"coordinates":[-73.994275,40.734701],"type":"Point"},"properties":{"area_m2":null,"area_source":"none","cat":"university","demand_kwh":5000000.0,"demand_source":"category_default","id":"s_nyc_00239","in_steam":true,"in_uten":false,"name":"Benjamin N. Cardozo School of Law","region":"nyc","sources":["osm_overpass"],"steam_heated":false},"type":"Feature"},{"geometry":{"coordinates":[-73.994533,40.735357],"type":"Point"},"properties":{"area_m2":null,"area_source":"none","cat":"university","demand_kwh":5000000.0,"demand_source":"category_default","id":"s_nyc_00240","in_steam":true,"in_uten":false,"name":"Parsons School of Design","region":"nyc","sources":["osm_overpass"],"steam_heated":false},"type":"Feature"},{"geometry":{"coordinates":[-73.997354,40.735426],"type":"Point"},"properties":{"area_m2":4119.26990789175,"area_source":"osm","cat":"university","demand_kwh":1733629.2919971002,"demand_source":"ll84_fuel","id":"s_nyc_00241","in_steam":true,"in_uten":false,"name":"The New School","region":"nyc","sources":["osm_overpass"],"steam_heated":false},"type":"Feature"},{"geometry":{"coordinates":[-73.999469,40.735429],"type":"Point"},"properties":{"area_m2":5236.9826283634175,"area_source":"osm","cat":"school","demand_kwh":870350.5329600001,"demand_source":"ll84_fuel","id":"s_nyc_00242","in_steam":true,"in_uten":false,"name":"P.S. 41 - The Greenwich Village School","region":"nyc","sources":["osm_overpass"],"steam_heated":false},"type":"Feature"},{"geometry":{"coordinates":[-73.993501,40.735466],"type":"Point"},"properties":{"area_m2":2809.8062718492,"area_source":"osm","cat":"university","demand_kwh":3763504.5393656003,"demand_source":"ll84_fuel","id":"s_nyc_00243","in_steam":true,"in_uten":false,"name":"Parsons School of Design","region":"nyc","sources":["osm_overpass"],"steam_heated":false},"type":"Feature"},{"geometry":{"coordinates":[-73.996643,40.736166],"type":"Point"},"properties":{"area_m2":289.1650614691898,"area_source":"osm","cat":"hotel","demand_kwh":632563.1861947001,"demand_source":"ll84_fuel","id":"s_nyc_00244","in_steam":true,"in_uten":false,"name":"Walker Hotel","region":"nyc","sources":["osm_overpass"],"steam_heated":false},"type":"Feature"},{"geometry":{"coordinates":[-73.995325,40.736273],"type":"Point"},"properties":{"area_m2":2212.1784315151162,"area_source":"osm","cat":"residential_multifamily","demand_kwh":1460037.7647999767,"demand_source":"footprint_estimate","id":"s_nyc_00245","in_steam":true,"in_uten":false,"name":"Unnamed residential multifamily","region":"nyc","sources":["osm_overpass"],"steam_heated":false},"type":"Feature"},{"geometry":{"coordinates":[-73.993669,40.736284],"type":"Point"},"properties":{"area_m2":null,"area_source":"none","cat":"university","demand_kwh":949365.1415061001,"demand_source":"ll84_fuel","id":"s_nyc_00246","in_steam":true,"in_uten":false,"name":"Student Study Center","region":"nyc","sources":["osm_overpass"],"steam_heated":false},"type":"Feature"},{"geometry":{"coordinates":[-73.997944,40.736463],"type":"Point"},"properties":{"area_m2":2087.7674737852067,"area_source":"osm","cat":"residential_multifamily","demand_kwh":1377926.5326982364,"demand_source":"footprint_estimate","id":"s_nyc_00247","in_steam":true,"in_uten":false,"name":"Unnamed residential multifamily","region":"nyc","sources":["osm_overpass"],"steam_heated":false},"type":"Feature"},{"geometry":{"coordinates":[-73.988545,40.736575],"type":"Point"},"properties":{"area_m2":811.2358373021707,"area_source":"osm","cat":"hotel","demand_kwh":1460224.5071439072,"demand_source":"footprint_estimate","id":"s_nyc_00248","in_steam":true,"in_uten":false,"name":"W Hotels","region":"nyc","sources":["osm_overpass"],"steam_heated":false},"type":"Feature"},{"geometry":{"coordinates":[-73.996316,40.736584],"type":"Point"},"properties":{"area_m2":3371.8985449671745,"area_source":"osm","cat":"university","demand_kwh":2023139.1269803047,"demand_source":"footprint_estimate","id":"s_nyc_00249","in_steam":true,"in_uten":false,"name":"The New School","region":"nyc","sources":["osm_overpass"],"steam_heated":false},"type":"Feature"},{"geometry":{"coordinates":[-73.992236,40.736792],"type":"Point"},"properties":{"area_m2":null,"area_source":"none","cat":"university","demand_kwh":5000000.0,"demand_source":"category_default","id":"s_nyc_00250","in_steam":true,"in_uten":false,"name":"The New School","region":"nyc","sources":["osm_overpass"],"steam_heated":false},"type":"Feature"},{"geometry":{"coordinates":[-73.996778,40.736833],"type":"Point"},"properties":{"area_m2":2123.4089792650193,"area_source":"osm","cat":"residential_multifamily","demand_kwh":1868599.901753217,"demand_source":"footprint_estimate","id":"s_nyc_00251","in_steam":true,"in_uten":false,"name":"Unnamed residential multifamily","region":"nyc","sources":["osm_overpass"],"steam_heated":false},"type":"Feature"},{"geometry":{"coordinates":[-74.009293,40.737196],"type":"Point"},"properties":{"area_m2":2206.7842988126504,"area_source":"osm","cat":"residential_multifamily","demand_kwh":1456477.6372163491,"demand_source":"footprint_estimate","id":"s_nyc_00252","in_steam":true,"in_uten":false,"name":"Superior Ink","region":"nyc","sources":["osm_overpass"],"steam_heated":false},"type":"Feature"},{"geometry":{"coordinates":[-74.000833,40.737778],"type":"Point"},"properties":{"area_m2":null,"area_source":"none","cat":"hospital","demand_kwh":8000000.0,"demand_source":"category_default","id":"s_nyc_00253","in_steam":true,"in_uten":false,"name":"Lenox Health Greenwich Village","region":"nyc","sources":["osm_overpass"],"steam_heated":false},"type":"Feature"},{"geometry":{"coordinates":[-73.994572,40.738673],"type":"Point"},"properties":{"area_m2":null,"area_source":"none","cat":"hotel","demand_kwh":1500000.0,"demand_source":"category_default","id":"s_nyc_00254","in_steam":true,"in_uten":false,"name":"Chelsea Inn","region":"nyc","sources":["osm_overpass"],"steam_heated":false},"type":"Feature"},{"geometry":{"coordinates":[-73.999081,40.738748],"type":"Point"},"properties":{"area_m2":2166.6620507461485,"area_source":"osm","cat":"residential_multifamily","demand_kwh":1429996.953492458,"demand_source":"footprint_estimate","id":"s_nyc_00255","in_steam":true,"in_uten":false,"name":"Unnamed residential multifamily","region":"nyc","sources":["osm_overpass"],"steam_heated":false},"type":"Feature"},{"geometry":{"coordinates":[-73.989774,40.739705],"type":"Point"},"properties":{"area_m2":null,"area_source":"none","cat":"university","demand_kwh":5000000.0,"demand_source":"category_default","id":"s_nyc_00256","in_steam":true,"in_uten":false,"name":"Stanford in New York Center","region":"nyc","sources":["osm_overpass"],"steam_heated":false},"type":"Feature"},{"geometry":{"coordinates":[-74.005711,40.739869],"type":"Point"},"properties":{"area_m2":942.0239064015914,"area_source":"osm","cat":"hotel","demand_kwh":4191796.4765757,"demand_source":"ll84_fuel","id":"s_nyc_00257","in_steam":true,"in_uten":false,"name":"Hotel Gansevoort","region":"nyc","sources":["osm_overpass"],"steam_heated":false},"type":"Feature"},{"geometry":{"coordinates":[-74.003092,40.740247],"type":"Point"},"properties":{"area_m2":271.0130038955249,"area_source":"osm","cat":"hotel","demand_kwh":243911.7035059724,"demand_source":"footprint_estimate","id":"s_nyc_00258","in_steam":true,"in_uten":false,"name":"Hotel 309","region":"nyc","sources":["osm_overpass"],"steam_heated":false},"type":"Feature"},{"geometry":{"coordinates":[-74.006031,40.740586],"type":"Point"},"properties":{"area_m2":892.4131053043529,"area_source":"osm","cat":"hotel","demand_kwh":963806.1537287012,"demand_source":"footprint_estimate","id":"s_nyc_00259","in_steam":true,"in_uten":false,"name":"Soho House New York","region":"nyc","sources":["osm_overpass"],"steam_heated":false},"type":"Feature"},{"geometry":{"coordinates":[-74.008146,40.740841],"type":"Point"},"properties":{"area_m2":2178.5081975015346,"area_source":"osm","cat":"hotel","demand_kwh":3921314.7555027623,"demand_source":"footprint_estimate","id":"s_nyc_00260","in_steam":true,"in_uten":false,"name":"The Standard","region":"nyc","sources":["osm_overpass"],"steam_heated":false},"type":"Feature"},{"geometry":{"coordinates":[-74.000992,40.741225],"type":"Point"},"properties":{"area_m2":2029.1218545734882,"area_source":"osm","cat":"residential_multifamily","demand_kwh":1339220.4240185022,"demand_source":"footprint_estimate","id":"s_nyc_00261","in_steam":true,"in_uten":false,"name":"Grand Chelsea","region":"nyc","sources":["osm_overpass"],"steam_heated":false},"type":"Feature"},{"geometry":{"coordinates":[-74.003435,40.742295],"type":"Point"},"properties":{"area_m2":2336.914283655584,"area_source":"osm","cat":"hotel","demand_kwh":4206445.710580051,"demand_source":"footprint_estimate","id":"s_nyc_00262","in_steam":true,"in_uten":false,"name":"Dream Downtown","region":"nyc","sources":["osm_overpass"],"steam_heated":false},"type":"Feature"},{"geometry":{"coordinates":[-73.992514,40.742332],"type":"Point"},"properties":{"area_m2":4337.406448450871,"area_source":"osm","cat":"residential_multifamily","demand_kwh":3042321.0788359004,"demand_source":"ll84_fuel","id":"s_nyc_00263","in_steam":true,"in_uten":false,"name":"The Caroline","region":"nyc","sources":["osm_overpass"],"steam_heated":false},"type":"Feature"},{"geometry":{"coordinates":[-74.002365,40.742572],"type":"Point"},"properties":{"area_m2":5573.987670537084,"area_source":"osm","cat":"school","demand_kwh":2127473.4294104003,"demand_source":"ll84_fuel","id":"s_nyc_00264","in_steam":true,"in_uten":false,"name":"Unnamed school","region":"nyc","sources":["osm_overpass"],"steam_heated":false},"type":"Feature"},{"geometry":{"coordinates":[-73.992285,40.742962],"type":"Point"},"properties":{"area_m2":null,"area_source":"none","cat":"university","demand_kwh":5000000.0,"demand_source":"category_default","id":"s_nyc_00265","in_steam":true,"in_uten":false,"name":"Project Management Academy New York","region":"nyc","sources":["osm_overpass"],"steam_heated":false},"type":"Feature"},{"geometry":{"coordinates":[-73.990867,40.743213],"type":"Point"},"properties":{"area_m2":null,"area_source":"none","cat":"hotel","demand_kwh":1500000.0,"demand_source":"category_default","id":"s_nyc_00266","in_steam":true,"in_uten":false,"name":"Wyndham Garden Manhattan Chelsea West","region":"nyc","sources":["osm_overpass"],"steam_heated":false},"type":"Feature"},{"geometry":{"coordinates":[-73.990036,40.743283],"type":"Point"},"properties":{"area_m2":null,"area_source":"none","cat":"hotel","demand_kwh":1500000.0,"demand_source":"category_default","id":"s_nyc_00267","in_steam":true,"in_uten":false,"name":"Heritage Hotel","region":"nyc","sources":["osm_overpass"],"steam_heated":false},"type":"Feature"},{"geometry":{"coordinates":[-74.007972,40.743381],"type":"Point"},"properties":{"area_m2":4225.291867289692,"area_source":"osm","cat":"office","demand_kwh":3042210.1444485784,"demand_source":"footprint_estimate","id":"s_nyc_00268","in_steam":true,"in_uten":false,"name":"Unnamed office","region":"nyc","sources":["osm_overpass"],"steam_heated":false},"type":"Feature"},{"geometry":{"coordinates":[-74.006345,40.743481],"type":"Point"},"properties":{"area_m2":4436.893232400063,"area_source":"osm","cat":"residential_multifamily","demand_kwh":2928349.533384042,"demand_source":"footprint_estimate","id":"s_nyc_00269","in_steam":true,"in_uten":false,"name":"The Caledonia","region":"nyc","sources":["osm_overpass"],"steam_heated":false},"type":"Feature"},{"geometry":{"coordinates":[-73.993848,40.743519],"type":"Point"},"properties":{"area_m2":null,"area_source":"none","cat":"hotel","demand_kwh":1500000.0,"demand_source":"category_default","id":"s_nyc_00270","in_steam":true,"in_uten":false,"name":"The Townhouse Inn of Chelsea","region":"nyc","sources":["osm_overpass"],"steam_heated":false},"type":"Feature"},{"geometry":{"coordinates":[-73.993094,40.743636],"type":"Point"},"properties":{"area_m2":247.19736095890403,"area_source":"osm","cat":"hotel","demand_kwh":889910.4994520545,"demand_source":"footprint_estimate","id":"s_nyc_00271","in_steam":true,"in_uten":false,"name":"Hampton Inn Manhattan-Chelsea","region":"nyc","sources":["osm_overpass"],"steam_heated":false},"type":"Feature"},{"geometry":{"coordinates":[-73.991742,40.743694],"type":"Point"},"properties":{"area_m2":2327.9064722890034,"area_source":"osm","cat":"residential_multifamily","demand_kwh":1536418.2717107423,"demand_source":"footprint_estimate","id":"s_nyc_00272","in_steam":true,"in_uten":false,"name":"The Vanguard Chelsea","region":"nyc","sources":["osm_overpass"],"steam_heated":false},"type":"Feature"},{"geometry":{"coordinates":[-73.996008,40.744088],"type":"Point"},"properties":{"area_m2":null,"area_source":"none","cat":"hotel","demand_kwh":1500000.0,"demand_source":"category_default","id":"s_nyc_00273","in_steam":true,"in_uten":false,"name":"Chelsea Savoy Hotel","region":"nyc","sources":["osm_overpass"],"steam_heated":false},"type":"Feature"},{"geometry":{"coordinates":[-73.994317,40.74415],"type":"Point"},"properties":{"area_m2":355.1666548997164,"area_source":"osm","cat":"hotel","demand_kwh":639299.9788194895,"demand_source":"footprint_estimate","id":"s_nyc_00274","in_steam":true,"in_uten":false,"name":"Hyatt Place","region":"nyc","sources":["osm_overpass"],"steam_heated":false},"type":"Feature"},{"geometry":{"coordinates":[-73.992737,40.74431],"type":"Point"},"properties":{"area_m2":557.5693118795753,"area_source":"osm","cat":"hotel","demand_kwh":2333194.3247894,"demand_source":"ll84_fuel","id":"s_nyc_00275","in_steam":true,"in_uten":false,"name":"Renaissance New York Chelsea Hotel","region":"nyc","sources":["osm_overpass"],"steam_heated":false},"type":"Feature"},{"geometry":{"coordinates":[-73.991221,40.744342],"type":"Point"},"properties":{"area_m2":2728.9260916754138,"area_source":"osm","cat":"residential_multifamily","demand_kwh":1801091.220505773,"demand_source":"footprint_estimate","id":"s_nyc_00276","in_steam":true,"in_uten":false,"name":"Chelsea Landmark","region":"nyc","sources":["osm_overpass"],"steam_heated":false},"type":"Feature"},{"geometry":{"coordinates":[-73.996818,40.744374],"type":"Point"},"properties":{"area_m2":null,"area_source":"none","cat":"hotel","demand_kwh":1500000.0,"demand_source":"category_default","id":"s_nyc_00277","in_steam":true,"in_uten":false,"name":"Hotel Chelsea","region":"nyc","sources":["osm_overpass"],"steam_heated":false},"type":"Feature"},{"geometry":{"coordinates":[-73.989109,40.744469],"type":"Point"},"properties":{"area_m2":null,"area_source":"none","cat":"hotel","demand_kwh":1500000.0,"demand_source":"category_default","id":"s_nyc_00278","in_steam":true,"in_uten":false,"name":"Broadway Plaza Hotel","region":"nyc","sources":["osm_overpass"],"steam_heated":false},"type":"Feature"},{"geometry":{"coordinates":[-73.999381,40.744653],"type":"Point"},"properties":{"area_m2":null,"area_source":"none","cat":"hotel","demand_kwh":1500000.0,"demand_source":"category_default","id":"s_nyc_00279","in_steam":true,"in_uten":false,"name":"The GEM Hotel Chelsea","region":"nyc","sources":["osm_overpass"],"steam_heated":false},"type":"Feature"},{"geometry":{"coordinates":[-74.00735,40.74472],"type":"Point"},"properties":{"area_m2":null,"area_source":"none","cat":"hotel","demand_kwh":1500000.0,"demand_source":"category_default","id":"s_nyc_00280","in_steam":true,"in_uten":false,"name":"faena hotel","region":"nyc","sources":["osm_overpass"],"steam_heated":false},"type":"Feature"},{"geometry":{"coordinates":[-74.007574,40.744774],"type":"Point"},"properties":{"area_m2":5251.078068997362,"area_source":"osm","cat":"residential_multifamily","demand_kwh":19639031.97805013,"demand_source":"footprint_estimate","id":"s_nyc_00281","in_steam":true,"in_uten":false,"name":"One High Line","region":"nyc","sources":["osm_overpass"],"steam_heated":false},"type":"Feature"},{"geometry":{"coordinates":[-73.99997,40.744884],"type":"Point"},"properties":{"area_m2":null,"area_source":"none","cat":"hotel","demand_kwh":1500000.0,"demand_source":"category_default","id":"s_nyc_00282","in_steam":true,"in_uten":false,"name":"Colonial House","region":"nyc","sources":["osm_overpass"],"steam_heated":false},"type":"Feature"},{"geometry":{"coordinates":[-73.994251,40.744908],"type":"Point"},"properties":{"area_m2":293.80368111189455,"area_source":"osm","cat":"hotel","demand_kwh":528846.6260014102,"demand_source":"footprint_estimate","id":"s_nyc_00283","in_steam":true,"in_uten":false,"name":"The Chelsean New York Hotel","region":"nyc","sources":["osm_overpass"],"steam_heated":false},"type":"Feature"},{"geometry":{"coordinates":[-73.988512,40.744957],"type":"Point"},"properties":{"area_m2":724.9662345363759,"area_source":"osm","cat":"hotel","demand_kwh":2159797.6953554004,"demand_source":"ll84_fuel","id":"s_nyc_00284","in_steam":true,"in_uten":false,"name":"The Ned","region":"nyc","sources":["osm_overpass"],"steam_heated":false},"type":"Feature"},{"geometry":{"coordinates":[-73.987794,40.744993],"type":"Point"},"properties":{"area_m2":null,"area_source":"none","cat":"hotel","demand_kwh":1500000.0,"demand_source":"category_default","id":"s_nyc_00285","in_steam":true,"in_uten":false,"name":"The Fifth Avenue Hotel","region":"nyc","sources":["osm_overpass"],"steam_heated":false},"type":"Feature"},{"geometry":{"coordinates":[-73.990021,40.745138],"type":"Point"},"properties":{"area_m2":null,"area_source":"none","cat":"hotel","demand_kwh":540757.7869246,"demand_source":"ll84_fuel","id":"s_nyc_00286","in_steam":true,"in_uten":false,"name":"Senton Hotel","region":"nyc","sources":["osm_overpass"],"steam_heated":false},"type":"Feature"},{"geometry":{"coordinates":[-74.00679,40.745164],"type":"Point"},"properties":{"area_m2":3995.2185295859817,"area_source":"osm","cat":"residential_multifamily","demand_kwh":2636844.229526748,"demand_source":"footprint_estimate","id":"s_nyc_00287","in_steam":true,"in_uten":false,"name":"Lantern House","region":"nyc","sources":["osm_overpass"],"steam_heated":false},"type":"Feature"},{"geometry":{"coordinates":[-73.99224,40.745416],"type":"Point"},"properties":{"area_m2":264.3191514983773,"area_source":"osm","cat":"hotel","demand_kwh":1189436.181742698,"demand_source":"footprint_estimate","id":"s_nyc_00288","in_steam":true,"in_uten":false,"name":"Holiday Inn Manhattan","region":"nyc","sources":["osm_overpass"],"steam_heated":false},"type":"Feature"},{"geometry":{"coordinates":[-73.993604,40.745587],"type":"Point"},"properties":{"area_m2":null,"area_source":"none","cat":"hotel","demand_kwh":1500000.0,"demand_source":"category_default","id":"s_nyc_00289","in_steam":true,"in_uten":false,"name":"Hilton New York Fashion District","region":"nyc","sources":["osm_overpass"],"steam_heated":false},"type":"Feature"},{"geometry":{"coordinates":[-73.988261,40.745664],"type":"Point"},"properties":{"area_m2":1118.1747655321378,"area_source":"osm","cat":"hotel","demand_kwh":1958234.3931037001,"demand_source":"ll84_fuel","id":"s_nyc_00290","in_steam":true,"in_uten":false,"name":"Ace Hotel New York","region":"nyc","sources":["osm_overpass"],"steam_heated":false},"type":"Feature"},{"geometry":{"coordinates":[-73.989031,40.745694],"type":"Point"},"properties":{"area_m2":1095.3756769755855,"area_source":"osm","cat":"hotel","demand_kwh":7886704.874224216,"demand_source":"footprint_estimate","id":"s_nyc_00291","in_steam":true,"in_uten":false,"name":"The Ritz-Carlton","region":"nyc","sources":["osm_overpass"],"steam_heated":false},"type":"Feature"},{"geometry":{"coordinates":[-74.005017,40.745931],"type":"Point"},"properties":{"area_m2":null,"area_source":"none","cat":"hotel","demand_kwh":1500000.0,"demand_source":"category_default","id":"s_nyc_00292","in_steam":true,"in_uten":false,"name":"The High Line Hotel","region":"nyc","sources":["osm_overpass"],"steam_heated":false},"type":"Feature"},{"geometry":{"coordinates":[-73.989544,40.746159],"type":"Point"},"properties":{"area_m2":297.9178802296519,"area_source":"osm","cat":"hotel","demand_kwh":608050.4346837001,"demand_source":"ll84_fuel","id":"s_nyc_00293","in_steam":true,"in_uten":false,"name":"Made Hotel","region":"nyc","sources":["osm_overpass"],"steam_heated":false},"type":"Feature"},{"geometry":{"coordinates":[-73.991448,40.746178],"type":"Point"},"properties":{"area_m2":230.95105010922998,"area_source":"osm","cat":"hotel","demand_kwh":706710.2133342437,"demand_source":"footprint_estimate","id":"s_nyc_00294","in_steam":true,"in_uten":false,"name":"Fairfield Inn","region":"nyc","sources":["osm_overpass"],"steam_heated":false},"type":"Feature"},{"geometry":{"coordinates":[-73.990958,40.746458],"type":"Point"},"properties":{"area_m2":527.3905370868742,"area_source":"osm","cat":"hotel","demand_kwh":41128.9393838,"demand_source":"ll84_fuel","id":"s_nyc_00295","in_steam":true,"in_uten":false,"name":"Moxy NYC Chelsea","region":"nyc","sources":["osm_overpass"],"steam_heated":false},"type":"Feature"},{"geometry":{"coordinates":[-73.988899,40.746581],"type":"Point"},"properties":{"area_m2":2628.8768975553685,"area_source":"osm","cat":"hotel","demand_kwh":17981517.97927872,"demand_source":"footprint_estimate","id":"s_nyc_00296","in_steam":true,"in_uten":false,"name":"Virgin Hotel","region":"nyc","sources":["osm_overpass"],"steam_heated":false},"type":"Feature"},{"geometry":{"coordinates":[-73.996767,40.746788],"type":"Point"},"properties":{"area_m2":2227.0531960781664,"area_source":"osm","cat":"residential_multifamily","demand_kwh":2939710.2188231796,"demand_source":"footprint_estimate","id":"s_nyc_00297","in_steam":true,"in_uten":false,"name":"Unnamed residential multifamily","region":"nyc","sources":["osm_overpass"],"steam_heated":false},"type":"Feature"},{"geometry":{"coordinates":[-73.992151,40.746875],"type":"Point"},"properties":{"area_m2":null,"area_source":"none","cat":"hotel","demand_kwh":1500000.0,"demand_source":"category_default","id":"s_nyc_00298","in_steam":true,"in_uten":false,"name":"Hotel Hayden","region":"nyc","sources":["osm_overpass"],"steam_heated":false},"type":"Feature"},{"geometry":{"coordinates":[-73.991409,40.746964],"type":"Point"},"properties":{"area_m2":289.87612430751324,"area_source":"osm","cat":"hotel","demand_kwh":1356620.261759162,"demand_source":"footprint_estimate","id":"s_nyc_00299","in_steam":true,"in_uten":false,"name":"DoubleTree","region":"nyc","sources":["osm_overpass"],"steam_heated":false},"type":"Feature"},{"geometry":{"coordinates":[-73.99015,40.747096],"type":"Point"},"properties":{"area_m2":1713.9676446728408,"area_source":"osm","cat":"hotel","demand_kwh":3085141.7604111135,"demand_source":"footprint_estimate","id":"s_nyc_00300","in_steam":true,"in_uten":false,"name":"Eventi","region":"nyc","sources":["osm_overpass"],"steam_heated":false},"type":"Feature"},{"geometry":{"coordinates":[-73.994882,40.747241],"type":"Point"},"properties":{"area_m2":23318.914017498493,"area_source":"osm","cat":"university","demand_kwh":13991348.410499096,"demand_source":"footprint_estimate","id":"s_nyc_00301","in_steam":true,"in_uten":false,"name":"Fashion Institute of Technology","region":"nyc","sources":["osm_overpass"],"steam_heated":false},"type":"Feature"},{"geometry":{"coordinates":[-73.989866,40.747786],"type":"Point"},"properties":{"area_m2":3570.7890868838876,"area_source":"osm","cat":"residential_multifamily","demand_kwh":2356720.797343366,"demand_source":"footprint_estimate","id":"s_nyc_00302","in_steam":true,"in_uten":false,"name":"EOS","region":"nyc","sources":["osm_overpass"],"steam_heated":false},"type":"Feature"},{"geometry":{"coordinates":[-73.99019,40.748044],"type":"Point"},"properties":{"area_m2":260.9265774600208,"area_source":"osm","cat":"hotel","demand_kwh":469667.8394280374,"demand_source":"footprint_estimate","id":"s_nyc_00303","in_steam":true,"in_uten":false,"name":"Hampton Inn Manhattan-Madison Square Garden Area","region":"nyc","sources":["osm_overpass"],"steam_heated":false},"type":"Feature"},{"geometry":{"coordinates":[-73.991191,40.748224],"type":"Point"},"properties":{"area_m2":719.0337869226933,"area_source":"osm","cat":"hotel","demand_kwh":1294260.8164608479,"demand_source":"footprint_estimate","id":"s_nyc_00304","in_steam":true,"in_uten":false,"name":"Courtyard Marriot","region":"nyc","sources":["osm_overpass"],"steam_heated":false},"type":"Feature"},{"geometry":{"coordinates":[-73.994617,40.74834],"type":"Point"},"properties":{"area_m2":460.4516042098403,"area_source":"osm","cat":"hotel","demand_kwh":1077456.7538510263,"demand_source":"footprint_estimate","id":"s_nyc_00305","in_steam":true,"in_uten":false,"name":"Holiday Inn Express","region":"nyc","sources":["osm_overpass"],"steam_heated":false},"type":"Feature"},{"geometry":{"coordinates":[-73.990094,40.748387],"type":"Point"},"properties":{"area_m2":null,"area_source":"none","cat":"university","demand_kwh":2607056.455008,"demand_source":"ll84_fuel","id":"s_nyc_00306","in_steam":true,"in_uten":false,"name":"CUNY School of Professional Studies","region":"nyc","sources":["osm_overpass"],"steam_heated":false},"type":"Feature"},{"geometry":{"coordinates":[-74.000237,40.748991],"type":"Point"},"properties":{"area_m2":5729.359190668911,"area_source":"osm","cat":"school","demand_kwh":1898461.8006691001,"demand_source":"ll84_fuel","id":"s_nyc_00307","in_steam":true,"in_uten":false,"name":"P.S. 33 - Chelsea Prep","region":"nyc","sources":["osm_overpass"],"steam_heated":false},"type":"Feature"},{"geometry":{"coordinates":[-73.992104,40.749914],"type":"Point"},"properties":{"area_m2":9443.417177091353,"area_source":"osm","cat":"office","demand_kwh":6799260.367505774,"demand_source":"footprint_estimate","id":"s_nyc_00308","in_steam":true,"in_uten":false,"name":"PENN 2","region":"nyc","sources":["osm_overpass"],"steam_heated":false},"type":"Feature"},{"geometry":{"coordinates":[-73.99565,40.749951],"type":"Point"},"properties":{"area_m2":71.25117772817612,"area_source":"osm","cat":"hotel","demand_kwh":51300.847964286804,"demand_source":"footprint_estimate","id":"s_nyc_00309","in_steam":true,"in_uten":false,"name":"Midtown West Hotel","region":"nyc","sources":["osm_overpass"],"steam_heated":false},"type":"Feature"},{"geometry":{"coordinates":[-74.003397,40.750445],"type":"Point"},"properties":{"area_m2":288.1240825308487,"area_source":"osm","cat":"hotel","demand_kwh":444340.56378430006,"demand_source":"ll84_fuel","id":"s_nyc_00310","in_steam":true,"in_uten":false,"name":"Hotel Alameda High Line","region":"nyc","sources":["osm_overpass"],"steam_heated":false},"type":"Feature"},{"geometry":{"coordinates":[-73.995675,40.750536],"type":"Point"},"properties":{"area_m2":null,"area_source":"none","cat":"university","demand_kwh":5000000.0,"demand_source":"category_default","id":"s_nyc_00311","in_steam":true,"in_uten":false,"name":"Touro College","region":"nyc","sources":["osm_overpass"],"steam_heated":false},"type":"Feature"},{"geometry":{"coordinates":[-74.003009,40.750987],"type":"Point"},"properties":{"area_m2":2087.8242647964507,"area_source":"osm","cat":"residential_multifamily","demand_kwh":2526267.3604037054,"demand_source":"footprint_estimate","id":"s_nyc_00312","in_steam":true,"in_uten":false,"name":"Unnamed residential multifamily","region":"nyc","sources":["osm_overpass"],"steam_heated":false},"type":"Feature"},{"geometry":{"coordinates":[-74.003696,40.751881],"type":"Point"},"properties":{"area_m2":5378.139904251322,"area_source":"osm","cat":"residential_multifamily","demand_kwh":7599726.0604009,"demand_source":"ll84_fuel","id":"s_nyc_00313","in_steam":true,"in_uten":false,"name":"Avalon West Chelsea","region":"nyc","sources":["osm_overpass"],"steam_heated":false},"type":"Feature"},{"geometry":{"coordinates":[-73.994641,40.752254],"type":"Point"},"properties":{"area_m2":4186.496012287214,"area_source":"osm","cat":"residential_multifamily","demand_kwh":7986712.8346349,"demand_source":"ll84_fuel","id":"s_nyc_00314","in_steam":true,"in_uten":false,"name":"The Olivia","region":"nyc","sources":["osm_overpass"],"steam_heated":false},"type":"Feature"},{"geometry":{"coordinates":[-73.995114,40.752265],"type":"Point"},"properties":{"area_m2":520.7138520330191,"area_source":"osm","cat":"hotel","demand_kwh":1152250.252582,"demand_source":"ll84_fuel","id":"s_nyc_00315","in_steam":true,"in_uten":false,"name":"Fairfield Inn & Suites New York Midtown Manhattan/Penn Station","region":"nyc","sources":["osm_overpass"],"steam_heated":false},"type":"Feature"},{"geometry":{"coordinates":[-73.998802,40.752267],"type":"Point"},"properties":{"area_m2":2147.0748927406967,"area_source":"osm","cat":"residential_multifamily","demand_kwh":1417069.4292088598,"demand_source":"footprint_estimate","id":"s_nyc_00316","in_steam":true,"in_uten":false,"name":"The Eugene","region":"nyc","sources":["osm_overpass"],"steam_heated":false},"type":"Feature"},{"geometry":{"coordinates":[-74.00154,40.752686],"type":"Point"},"properties":{"area_m2":4327.722048368829,"area_source":"osm","cat":"office","demand_kwh":42688721.36177931,"demand_source":"ll84_fuel","id":"s_nyc_00317","in_steam":true,"in_uten":false,"name":"10 Hudson Yards","region":"nyc","sources":["osm_overpass"],"steam_heated":false},"type":"Feature"},{"geometry":{"coordinates":[-74.003298,40.752801],"type":"Point"},"properties":{"area_m2":2536.070002876688,"area_source":"osm","cat":"residential_multifamily","demand_kwh":1673806.201898614,"demand_source":"footprint_estimate","id":"s_nyc_00318","in_steam":true,"in_uten":false,"name":"The Ohm","region":"nyc","sources":["osm_overpass"],"steam_heated":false},"type":"Feature"},{"geometry":{"coordinates":[-73.999495,40.753059],"type":"Point"},"properties":{"area_m2":11662.035196053563,"area_source":"osm","cat":"office","demand_kwh":16793330.68231713,"demand_source":"footprint_estimate","id":"s_nyc_00319","in_steam":true,"in_uten":false,"name":"Five Manhattan West","region":"nyc","sources":["osm_overpass"],"steam_heated":false},"type":"Feature"},{"geometry":{"coordinates":[-73.998493,40.753159],"type":"Point"},"properties":{"area_m2":652.3669852825333,"area_source":"osm","cat":"hotel","demand_kwh":2465947.2043679757,"demand_source":"footprint_estimate","id":"s_nyc_00320","in_steam":true,"in_uten":false,"name":"Pendry Manhattan West","region":"nyc","sources":["osm_overpass"],"steam_heated":false},"type":"Feature"},{"geometry":{"coordinates":[-74.004794,40.753176],"type":"Point"},"properties":{"area_m2":4565.296195238829,"area_source":"osm","cat":"residential_multifamily","demand_kwh":30130954.88857627,"demand_source":"footprint_estimate","id":"s_nyc_00321","in_steam":true,"in_uten":false,"name":"601 West 29th Street","region":"nyc","sources":["osm_overpass"],"steam_heated":false},"type":"Feature"},{"geometry":{"coordinates":[-74.00059,40.753946],"type":"Point"},"properties":{"area_m2":6196.134456952335,"area_source":"osm","cat":"office","demand_kwh":4461216.809005681,"demand_source":"footprint_estimate","id":"s_nyc_00322","in_steam":true,"in_uten":false,"name":"30 Hudson Yards","region":"nyc","sources":["osm_overpass"],"steam_heated":false},"type":"Feature"},{"geometry":{"coordinates":[-74.002387,40.754449],"type":"Point"},"properties":{"area_m2":86.71197632397525,"area_source":"osm","cat":"pool","demand_kwh":47638796.907245204,"demand_source":"ll84_fuel","id":"s_nyc_00323","in_steam":true,"in_uten":false,"name":"Unnamed pool","region":"nyc","sources":["osm_overpass"],"steam_heated":false},"type":"Feature"},{"geometry":{"coordinates":[-74.002416,40.754471],"type":"Point"},"properties":{"area_m2":null,"area_source":"none","cat":"hotel","demand_kwh":47638796.907245204,"demand_source":"ll84_fuel","id":"s_nyc_00324","in_steam":true,"in_uten":false,"name":"Equinox","region":"nyc","sources":["osm_overpass"],"steam_heated":false},"type":"Feature"},{"geometry":{"coordinates":[-74.001774,40.755228],"type":"Point"},"properties":{"area_m2":3254.802115045488,"area_source":"osm","cat":"office","demand_kwh":7524769.986984101,"demand_source":"ll84_fuel","id":"s_nyc_00325","in_steam":true,"in_uten":false,"name":"55 Hudson Yards","region":"nyc","sources":["osm_overpass"],"steam_heated":false},"type":"Feature"},{"geometry":{"coordinates":[-72.844255,40.826175],"type":"Point"},"properties":{"area_m2":735.6300416849554,"area_source":"osm","cat":"greenhouse","demand_kwh":257470.51458973438,"demand_source":"footprint_estimate","id":"s_upstate_00000","in_steam":false,"in_uten":false,"name":"Unnamed greenhouse","region":"upstate","sources":["osm_overpass"],"steam_heated":false},"type":"Feature"},{"geometry":{"coordinates":[-72.842981,40.826181],"type":"Point"},"properties":{"area_m2":203.12813879735768,"area_source":"osm","cat":"greenhouse","demand_kwh":71094.84857907519,"demand_source":"footprint_estimate","id":"s_upstate_00001","in_steam":false,"in_uten":false,"name":"Unnamed greenhouse","region":"upstate","sources":["osm_overpass"],"steam_heated":false},"type":"Feature"},{"geometry":{"coordinates":[-72.919203,40.82699],"type":"Point"},"properties":{"area_m2":251.38978002010845,"area_source":"osm","cat":"greenhouse","demand_kwh":87986.42300703796,"demand_source":"footprint_estimate","id":"s_upstate_00002","in_steam":false,"in_uten":false,"name":"Unnamed greenhouse","region":"upstate","sources":["osm_overpass"],"steam_heated":false},"type":"Feature"},{"geometry":{"coordinates":[-72.880073,40.827508],"type":"Point"},"properties":{"area_m2":62998.07097276673,"area_source":"osm","cat":"university","demand_kwh":37798842.58366004,"demand_source":"footprint_estimate","id":"s_upstate_00003","in_steam":false,"in_uten":false,"name":"Dowling College Sports Complex","region":"upstate","sources":["osm_overpass"],"steam_heated":false},"type":"Feature"},{"geometry":{"coordinates":[-72.835745,40.827979],"type":"Point"},"properties":{"area_m2":541.5481678638607,"area_source":"osm","cat":"greenhouse","demand_kwh":189541.85875235125,"demand_source":"footprint_estimate","id":"s_upstate_00004","in_steam":false,"in_uten":false,"name":"Unnamed greenhouse","region":"upstate","sources":["osm_overpass"],"steam_heated":false},"type":"Feature"},{"geometry":{"coordinates":[-72.92141,40.82805],"type":"Point"},"properties":{"area_m2":557.4387068450451,"area_source":"osm","cat":"greenhouse","demand_kwh":195103.54739576578,"demand_source":"footprint_estimate","id":"s_upstate_00005","in_steam":false,"in_uten":false,"name":"Unnamed greenhouse","region":"upstate","sources":["osm_overpass"],"steam_heated":false},"type":"Feature"},{"geometry":{"coordinates":[-72.834571,40.828205],"type":"Point"},"properties":{"area_m2":537.9786431491375,"area_source":"osm","cat":"greenhouse","demand_kwh":188292.52510219812,"demand_source":"footprint_estimate","id":"s_upstate_00006","in_steam":false,"in_uten":false,"name":"Unnamed greenhouse","region":"upstate","sources":["osm_overpass"],"steam_heated":false},"type":"Feature"},{"geometry":{"coordinates":[-72.920811,40.828346],"type":"Point"},"properties":{"area_m2":422.8370147757232,"area_source":"osm","cat":"greenhouse","demand_kwh":147992.95517150313,"demand_source":"footprint_estimate","id":"s_upstate_00007","in_steam":false,"in_uten":false,"name":"Unnamed greenhouse","region":"upstate","sources":["osm_overpass"],"steam_heated":false},"type":"Feature"},{"geometry":{"coordinates":[-72.836068,40.828414],"type":"Point"},"properties":{"area_m2":184.95084139634855,"area_source":"osm","cat":"greenhouse","demand_kwh":64732.79448872199,"demand_source":"footprint_estimate","id":"s_upstate_00008","in_steam":false,"in_uten":false,"name":"Unnamed greenhouse","region":"upstate","sources":["osm_overpass"],"steam_heated":false},"type":"Feature"},{"geometry":{"coordinates":[-72.835264,40.828424],"type":"Point"},"properties":{"area_m2":154.43967459350824,"area_source":"osm","cat":"greenhouse","demand_kwh":54053.886107727885,"demand_source":"footprint_estimate","id":"s_upstate_00009","in_steam":false,"in_uten":false,"name":"Unnamed greenhouse","region":"upstate","sources":["osm_overpass"],"steam_heated":false},"type":"Feature"},{"geometry":{"coordinates":[-72.827431,40.832295],"type":"Point"},"properties":{"area_m2":139.79608252923936,"area_source":"osm","cat":"greenhouse","demand_kwh":48928.628885233775,"demand_source":"footprint_estimate","id":"s_upstate_00010","in_steam":false,"in_uten":false,"name":"Unnamed greenhouse","region":"upstate","sources":["osm_overpass"],"steam_heated":false},"type":"Feature"},{"geometry":{"coordinates":[-72.826657,40.83234],"type":"Point"},"properties":{"area_m2":91.6790404682979,"area_source":"osm","cat":"greenhouse","demand_kwh":32087.664163904265,"demand_source":"footprint_estimate","id":"s_upstate_00011","in_steam":false,"in_uten":false,"name":"Unnamed greenhouse","region":"upstate","sources":["osm_overpass"],"steam_heated":false},"type":"Feature"},{"geometry":{"coordinates":[-72.82604,40.832376],"type":"Point"},"properties":{"area_m2":134.87529085297137,"area_source":"osm","cat":"greenhouse","demand_kwh":47206.35179853998,"demand_source":"footprint_estimate","id":"s_upstate_00012","in_steam":false,"in_uten":false,"name":"Unnamed greenhouse","region":"upstate","sources":["osm_overpass"],"steam_heated":false},"type":"Feature"},{"geometry":{"coordinates":[-72.826396,40.832754],"type":"Point"},"properties":{"area_m2":83.02669875603169,"area_source":"osm","cat":"greenhouse","demand_kwh":29059.344564611092,"demand_source":"footprint_estimate","id":"s_upstate_00013","in_steam":false,"in_uten":false,"name":"Unnamed greenhouse","region":"upstate","sources":["osm_overpass"],"steam_heated":false},"type":"Feature"},{"geometry":{"coordinates":[-72.824105,40.833315],"type":"Point"},"properties":{"area_m2":285216.80287741125,"area_source":"osm","cat":"school","demand_kwh":102678049.03586805,"demand_source":"footprint_estimate","id":"s_upstate_00014","in_steam":false,"in_uten":false,"name":"Eastport South Manor Junior-Senior High School","region":"upstate","sources":["osm_overpass"],"steam_heated":false},"type":"Feature"},{"geometry":{"coordinates":[-72.828116,40.834242],"type":"Point"},"properties":{"area_m2":210.80389308696613,"area_source":"osm","cat":"greenhouse","demand_kwh":73781.36258043814,"demand_source":"footprint_estimate","id":"s_upstate_00015","in_steam":false,"in_uten":false,"name":"Unnamed greenhouse","region":"upstate","sources":["osm_overpass"],"steam_heated":false},"type":"Feature"},{"geometry":{"coordinates":[-72.828791,40.834503],"type":"Point"},"properties":{"area_m2":560.9319634429412,"area_source":"osm","cat":"greenhouse","demand_kwh":196326.18720502942,"demand_source":"footprint_estimate","id":"s_upstate_00016","in_steam":false,"in_uten":false,"name":"Unnamed greenhouse","region":"upstate","sources":["osm_overpass"],"steam_heated":false},"type":"Feature"},{"geometry":{"coordinates":[-72.827236,40.834628],"type":"Point"},"properties":{"area_m2":2198.642523843795,"area_source":"osm","cat":"greenhouse","demand_kwh":769524.8833453283,"demand_source":"footprint_estimate","id":"s_upstate_00017","in_steam":false,"in_uten":false,"name":"Unnamed greenhouse","region":"upstate","sources":["osm_overpass"],"steam_heated":false},"type":"Feature"},{"geometry":{"coordinates":[-72.828301,40.834785],"type":"Point"},"properties":{"area_m2":261.3827770347707,"area_source":"osm","cat":"greenhouse","demand_kwh":91483.97196216974,"demand_source":"footprint_estimate","id":"s_upstate_00018","in_steam":false,"in_uten":false,"name":"Unnamed greenhouse","region":"upstate","sources":["osm_overpass"],"steam_heated":false},"type":"Feature"},{"geometry":{"coordinates":[-72.828633,40.83529],"type":"Point"},"properties":{"area_m2":261.41102510504425,"area_source":"osm","cat":"greenhouse","demand_kwh":91493.85878676549,"demand_source":"footprint_estimate","id":"s_upstate_00019","in_steam":false,"in_uten":false,"name":"Unnamed greenhouse","region":"upstate","sources":["osm_overpass"],"steam_heated":false},"type":"Feature"},{"geometry":{"coordinates":[-72.829271,40.836948],"type":"Point"},"properties":{"area_m2":132.31050032563508,"area_source":"osm","cat":"greenhouse","demand_kwh":46308.67511397228,"demand_source":"footprint_estimate","id":"s_upstate_00020","in_steam":false,"in_uten":false,"name":"Unnamed greenhouse","region":"upstate","sources":["osm_overpass"],"steam_heated":false},"type":"Feature"},{"geometry":{"coordinates":[-72.829065,40.837427],"type":"Point"},"properties":{"area_m2":809.9991142943036,"area_source":"osm","cat":"greenhouse","demand_kwh":283499.69000300625,"demand_source":"footprint_estimate","id":"s_upstate_00021","in_steam":false,"in_uten":false,"name":"Unnamed greenhouse","region":"upstate","sources":["osm_overpass"],"steam_heated":false},"type":"Feature"},{"geometry":{"coordinates":[-72.828168,40.837456],"type":"Point"},"properties":{"area_m2":150.42705016583204,"area_source":"osm","cat":"greenhouse","demand_kwh":52649.467558041215,"demand_source":"footprint_estimate","id":"s_upstate_00022","in_steam":false,"in_uten":false,"name":"Unnamed greenhouse","region":"upstate","sources":["osm_overpass"],"steam_heated":false},"type":"Feature"},{"geometry":{"coordinates":[-72.825246,40.83947],"type":"Point"},"properties":{"area_m2":110722.01026021317,"area_source":"osm","cat":"school","demand_kwh":39859923.69367674,"demand_source":"footprint_estimate","id":"s_upstate_00023","in_steam":false,"in_uten":false,"name":"Dayton Avenue Elementary School","region":"upstate","sources":["osm_overpass"],"steam_heated":false},"type":"Feature"},{"geometry":{"coordinates":[-72.930579,40.843938],"type":"Point"},"properties":{"area_m2":89351.92746995995,"area_source":"osm","cat":"school","demand_kwh":32166693.88918558,"demand_source":"footprint_estimate","id":"s_upstate_00024","in_steam":false,"in_uten":false,"name":"Charles E. Walters Elementary School","region":"upstate","sources":["osm_overpass"],"steam_heated":false},"type":"Feature"},{"geometry":{"coordinates":[-72.899612,40.845983],"type":"Point"},"properties":{"area_m2":2131.962222933769,"area_source":"osm","cat":"hotel","demand_kwh":3837532.0012807846,"demand_source":"footprint_estimate","id":"s_upstate_00025","in_steam":false,"in_uten":false,"name":"Home2 Suites by Hilton Long Island Brookhaven","region":"upstate","sources":["osm_overpass"],"steam_heated":false},"type":"Feature"},{"geometry":{"coordinates":[-72.822555,40.855049],"type":"Point"},"properties":{"area_m2":291.4886804744601,"area_source":"osm","cat":"greenhouse","demand_kwh":102021.03816606104,"demand_source":"footprint_estimate","id":"s_upstate_00026","in_steam":false,"in_uten":false,"name":"Unnamed greenhouse","region":"upstate","sources":["osm_overpass"],"steam_heated":false},"type":"Feature"},{"geometry":{"coordinates":[-72.924424,40.864183],"type":"Point"},"properties":{"area_m2":257017.9872527793,"area_source":"osm","cat":"school","demand_kwh":92526475.41100055,"demand_source":"footprint_estimate","id":"s_upstate_00027","in_steam":false,"in_uten":false,"name":"Longwood High School","region":"upstate","sources":["osm_overpass"],"steam_heated":false},"type":"Feature"},{"geometry":{"coordinates":[-72.910592,40.864206],"type":"Point"},"properties":{"area_m2":196418.88666334748,"area_source":"osm","cat":"school","demand_kwh":70710799.1988051,"demand_source":"footprint_estimate","id":"s_upstate_00028","in_steam":false,"in_uten":false,"name":"Longwood Junior High School","region":"upstate","sources":["osm_overpass"],"steam_heated":false},"type":"Feature"},{"geometry":{"coordinates":[-72.881885,40.867254],"type":"Point"},"properties":{"area_m2":1091.9004443585873,"area_source":"osm","cat":"pool","demand_kwh":436760.1777434349,"demand_source":"footprint_estimate","id":"s_upstate_00029","in_steam":false,"in_uten":false,"name":"478 - Pool/Gym","region":"upstate","sources":["osm_overpass"],"steam_heated":false},"type":"Feature"},{"geometry":{"coordinates":[-72.854866,40.8776],"type":"Point"},"properties":{"area_m2":242205.0651474595,"area_source":"osm","cat":"wwtp","demand_kwh":24220506.51474595,"demand_source":"footprint_estimate","id":"s_upstate_00030","in_steam":false,"in_uten":false,"name":"Unnamed wwtp","region":"upstate","sources":["osm_overpass"],"steam_heated":false},"type":"Feature"},{"geometry":{"coordinates":[-73.888904,40.950452],"type":"Point"},"properties":{"area_m2":26189.318547785282,"area_source":"osm","cat":"school","demand_kwh":9428154.677202702,"demand_source":"footprint_estimate","id":"s_upstate_00031","in_steam":false,"in_uten":false,"name":"Charles E. Gorton High School","region":"upstate","sources":["osm_overpass"],"steam_heated":false},"type":"Feature"},{"geometry":{"coordinates":[-73.897168,40.950935],"type":"Point"},"properties":{"area_m2":312.52610440179706,"area_source":"osm","cat":"greenhouse","demand_kwh":109384.13654062897,"demand_source":"footprint_estimate","id":"s_upstate_00032","in_steam":false,"in_uten":false,"name":"Unnamed greenhouse","region":"upstate","sources":["osm_overpass"],"steam_heated":false},"type":"Feature"},{"geometry":{"coordinates":[-73.846313,40.952587],"type":"Point"},"properties":{"area_m2":15919.668901285157,"area_source":"osm","cat":"school","demand_kwh":5731080.804462656,"demand_source":"footprint_estimate","id":"s_upstate_00033","in_steam":false,"in_uten":false,"name":"Montessori School 31","region":"upstate","sources":["osm_overpass"],"steam_heated":false},"type":"Feature"},{"geometry":{"coordinates":[-73.889378,40.952593],"type":"Point"},"properties":{"area_m2":201.81230591237545,"area_source":"osm","cat":"pool","demand_kwh":80724.92236495018,"demand_source":"footprint_estimate","id":"s_upstate_00034","in_steam":false,"in_uten":false,"name":"Unnamed pool","region":"upstate","sources":["osm_overpass"],"steam_heated":false},"type":"Feature"},{"geometry":{"coordinates":[-73.848775,40.954476],"type":"Point"},"properties":{"area_m2":null,"area_source":"none","cat":"hotel","demand_kwh":1500000.0,"demand_source":"category_default","id":"s_upstate_00035","in_steam":false,"in_uten":false,"name":"Hampton Inn & Suites","region":"upstate","sources":["osm_overpass"],"steam_heated":false},"type":"Feature"},{"geometry":{"coordinates":[-73.843623,40.954826],"type":"Point"},"properties":{"area_m2":48027.70844401419,"area_source":"osm","cat":"school","demand_kwh":17289975.03984511,"demand_source":"footprint_estimate","id":"s_upstate_00036","in_steam":false,"in_uten":false,"name":"Roosevelt High School - Early College Studies","region":"upstate","sources":["osm_overpass"],"steam_heated":false},"type":"Feature"},{"geometry":{"coordinates":[-73.89677,40.955295],"type":"Point"},"properties":{"area_m2":14378.86790772155,"area_source":"osm","cat":"school","demand_kwh":5176392.446779758,"demand_source":"footprint_estimate","id":"s_upstate_00037","in_steam":false,"in_uten":false,"name":"Riverside High School","region":"upstate","sources":["osm_overpass"],"steam_heated":false},"type":"Feature"},{"geometry":{"coordinates":[-73.863376,40.955472],"type":"Point"},"properties":{"area_m2":null,"area_source":"none","cat":"hotel","demand_kwh":1500000.0,"demand_source":"category_default","id":"s_upstate_00038","in_steam":false,"in_uten":false,"name":"Royal Regency Hotel","region":"upstate","sources":["osm_overpass"],"steam_heated":false},"type":"Feature"},{"geometry":{"coordinates":[-73.864896,40.955967],"type":"Point"},"properties":{"area_m2":null,"area_source":"none","cat":"hotel","demand_kwh":1500000.0,"demand_source":"category_default","id":"s_upstate_00039","in_steam":false,"in_uten":false,"name":"Ramada Yonkers","region":"upstate","sources":["osm_overpass"],"steam_heated":false},"type":"Feature"},{"geometry":{"coordinates":[-73.887269,40.96051],"type":"Point"},"properties":{"area_m2":10764.218141570687,"area_source":"osm","cat":"school","demand_kwh":3875118.5309654474,"demand_source":"footprint_estimate","id":"s_upstate_00040","in_steam":false,"in_uten":false,"name":"School 16","region":"upstate","sources":["osm_overpass"],"steam_heated":false},"type":"Feature"},{"geometry":{"coordinates":[-73.837372,40.960581],"type":"Point"},"properties":{"area_m2":23081.99353806302,"area_source":"osm","cat":"school","demand_kwh":8309517.673702687,"demand_source":"footprint_estimate","id":"s_upstate_00041","in_steam":false,"in_uten":false,"name":"Kahlil Gibran School","region":"upstate","sources":["osm_overpass"],"steam_heated":false},"type":"Feature"},{"geometry":{"coordinates":[-73.843232,40.963164],"type":"Point"},"properties":{"area_m2":37490.76890741754,"area_source":"osm","cat":"school","demand_kwh":13496676.806670316,"demand_source":"footprint_estimate","id":"s_upstate_00042","in_steam":false,"in_uten":false,"name":"Family School 32","region":"upstate","sources":["osm_overpass"],"steam_heated":false},"type":"Feature"},{"geometry":{"coordinates":[-73.877977,40.963376],"type":"Point"},"properties":{"area_m2":6844.475803820882,"area_source":"osm","cat":"school","demand_kwh":2464011.2893755175,"demand_source":"footprint_estimate","id":"s_upstate_00043","in_steam":false,"in_uten":false,"name":"Unnamed school","region":"upstate","sources":["osm_overpass"],"steam_heated":false},"type":"Feature"},{"geometry":{"coordinates":[-73.877773,40.963903],"type":"Point"},"properties":{"area_m2":42017.60404763371,"area_source":"osm","cat":"school","demand_kwh":15126337.457148135,"demand_source":"footprint_estimate","id":"s_upstate_00044","in_steam":false,"in_uten":false,"name":"Cross Hill Academy","region":"upstate","sources":["osm_overpass"],"steam_heated":false},"type":"Feature"},{"geometry":{"coordinates":[-73.841192,40.964052],"type":"Point"},"properties":{"area_m2":633.162545684725,"area_source":"osm","cat":"pool","demand_kwh":253265.01827389002,"demand_source":"footprint_estimate","id":"s_upstate_00045","in_steam":false,"in_uten":false,"name":"Unnamed pool","region":"upstate","sources":["osm_overpass"],"steam_heated":false},"type":"Feature"},{"geometry":{"coordinates":[-73.88275,40.964447],"type":"Point"},"properties":{"area_m2":150.12442777305841,"area_source":"osm","cat":"pool","demand_kwh":60049.771109223366,"demand_source":"footprint_estimate","id":"s_upstate_00046","in_steam":false,"in_uten":false,"name":"Unnamed pool","region":"upstate","sources":["osm_overpass"],"steam_heated":false},"type":"Feature"},{"geometry":{"coordinates":[-73.879913,40.965623],"type":"Point"},"properties":{"area_m2":216.77076127752662,"area_source":"osm","cat":"pool","demand_kwh":86708.30451101065,"demand_source":"footprint_estimate","id":"s_upstate_00047","in_steam":false,"in_uten":false,"name":"Unnamed pool","region":"upstate","sources":["osm_overpass"],"steam_heated":false},"type":"Feature"},{"geometry":{"coordinates":[-73.884369,40.96609],"type":"Point"},"properties":{"area_m2":133.5609892057255,"area_source":"osm","cat":"pool","demand_kwh":53424.3956822902,"demand_source":"footprint_estimate","id":"s_upstate_00048","in_steam":false,"in_uten":false,"name":"Unnamed pool","region":"upstate","sources":["osm_overpass"],"steam_heated":false},"type":"Feature"},{"geometry":{"coordinates":[-73.882342,40.966217],"type":"Point"},"properties":{"area_m2":173.97430631960742,"area_source":"osm","cat":"pool","demand_kwh":69589.72252784297,"demand_source":"footprint_estimate","id":"s_upstate_00049","in_steam":false,"in_uten":false,"name":"Unnamed pool","region":"upstate","sources":["osm_overpass"],"steam_heated":false},"type":"Feature"},{"geometry":{"coordinates":[-73.8865,40.96884],"type":"Point"},"properties":{"area_m2":56121.89209831506,"area_source":"osm","cat":"hospital","demand_kwh":70152365.12289383,"demand_source":"footprint_estimate","id":"s_upstate_00050","in_steam":false,"in_uten":false,"name":"Saint John's Riverside Hospital","region":"upstate","sources":["osm_overpass"],"steam_heated":false},"type":"Feature"},{"geometry":{"coordinates":[-73.876956,40.970728],"type":"Point"},"properties":{"area_m2":2347.164301158511,"area_source":"osm","cat":"hotel","demand_kwh":4224895.74208532,"demand_source":"footprint_estimate","id":"s_upstate_00051","in_steam":false,"in_uten":false,"name":"Hampton Inn & Suites Yonkers","region":"upstate","sources":["osm_overpass"],"steam_heated":false},"type":"Feature"},{"geometry":{"coordinates":[-73.873494,40.970794],"type":"Point"},"properties":{"area_m2":12307.166434783489,"area_source":"osm","cat":"office","demand_kwh":8861159.833044112,"demand_source":"footprint_estimate","id":"s_upstate_00052","in_steam":false,"in_uten":false,"name":"Consumer Reports","region":"upstate","sources":["osm_overpass"],"steam_heated":false},"type":"Feature"},{"geometry":{"coordinates":[-73.884958,40.971222],"type":"Point"},"properties":{"area_m2":41408.051344162785,"area_source":"osm","cat":"school","demand_kwh":14906898.483898602,"demand_source":"footprint_estimate","id":"s_upstate_00053","in_steam":false,"in_uten":false,"name":"William Boyce Thompson School","region":"upstate","sources":["osm_overpass"],"steam_heated":false},"type":"Feature"},{"geometry":{"coordinates":[-73.87953,40.97317],"type":"Point"},"properties":{"area_m2":1608.1827689930797,"area_source":"osm","cat":"hotel","demand_kwh":2894728.9841875434,"demand_source":"footprint_estimate","id":"s_upstate_00054","in_steam":false,"in_uten":false,"name":"Courtyard","region":"upstate","sources":["osm_overpass"],"steam_heated":false},"type":"Feature"},{"geometry":{"coordinates":[-73.878603,40.973202],"type":"Point"},"properties":{"area_m2":2299.9411339189974,"area_source":"osm","cat":"hotel","demand_kwh":4139894.0410541953,"demand_source":"footprint_estimate","id":"s_upstate_00055","in_steam":false,"in_uten":false,"name":"Residence Inn","region":"upstate","sources":["osm_overpass"],"steam_heated":false},"type":"Feature"},{"geometry":{"coordinates":[-73.88158,40.979149],"type":"Point"},"properties":{"area_m2":143.5321738324128,"area_source":"osm","cat":"pool","demand_kwh":57412.869532965124,"demand_source":"footprint_estimate","id":"s_upstate_00056","in_steam":false,"in_uten":false,"name":"Unnamed pool","region":"upstate","sources":["osm_overpass"],"steam_heated":false},"type":"Feature"},{"geometry":{"coordinates":[-73.880555,40.98974],"type":"Point"},"properties":{"area_m2":75.97973343357444,"area_source":"osm","cat":"pool","demand_kwh":30391.893373429775,"demand_source":"footprint_estimate","id":"s_upstate_00057","in_steam":false,"in_uten":false,"name":"Unnamed pool","region":"upstate","sources":["osm_overpass"],"steam_heated":false},"type":"Feature"},{"geometry":{"coordinates":[-73.880169,40.99035],"type":"Point"},"properties":{"area_m2":131.0209742351435,"area_source":"osm","cat":"pool","demand_kwh":52408.389694057405,"demand_source":"footprint_estimate","id":"s_upstate_00058","in_steam":false,"in_uten":false,"name":"Abandoned Swimming Pool","region":"upstate","sources":["osm_overpass"],"steam_heated":false},"type":"Feature"},{"geometry":{"coordinates":[-73.875492,40.993605],"type":"Point"},"properties":{"area_m2":16010.925297749229,"area_source":"osm","cat":"school","demand_kwh":5763933.107189722,"demand_source":"footprint_estimate","id":"s_upstate_00059","in_steam":false,"in_uten":false,"name":"Unnamed school","region":"upstate","sources":["osm_overpass"],"steam_heated":false},"type":"Feature"},{"geometry":{"coordinates":[-73.876026,40.995209],"type":"Point"},"properties":{"area_m2":32127.633722573868,"area_source":"osm","cat":"school","demand_kwh":11565948.140126593,"demand_source":"footprint_estimate","id":"s_upstate_00060","in_steam":false,"in_uten":false,"name":"Middle & High School Athletic Fields","region":"upstate","sources":["osm_overpass"],"steam_heated":false},"type":"Feature"},{"geometry":{"coordinates":[-73.917778,41.025216],"type":"Point"},"properties":{"area_m2":194.45127513632178,"area_source":"osm","cat":"pool","demand_kwh":77780.51005452871,"demand_source":"footprint_estimate","id":"s_upstate_00061","in_steam":false,"in_uten":false,"name":"Unnamed pool","region":"upstate","sources":["osm_overpass"],"steam_heated":false},"type":"Feature"},{"geometry":{"coordinates":[-73.938672,41.036367],"type":"Point"},"properties":{"area_m2":45410.17472974211,"area_source":"osm","cat":"wwtp","demand_kwh":4541017.472974211,"demand_source":"footprint_estimate","id":"s_upstate_00062","in_steam":false,"in_uten":false,"name":"Unnamed wwtp","region":"upstate","sources":["osm_overpass"],"steam_heated":false},"type":"Feature"},{"geometry":{"coordinates":[-73.948661,41.038863],"type":"Point"},"properties":{"area_m2":null,"area_source":"none","cat":"hotel","demand_kwh":1500000.0,"demand_source":"category_default","id":"s_upstate_00063","in_steam":false,"in_uten":false,"name":"Residence Inn Orangeburg Rockland/Bergen","region":"upstate","sources":["osm_overpass"],"steam_heated":false},"type":"Feature"},{"geometry":{"coordinates":[-73.937145,41.04161],"type":"Point"},"properties":{"area_m2":185876.84601362422,"area_source":"osm","cat":"university","demand_kwh":111526107.60817453,"demand_source":"footprint_estimate","id":"s_upstate_00064","in_steam":false,"in_uten":false,"name":"Saint Thomas Aquinas College","region":"upstate","sources":["osm_overpass"],"steam_heated":false},"type":"Feature"},{"geometry":{"coordinates":[-73.996737,41.044033],"type":"Point"},"properties":{"area_m2":92.85135779011762,"area_source":"osm","cat":"pool","demand_kwh":37140.54311604705,"demand_source":"footprint_estimate","id":"s_upstate_00065","in_steam":false,"in_uten":false,"name":"Unnamed pool","region":"upstate","sources":["osm_overpass"],"steam_heated":false},"type":"Feature"},{"geometry":{"coordinates":[-73.917215,41.044435],"type":"Point"},"properties":{"area_m2":46.873100351542234,"area_source":"osm","cat":"pool","demand_kwh":18749.240140616894,"demand_source":"footprint_estimate","id":"s_upstate_00066","in_steam":false,"in_uten":false,"name":"Unnamed pool","region":"upstate","sources":["osm_overpass"],"steam_heated":false},"type":"Feature"},{"geometry":{"coordinates":[-73.943792,41.045867],"type":"Point"},"properties":{"area_m2":5026.41461308056,"area_source":"osm","cat":"hotel","demand_kwh":9047546.30354501,"demand_source":"footprint_estimate","id":"s_upstate_00067","in_steam":false,"in_uten":false,"name":"Holiday Inn","region":"upstate","sources":["osm_overpass"],"steam_heated":false},"type":"Feature"},{"geometry":{"coordinates":[-73.969044,41.046679],"type":"Point"},"properties":{"area_m2":null,"area_source":"none","cat":"hospital","demand_kwh":8000000.0,"demand_source":"category_default","id":"s_upstate_00068","in_steam":false,"in_uten":false,"name":"Rockland Children's Psychiatric Center","region":"upstate","sources":["osm_overpass"],"steam_heated":false},"type":"Feature"},{"geometry":{"coordinates":[-74.00156,41.048397],"type":"Point"},"properties":{"area_m2":5380.756435633637,"area_source":"osm","cat":"hotel","demand_kwh":9685361.584140547,"demand_source":"footprint_estimate","id":"s_upstate_00069","in_steam":false,"in_uten":false,"name":"Hilton Pearl River","region":"upstate","sources":["osm_overpass"],"steam_heated":false},"type":"Feature"},{"geometry":{"coordinates":[-73.918978,41.048456],"type":"Point"},"properties":{"area_m2":49.67565809376538,"area_source":"osm","cat":"pool","demand_kwh":19870.26323750615,"demand_source":"footprint_estimate","id":"s_upstate_00070","in_steam":false,"in_uten":false,"name":"Unnamed pool","region":"upstate","sources":["osm_overpass"],"steam_heated":false},"type":"Feature"},{"geometry":{"coordinates":[-73.967704,41.049287],"type":"Point"},"properties":{"area_m2":null,"area_source":"none","cat":"hospital","demand_kwh":8000000.0,"demand_source":"category_default","id":"s_upstate_00071","in_steam":false,"in_uten":false,"name":"Rockland Psychiatric Center","region":"upstate","sources":["osm_overpass"],"steam_heated":false},"type":"Feature"},{"geometry":{"coordinates":[-74.001275,41.051529],"type":"Point"},"properties":{"area_m2":6564.376131549478,"area_source":"osm","cat":"school","demand_kwh":2363175.407357812,"demand_source":"footprint_estimate","id":"s_upstate_00072","in_steam":false,"in_uten":false,"name":"Pearl River Middle School","region":"upstate","sources":["osm_overpass"],"steam_heated":false},"type":"Feature"},{"geometry":{"coordinates":[-73.954465,41.053232],"type":"Point"},"properties":{"area_m2":266355.5599098655,"area_source":"osm","cat":"university","demand_kwh":159813335.9459193,"demand_source":"footprint_estimate","id":"s_upstate_00073","in_steam":false,"in_uten":false,"name":"Dominican College","region":"upstate","sources":["osm_overpass"],"steam_heated":false},"type":"Feature"},{"geometry":{"coordinates":[-73.969351,41.06193],"type":"Point"},"properties":{"area_m2":11124.974535662332,"area_source":"osm","cat":"school","demand_kwh":4004990.8328384394,"demand_source":"footprint_estimate","id":"s_upstate_00074","in_steam":false,"in_uten":false,"name":"South Orangetown Middle School","region":"upstate","sources":["osm_overpass"],"steam_heated":false},"type":"Feature"},{"geometry":{"coordinates":[-73.992628,41.064299],"type":"Point"},"properties":{"area_m2":684.2135109528899,"area_source":"osm","cat":"pool","demand_kwh":273685.40438115597,"demand_source":"footprint_estimate","id":"s_upstate_00075","in_steam":false,"in_uten":false,"name":"Unnamed pool","region":"upstate","sources":["osm_overpass"],"steam_heated":false},"type":"Feature"},{"geometry":{"coordinates":[-73.918465,41.075734],"type":"Point"},"properties":{"area_m2":193.53145567327738,"area_source":"osm","cat":"pool","demand_kwh":77412.58226931095,"demand_source":"footprint_estimate","id":"s_upstate_00076","in_steam":false,"in_uten":false,"name":"Unnamed pool","region":"upstate","sources":["osm_overpass"],"steam_heated":false},"type":"Feature"},{"geometry":{"coordinates":[-73.92082,41.078823],"type":"Point"},"properties":{"area_m2":63.13221266574692,"area_source":"osm","cat":"pool","demand_kwh":25252.885066298768,"demand_source":"footprint_estimate","id":"s_upstate_00077","in_steam":false,"in_uten":false,"name":"Unnamed pool","region":"upstate","sources":["osm_overpass"],"steam_heated":false},"type":"Feature"},{"geometry":{"coordinates":[-73.924489,41.082132],"type":"Point"},"properties":{"area_m2":44.46421687921975,"area_source":"osm","cat":"pool","demand_kwh":17785.6867516879,"demand_source":"footprint_estimate","id":"s_upstate_00078","in_steam":false,"in_uten":false,"name":"Unnamed pool","region":"upstate","sources":["osm_overpass"],"steam_heated":false},"type":"Feature"},{"geometry":{"coordinates":[-73.999222,41.083132],"type":"Point"},"properties":{"area_m2":4837.025564070325,"area_source":"osm","cat":"pool","demand_kwh":1934810.2256281301,"demand_source":"footprint_estimate","id":"s_upstate_00079","in_steam":false,"in_uten":false,"name":"Unnamed pool","region":"upstate","sources":["osm_overpass"],"steam_heated":false},"type":"Feature"},{"geometry":{"coordinates":[-73.926972,41.084963],"type":"Point"},"properties":{"area_m2":49.37772250600392,"area_source":"osm","cat":"pool","demand_kwh":19751.089002401568,"demand_source":"footprint_estimate","id":"s_upstate_00080","in_steam":false,"in_uten":false,"name":"Unnamed pool","region":"upstate","sources":["osm_overpass"],"steam_heated":false},"type":"Feature"},{"geometry":{"coordinates":[-73.929685,41.085361],"type":"Point"},"properties":{"area_m2":190512.2929908624,"area_source":"osm","cat":"university","demand_kwh":114307375.79451743,"demand_source":"footprint_estimate","id":"s_upstate_00081","in_steam":false,"in_uten":false,"name":"Unnamed university","region":"upstate","sources":["osm_overpass"],"steam_heated":false},"type":"Feature"},{"geometry":{"coordinates":[-74.005166,41.086131],"type":"Point"},"properties":{"area_m2":7020.283923314884,"area_source":"osm","cat":"school","demand_kwh":2527302.2123933583,"demand_source":"footprint_estimate","id":"s_upstate_00082","in_steam":false,"in_uten":false,"name":"George W Miller Elementary School","region":"upstate","sources":["osm_overpass"],"steam_heated":false},"type":"Feature"},{"geometry":{"coordinates":[-74.001404,41.087394],"type":"Point"},"properties":{"area_m2":9049.295360045042,"area_source":"osm","cat":"school","demand_kwh":3257746.329616215,"demand_source":"footprint_estimate","id":"s_upstate_00083","in_steam":false,"in_uten":false,"name":"Nanuet Senior High School","region":"upstate","sources":["osm_overpass"],"steam_heated":false},"type":"Feature"},{"geometry":{"coordinates":[-73.995159,41.090225],"type":"Point"},"properties":{"area_m2":null,"area_source":"none","cat":"hotel","demand_kwh":1500000.0,"demand_source":"category_default","id":"s_upstate_00084","in_steam":false,"in_uten":false,"name":"DoubleTree","region":"upstate","sources":["osm_overpass"],"steam_heated":false},"type":"Feature"},{"geometry":{"coordinates":[-73.975446,41.093055],"type":"Point"},"properties":{"area_m2":33383.24895768985,"area_source":"osm","cat":"school","demand_kwh":12017969.624768347,"demand_source":"footprint_estimate","id":"s_upstate_00085","in_steam":false,"in_uten":false,"name":"West Nyack Elementary School","region":"upstate","sources":["osm_overpass"],"steam_heated":false},"type":"Feature"},{"geometry":{"coordinates":[-73.949752,41.09664],"type":"Point"},"properties":{"area_m2":2559.8192211482383,"area_source":"osm","cat":"hotel","demand_kwh":4607674.598066829,"demand_source":"footprint_estimate","id":"s_upstate_00086","in_steam":false,"in_uten":false,"name":"Tappan Zee Hotel","region":"upstate","sources":["osm_overpass"],"steam_heated":false},"type":"Feature"},{"geometry":{"coordinates":[-73.724133,42.611972],"type":"Point"},"properties":{"area_m2":13343.755748290569,"area_source":"osm","cat":"office","demand_kwh":9607504.13876921,"demand_source":"footprint_estimate","id":"s_upstate_00087","in_steam":false,"in_uten":false,"name":"General Dynamics (GDIT)","region":"upstate","sources":["osm_overpass"],"steam_heated":false},"type":"Feature"},{"geometry":{"coordinates":[-73.782802,42.620424],"type":"Point"},"properties":{"area_m2":5614.551365636289,"area_source":"osm","cat":"hotel","demand_kwh":10106192.45814532,"demand_source":"footprint_estimate","id":"s_upstate_00088","in_steam":false,"in_uten":false,"name":"Quality Inn","region":"upstate","sources":["osm_overpass"],"steam_heated":false},"type":"Feature"},{"geometry":{"coordinates":[-73.724554,42.621835],"type":"Point"},"properties":{"area_m2":38415.74249249764,"area_source":"osm","cat":"school","demand_kwh":13829667.297299149,"demand_source":"footprint_estimate","id":"s_upstate_00089","in_steam":false,"in_uten":false,"name":"Red Mill Elementary","region":"upstate","sources":["osm_overpass"],"steam_heated":false},"type":"Feature"},{"geometry":{"coordinates":[-73.778492,42.622314],"type":"Point"},"properties":{"area_m2":4872.416663510725,"area_source":"osm","cat":"hotel","demand_kwh":8770349.994319305,"demand_source":"footprint_estimate","id":"s_upstate_00090","in_steam":false,"in_uten":false,"name":"Comfort Inn Glenmont - Albany South","region":"upstate","sources":["osm_overpass"],"steam_heated":false},"type":"Feature"},{"geometry":{"coordinates":[-73.702338,42.624676],"type":"Point"},"properties":{"area_m2":1778.1020631868741,"area_source":"osm","cat":"hotel","demand_kwh":1280233.4854945494,"demand_source":"footprint_estimate","id":"s_upstate_00091","in_steam":false,"in_uten":false,"name":"Hampton Inn & Suites Albany-East Greenbush","region":"upstate","sources":["osm_overpass"],"steam_heated":false},"type":"Feature"},{"geometry":{"coordinates":[-73.698944,42.62549],"type":"Point"},"properties":{"area_m2":1060.3818930312991,"area_source":"osm","cat":"hotel","demand_kwh":1908687.4074563384,"demand_source":"footprint_estimate","id":"s_upstate_00092","in_steam":false,"in_uten":false,"name":"Fairfield Inn & Suites Albany East Greenbush","region":"upstate","sources":["osm_overpass"],"steam_heated":false},"type":"Feature"},{"geometry":{"coordinates":[-73.742309,42.626847],"type":"Point"},"properties":{"area_m2":12868.520687557757,"area_source":"osm","cat":"wwtp","demand_kwh":1286852.0687557757,"demand_source":"footprint_estimate","id":"s_upstate_00093","in_steam":false,"in_uten":false,"name":"East Greenbush Sewage Plant","region":"upstate","sources":["osm_overpass"],"steam_heated":false},"type":"Feature"},{"geometry":{"coordinates":[-73.739012,42.628083],"type":"Point"},"properties":{"area_m2":203909.1201247424,"area_source":"osm","cat":"university","demand_kwh":122345472.07484543,"demand_source":"footprint_estimate","id":"s_upstate_00094","in_steam":false,"in_uten":false,"name":"University at Albany Health Sciences Campus","region":"upstate","sources":["osm_overpass"],"steam_heated":false},"type":"Feature"},{"geometry":{"coordinates":[-73.765745,42.629066],"type":"Point"},"properties":{"area_m2":4517.487144172192,"area_source":"osm","cat":"office","demand_kwh":3252590.743803978,"demand_source":"footprint_estimate","id":"s_upstate_00095","in_steam":false,"in_uten":false,"name":"Center for Disability Services - Adult Services","region":"upstate","sources":["osm_overpass"],"steam_heated":false},"type":"Feature"},{"geometry":{"coordinates":[-73.774677,42.629624],"type":"Point"},"properties":{"area_m2":1542.8843583911657,"area_source":"osm","cat":"hotel","demand_kwh":2777191.8451040983,"demand_source":"footprint_estimate","id":"s_upstate_00096","in_steam":false,"in_uten":false,"name":"Four Points by Sheraton Albany","region":"upstate","sources":["osm_overpass"],"steam_heated":false},"type":"Feature"},{"geometry":{"coordinates":[-73.777956,42.629651],"type":"Point"},"properties":{"area_m2":3692.897264885716,"area_source":"osm","cat":"office","demand_kwh":1329443.0153588578,"demand_source":"footprint_estimate","id":"s_upstate_00097","in_steam":false,"in_uten":false,"name":"New York State Thruway Authority","region":"upstate","sources":["osm_overpass"],"steam_heated":false},"type":"Feature"},{"geometry":{"coordinates":[-73.760889,42.630199],"type":"Point"},"properties":{"area_m2":137708.12215967476,"area_source":"osm","cat":"wwtp","demand_kwh":13770812.215967476,"demand_source":"footprint_estimate","id":"s_upstate_00098","in_steam":false,"in_uten":false,"name":"Albany County Water Purification District South Plant","region":"upstate","sources":["osm_overpass"],"steam_heated":false},"type":"Feature"},{"geometry":{"coordinates":[-73.807989,42.630311],"type":"Point"},"properties":{"area_m2":3225.7503326879814,"area_source":"osm","cat":"office","demand_kwh":2322540.2395353466,"demand_source":"footprint_estimate","id":"s_upstate_00099","in_steam":false,"in_uten":false,"name":"Albany Medical Center: Corporate Finance","region":"upstate","sources":["osm_overpass"],"steam_heated":false},"type":"Feature"},{"geometry":{"coordinates":[-73.698229,42.630481],"type":"Point"},"properties":{"area_m2":2383.711114023463,"area_source":"osm","cat":"hotel","demand_kwh":4290680.005242233,"demand_source":"footprint_estimate","id":"s_upstate_00100","in_steam":false,"in_uten":false,"name":"Residence Inn Albany East Greenbush/Tech Valley","region":"upstate","sources":["osm_overpass"],"steam_heated":false},"type":"Feature"},{"geometry":{"coordinates":[-73.774683,42.631818],"type":"Point"},"properties":{"area_m2":3476.1703190244734,"area_source":"osm","cat":"office","demand_kwh":2502842.629697621,"demand_source":"footprint_estimate","id":"s_upstate_00101","in_steam":false,"in_uten":false,"name":"New York State Thruway Authority","region":"upstate","sources":["osm_overpass"],"steam_heated":false},"type":"Feature"},{"geometry":{"coordinates":[-73.701776,42.632321],"type":"Point"},"properties":{"area_m2":1534.908047801815,"area_source":"osm","cat":"hotel","demand_kwh":2762834.486043267,"demand_source":"footprint_estimate","id":"s_upstate_00102","in_steam":false,"in_uten":false,"name":"Holiday Inn Express & Suites East Greenbush(Albany-Skyline)","region":"upstate","sources":["osm_overpass"],"steam_heated":false},"type":"Feature"},{"geometry":{"coordinates":[-73.750161,42.633012],"type":"Point"},"properties":{"area_m2":4165.37640465796,"area_source":"osm","cat":"wwtp","demand_kwh":416537.640465796,"demand_source":"footprint_estimate","id":"s_upstate_00103","in_steam":false,"in_uten":false,"name":"Unnamed wwtp","region":"upstate","sources":["osm_overpass"],"steam_heated":false},"type":"Feature"},{"geometry":{"coordinates":[-73.765725,42.636862],"type":"Point"},"properties":{"area_m2":9284.97271694243,"area_source":"osm","cat":"school","demand_kwh":3342590.1780992746,"demand_source":"footprint_estimate","id":"s_upstate_00104","in_steam":false,"in_uten":false,"name":"KIPP Albany Community Charter Elementary School","region":"upstate","sources":["osm_overpass"],"steam_heated":false},"type":"Feature"},{"geometry":{"coordinates":[-73.756027,42.641113],"type":"Point"},"properties":{"area_m2":15105.728621220216,"area_source":"osm","cat":"school","demand_kwh":5438062.303639278,"demand_source":"footprint_estimate","id":"s_upstate_00105","in_steam":false,"in_uten":false,"name":"Giffen Memorial Elementary School","region":"upstate","sources":["osm_overpass"],"steam_heated":false},"type":"Feature"},{"geometry":{"coordinates":[-73.778492,42.641379],"type":"Point"},"properties":{"area_m2":5175.213436495513,"area_source":"osm","cat":"school","demand_kwh":1863076.8371383846,"demand_source":"footprint_estimate","id":"s_upstate_00106","in_steam":false,"in_uten":false,"name":"Delaware Community School","region":"upstate","sources":["osm_overpass"],"steam_heated":false},"type":"Feature"},{"geometry":{"coordinates":[-73.769691,42.64151],"type":"Point"},"properties":{"area_m2":19760.04553040117,"area_source":"osm","cat":"school","demand_kwh":7113616.390944421,"demand_source":"footprint_estimate","id":"s_upstate_00107","in_steam":false,"in_uten":false,"name":"KIPP Albany Community Charter Middle School","region":"upstate","sources":["osm_overpass"],"steam_heated":false},"type":"Feature"},{"geometry":{"coordinates":[-73.789792,42.641614],"type":"Point"},"properties":{"area_m2":15215.108282265952,"area_source":"osm","cat":"school","demand_kwh":5477438.981615743,"demand_source":"footprint_estimate","id":"s_upstate_00108","in_steam":false,"in_uten":false,"name":"Albany School of Humanities","region":"upstate","sources":["osm_overpass"],"steam_heated":false},"type":"Feature"},{"geometry":{"coordinates":[-73.755848,42.641928],"type":"Point"},"properties":{"area_m2":4267.366342607886,"area_source":"osm","cat":"office","demand_kwh":3072503.7666776776,"demand_source":"footprint_estimate","id":"s_upstate_00109","in_steam":false,"in_uten":false,"name":"Unnamed office","region":"upstate","sources":["osm_overpass"],"steam_heated":false},"type":"Feature"},{"geometry":{"coordinates":[-73.795508,42.642646],"type":"Point"},"properties":{"area_m2":70987.69146814523,"area_source":"osm","cat":"school","demand_kwh":25555568.928532284,"demand_source":"footprint_estimate","id":"s_upstate_00110","in_steam":false,"in_uten":false,"name":"Stephen and Harriet Myers Middle School","region":"upstate","sources":["osm_overpass"],"steam_heated":false},"type":"Feature"},{"geometry":{"coordinates":[-73.770165,42.64279],"type":"Point"},"properties":{"area_m2":43749.56908935215,"area_source":"osm","cat":"school","demand_kwh":15749844.872166775,"demand_source":"footprint_estimate","id":"s_upstate_00111","in_steam":false,"in_uten":false,"name":"Green Tech High Charter School","region":"upstate","sources":["osm_overpass"],"steam_heated":false},"type":"Feature"},{"geometry":{"coordinates":[-73.758856,42.643499],"type":"Point"},"properties":{"area_m2":209.2585316002369,"area_source":"osm","cat":"greenhouse","demand_kwh":73240.48606008291,"demand_source":"footprint_estimate","id":"s_upstate_00112","in_steam":false,"in_uten":false,"name":"Unnamed greenhouse","region":"upstate","sources":["osm_overpass"],"steam_heated":false},"type":"Feature"},{"geometry":{"coordinates":[-73.783842,42.645109],"type":"Point"},"properties":{"area_m2":68534.24264837662,"area_source":"osm","cat":"school","demand_kwh":24672327.353415582,"demand_source":"footprint_estimate","id":"s_upstate_00113","in_steam":false,"in_uten":false,"name":"Albany Academy for Girls","region":"upstate","sources":["osm_overpass"],"steam_heated":false},"type":"Feature"},{"geometry":{"coordinates":[-73.772406,42.646249],"type":"Point"},"properties":{"area_m2":1102.5486591272056,"area_source":"osm","cat":"hotel","demand_kwh":1389211.310500279,"demand_source":"footprint_estimate","id":"s_upstate_00114","in_steam":false,"in_uten":false,"name":"TownePlace Suites Albany Downtown/Medical Center","region":"upstate","sources":["osm_overpass"],"steam_heated":false},"type":"Feature"},{"geometry":{"coordinates":[-73.788607,42.646318],"type":"Point"},"properties":{"area_m2":null,"area_source":"none","cat":"pool","demand_kwh":500000.0,"demand_source":"category_default","id":"s_upstate_00115","in_steam":false,"in_uten":false,"name":"Standish Pool","region":"upstate","sources":["osm_overpass"],"steam_heated":false},"type":"Feature"},{"geometry":{"coordinates":[-73.772582,42.646524],"type":"Point"},"properties":{"area_m2":null,"area_source":"none","cat":"pool","demand_kwh":500000.0,"demand_source":"category_default","id":"s_upstate_00116","in_steam":false,"in_uten":false,"name":"Unnamed pool","region":"upstate","sources":["osm_overpass"],"steam_heated":false},"type":"Feature"},{"geometry":{"coordinates":[-73.777132,42.646565],"type":"Point"},"properties":{"area_m2":8819.967149339616,"area_source":"osm","cat":"school","demand_kwh":3175188.173762262,"demand_source":"footprint_estimate","id":"s_upstate_00117","in_steam":false,"in_uten":false,"name":"Albany Leadership Charter School for Girls High School","region":"upstate","sources":["osm_overpass"],"steam_heated":false},"type":"Feature"},{"geometry":{"coordinates":[-73.765001,42.646584],"type":"Point"},"properties":{"area_m2":16665.869106379803,"area_source":"osm","cat":"pool","demand_kwh":6666347.642551921,"demand_source":"footprint_estimate","id":"s_upstate_00118","in_steam":false,"in_uten":false,"name":"Lincoln Park Pool","region":"upstate","sources":["osm_overpass"],"steam_heated":false},"type":"Feature"},{"geometry":{"coordinates":[-73.78795,42.647002],"type":"Point"},"properties":{"area_m2":115028.06329831108,"area_source":"osm","cat":"school","demand_kwh":41410102.78739199,"demand_source":"footprint_estimate","id":"s_upstate_00119","in_steam":false,"in_uten":false,"name":"Albany Academy for Boys","region":"upstate","sources":["osm_overpass"],"steam_heated":false},"type":"Feature"},{"geometry":{"coordinates":[-73.767349,42.647054],"type":"Point"},"properties":{"area_m2":4147.159125695704,"area_source":"osm","cat":"wwtp","demand_kwh":414715.91256957036,"demand_source":"footprint_estimate","id":"s_upstate_00120","in_steam":false,"in_uten":false,"name":"Unnamed wwtp","region":"upstate","sources":["osm_overpass"],"steam_heated":false},"type":"Feature"},{"geometry":{"coordinates":[-73.768892,42.64739],"type":"Point"},"properties":{"area_m2":23449.39313879609,"area_source":"osm","cat":"school","demand_kwh":8441781.529966593,"demand_source":"footprint_estimate","id":"s_upstate_00121","in_steam":false,"in_uten":false,"name":"Thomas S. O'Brien Academy of Science and Technology","region":"upstate","sources":["osm_overpass"],"steam_heated":false},"type":"Feature"},{"geometry":{"coordinates":[-73.774189,42.647767],"type":"Point"},"properties":{"area_m2":3062.5656320899725,"area_source":"osm","cat":"office","demand_kwh":2205047.25510478,"demand_source":"footprint_estimate","id":"s_upstate_00122","in_steam":false,"in_uten":false,"name":"New York State Office of Mental Health","region":"upstate","sources":["osm_overpass"],"steam_heated":false},"type":"Feature"},{"geometry":{"coordinates":[-73.707411,42.648257],"type":"Point"},"properties":{"area_m2":6880.799759007059,"area_source":"osm","cat":"office","demand_kwh":2477087.9132425413,"demand_source":"footprint_estimate","id":"s_upstate_00123","in_steam":false,"in_uten":false,"name":"New York Independent System Operator","region":"upstate","sources":["osm_overpass"],"steam_heated":false},"type":"Feature"},{"geometry":{"coordinates":[-73.807385,42.648531],"type":"Point"},"properties":{"area_m2":null,"area_source":"none","cat":"pool","demand_kwh":500000.0,"demand_source":"category_default","id":"s_upstate_00124","in_steam":false,"in_uten":false,"name":"Albany Jewish Community Center Pool","region":"upstate","sources":["osm_overpass"],"steam_heated":false},"type":"Feature"},{"geometry":{"coordinates":[-73.752532,42.649183],"type":"Point"},"properties":{"area_m2":528.4291581138968,"area_source":"osm","cat":"hotel","demand_kwh":856055.2361445129,"demand_source":"footprint_estimate","id":"s_upstate_00125","in_steam":false,"in_uten":false,"name":"Fairfield Inn & Suites Albany Downtown","region":"upstate","sources":["osm_overpass"],"steam_heated":false},"type":"Feature"},{"geometry":{"coordinates":[-73.770105,42.649905],"type":"Point"},"properties":{"area_m2":null,"area_source":"none","cat":"pool","demand_kwh":500000.0,"demand_source":"category_default","id":"s_upstate_00126","in_steam":false,"in_uten":false,"name":"William S. Hackett Middle School Pool","region":"upstate","sources":["osm_overpass"],"steam_heated":false},"type":"Feature"},{"geometry":{"coordinates":[-73.770075,42.649989],"type":"Point"},"properties":{"area_m2":31733.928178429604,"area_source":"osm","cat":"school","demand_kwh":11424214.144234657,"demand_source":"footprint_estimate","id":"s_upstate_00127","in_steam":false,"in_uten":false,"name":"William S. Hackett Middle School","region":"upstate","sources":["osm_overpass"],"steam_heated":false},"type":"Feature"},{"geometry":{"coordinates":[-73.755699,42.65064],"type":"Point"},"properties":{"area_m2":1644.7252953168936,"area_source":"osm","cat":"hotel","demand_kwh":3552606.63788449,"demand_source":"footprint_estimate","id":"s_upstate_00128","in_steam":false,"in_uten":false,"name":"Renaissance Albany Hotel","region":"upstate","sources":["osm_overpass"],"steam_heated":false},"type":"Feature"},{"geometry":{"coordinates":[-73.753201,42.650711],"type":"Point"},"properties":{"area_m2":3702.1178382653743,"area_source":"osm","cat":"hotel","demand_kwh":11328480.585092045,"demand_source":"footprint_estimate","id":"s_upstate_00129","in_steam":false,"in_uten":false,"name":"Hilton Albany","region":"upstate","sources":["osm_overpass"],"steam_heated":false},"type":"Feature"},{"geometry":{"coordinates":[-73.773027,42.650829],"type":"Point"},"properties":{"area_m2":97908.8605327066,"area_source":"osm","cat":"hospital","demand_kwh":122386075.66588326,"demand_source":"footprint_estimate","id":"s_upstate_00130","in_steam":false,"in_uten":false,"name":"Samuel S. Stratton Veterans Affairs Medical Center","region":"upstate","sources":["osm_overpass"],"steam_heated":false},"type":"Feature"},{"geometry":{"coordinates":[-73.752889,42.650833],"type":"Point"},"properties":{"area_m2":null,"area_source":"none","cat":"pool","demand_kwh":500000.0,"demand_source":"category_default","id":"s_upstate_00131","in_steam":false,"in_uten":false,"name":"Unnamed pool","region":"upstate","sources":["osm_overpass"],"steam_heated":false},"type":"Feature"},{"geometry":{"coordinates":[-73.777516,42.650922],"type":"Point"},"properties":{"area_m2":33991.57705776766,"area_source":"osm","cat":"university","demand_kwh":20394946.234660596,"demand_source":"footprint_estimate","id":"s_upstate_00132","in_steam":false,"in_uten":false,"name":"Albany Law School","region":"upstate","sources":["osm_overpass"],"steam_heated":false},"type":"Feature"},{"geometry":{"coordinates":[-73.779769,42.651582],"type":"Point"},"properties":{"area_m2":3939.2566669909284,"area_source":"osm","cat":"office","demand_kwh":2127198.6001751013,"demand_source":"footprint_estimate","id":"s_upstate_00133","in_steam":false,"in_uten":false,"name":"David Axelrod Institute Wadsworth Center","region":"upstate","sources":["osm_overpass"],"steam_heated":false},"type":"Feature"},{"geometry":{"coordinates":[-73.783274,42.651618],"type":"Point"},"properties":{"area_m2":74805.0009701699,"area_source":"osm","cat":"university","demand_kwh":44883000.58210194,"demand_source":"footprint_estimate","id":"s_upstate_00134","in_steam":false,"in_uten":false,"name":"Russell Sage College Albany Campus","region":"upstate","sources":["osm_overpass"],"steam_heated":false},"type":"Feature"},{"geometry":{"coordinates":[-73.776057,42.652121],"type":"Point"},"properties":{"area_m2":null,"area_source":"none","cat":"pool","demand_kwh":500000.0,"demand_source":"category_default","id":"s_upstate_00135","in_steam":false,"in_uten":false,"name":"Unnamed pool","region":"upstate","sources":["osm_overpass"],"steam_heated":false},"type":"Feature"},{"geometry":{"coordinates":[-73.776298,42.652197],"type":"Point"},"properties":{"area_m2":1914.8545339400007,"area_source":"osm","cat":"hotel","demand_kwh":3446738.161092001,"demand_source":"footprint_estimate","id":"s_upstate_00136","in_steam":false,"in_uten":false,"name":"Hilton Garden Inn Albany Medical Center","region":"upstate","sources":["osm_overpass"],"steam_heated":false},"type":"Feature"},{"geometry":{"coordinates":[-73.748805,42.652476],"type":"Point"},"properties":{"area_m2":4364.370221910998,"area_source":"osm","cat":"office","demand_kwh":5106313.159635868,"demand_source":"footprint_estimate","id":"s_upstate_00137","in_steam":false,"in_uten":false,"name":"625 Broadway","region":"upstate","sources":["osm_overpass"],"steam_heated":false},"type":"Feature"},{"geometry":{"coordinates":[-73.759299,42.652551],"type":"Point"},"properties":{"area_m2":6280.400309294462,"area_source":"osm","cat":"office","demand_kwh":4521888.222692013,"demand_source":"footprint_estimate","id":"s_upstate_00138","in_steam":false,"in_uten":false,"name":"Legislative Office Building","region":"upstate","sources":["osm_overpass"],"steam_heated":false},"type":"Feature"},{"geometry":{"coordinates":[-73.721406,42.653461],"type":"Point"},"properties":{"area_m2":111093.70429087617,"area_source":"osm","cat":"school","demand_kwh":39993733.54471542,"demand_source":"footprint_estimate","id":"s_upstate_00139","in_steam":false,"in_uten":false,"name":"Rensselaer City School District","region":"upstate","sources":["osm_overpass"],"steam_heated":false},"type":"Feature"},{"geometry":{"coordinates":[-73.751638,42.653467],"type":"Point"},"properties":{"area_m2":1292.7039392963052,"area_source":"osm","cat":"hotel","demand_kwh":2326867.0907333493,"demand_source":"footprint_estimate","id":"s_upstate_00140","in_steam":false,"in_uten":false,"name":"Hampton Inn & Suites Albany - Downtown","region":"upstate","sources":["osm_overpass"],"steam_heated":false},"type":"Feature"},{"geometry":{"coordinates":[-73.757481,42.654021],"type":"Point"},"properties":{"area_m2":7989.60124793835,"area_source":"osm","cat":"office","demand_kwh":3595320.5615722574,"demand_source":"footprint_estimate","id":"s_upstate_00141","in_steam":false,"in_uten":false,"name":"New York State Education Department Building","region":"upstate","sources":["osm_overpass"],"steam_heated":false},"type":"Feature"},{"geometry":{"coordinates":[-73.747735,42.654069],"type":"Point"},"properties":{"area_m2":null,"area_source":"none","cat":"brewery","demand_kwh":600000.0,"demand_source":"category_default","id":"s_upstate_00142","in_steam":false,"in_uten":false,"name":"Common Roots Albany Outpost","region":"upstate","sources":["osm_overpass"],"steam_heated":false},"type":"Feature"},{"geometry":{"coordinates":[-73.779959,42.654244],"type":"Point"},"properties":{"area_m2":69451.28349239379,"area_source":"osm","cat":"hospital","demand_kwh":86814104.36549224,"demand_source":"footprint_estimate","id":"s_upstate_00143","in_steam":false,"in_uten":false,"name":"Capital District Psychiatric Center","region":"upstate","sources":["osm_overpass"],"steam_heated":false},"type":"Feature"},{"geometry":{"coordinates":[-73.792643,42.654417],"type":"Point"},"properties":{"area_m2":9033.965303637087,"area_source":"osm","cat":"school","demand_kwh":3252227.5093093514,"demand_source":"footprint_estimate","id":"s_upstate_00144","in_steam":false,"in_uten":false,"name":"New Scotland Elementary","region":"upstate","sources":["osm_overpass"],"steam_heated":false},"type":"Feature"},{"geometry":{"coordinates":[-73.747559,42.654626],"type":"Point"},"properties":{"area_m2":1278.1482170447707,"area_source":"osm","cat":"hotel","demand_kwh":1610466.753476411,"demand_source":"footprint_estimate","id":"s_upstate_00145","in_steam":false,"in_uten":false,"name":"Hyatt Place Albany/Downtown","region":"upstate","sources":["osm_overpass"],"steam_heated":false},"type":"Feature"},{"geometry":{"coordinates":[-73.804579,42.655347],"type":"Point"},"properties":{"area_m2":130022.10110818967,"area_source":"osm","cat":"hospital","demand_kwh":162527626.3852371,"demand_source":"footprint_estimate","id":"s_upstate_00146","in_steam":false,"in_uten":false,"name":"Saint Peter's Hospital","region":"upstate","sources":["osm_overpass"],"steam_heated":false},"type":"Feature"},{"geometry":{"coordinates":[-73.814125,42.657017],"type":"Point"},"properties":{"area_m2":19463.440204508603,"area_source":"osm","cat":"school","demand_kwh":7006838.473623097,"demand_source":"footprint_estimate","id":"s_upstate_00147","in_steam":false,"in_uten":false,"name":"Mater Christi School","region":"upstate","sources":["osm_overpass"],"steam_heated":false},"type":"Feature"},{"geometry":{"coordinates":[-73.806637,42.657614],"type":"Point"},"properties":{"area_m2":47639.44293528795,"area_source":"osm","cat":"university","demand_kwh":28583665.76117277,"demand_source":"footprint_estimate","id":"s_upstate_00148","in_steam":false,"in_uten":false,"name":"Maria College","region":"upstate","sources":["osm_overpass"],"steam_heated":false},"type":"Feature"},{"geometry":{"coordinates":[-73.807636,42.658306],"type":"Point"},"properties":{"area_m2":null,"area_source":"none","cat":"university","demand_kwh":5000000.0,"demand_source":"category_default","id":"s_upstate_00149","in_steam":false,"in_uten":false,"name":"St. Peter\u2019s Hospital College of Nursing","region":"upstate","sources":["osm_overpass"],"steam_heated":false},"type":"Feature"},{"geometry":{"coordinates":[-73.773738,42.659596],"type":"Point"},"properties":{"area_m2":null,"area_source":"none","cat":"hotel","demand_kwh":1500000.0,"demand_source":"category_default","id":"s_upstate_00150","in_steam":false,"in_uten":false,"name":"The Argus Hotel","region":"upstate","sources":["osm_overpass"],"steam_heated":false},"type":"Feature"},{"geometry":{"coordinates":[-73.727532,42.659742],"type":"Point"},"properties":{"area_m2":26298.678774104046,"area_source":"osm","cat":"school","demand_kwh":9467524.358677456,"demand_source":"footprint_estimate","id":"s_upstate_00151","in_steam":false,"in_uten":false,"name":"The Doane Stuart School","region":"upstate","sources":["osm_overpass"],"steam_heated":false},"type":"Feature"},{"geometry":{"coordinates":[-73.754902,42.660608],"type":"Point"},"properties":{"area_m2":54.02299368754029,"area_source":"osm","cat":"greenhouse","demand_kwh":18908.047790639102,"demand_source":"footprint_estimate","id":"s_upstate_00152","in_steam":false,"in_uten":false,"name":"Unnamed greenhouse","region":"upstate","sources":["osm_overpass"],"steam_heated":false},"type":"Feature"},{"geometry":{"coordinates":[-73.772062,42.660717],"type":"Point"},"properties":{"area_m2":48431.87211732566,"area_source":"osm","cat":"university","demand_kwh":29059123.2703954,"demand_source":"footprint_estimate","id":"s_upstate_00153","in_steam":false,"in_uten":false,"name":"University at Albany Downtown Campus","region":"upstate","sources":["osm_overpass"],"steam_heated":false},"type":"Feature"},{"geometry":{"coordinates":[-73.757129,42.660792],"type":"Point"},"properties":{"area_m2":null,"area_source":"none","cat":"pool","demand_kwh":500000.0,"demand_source":"category_default","id":"s_upstate_00154","in_steam":false,"in_uten":false,"name":"Arbor Hill Community Center Pool","region":"upstate","sources":["osm_overpass"],"steam_heated":false},"type":"Feature"},{"geometry":{"coordinates":[-73.75713,42.661121],"type":"Point"},"properties":{"area_m2":7769.643674731255,"area_source":"osm","cat":"school","demand_kwh":2797071.7229032516,"demand_source":"footprint_estimate","id":"s_upstate_00155","in_steam":false,"in_uten":false,"name":"Edmund J. O'Neal Middle School of Excellence","region":"upstate","sources":["osm_overpass"],"steam_heated":false},"type":"Feature"},{"geometry":{"coordinates":[-73.766889,42.661626],"type":"Point"},"properties":{"area_m2":5579.751161363907,"area_source":"osm","cat":"school","demand_kwh":2008710.4180910066,"demand_source":"footprint_estimate","id":"s_upstate_00156","in_steam":false,"in_uten":false,"name":"Sheridan Preparatory Academy","region":"upstate","sources":["osm_overpass"],"steam_heated":false},"type":"Feature"},{"geometry":{"coordinates":[-73.743631,42.661778],"type":"Point"},"properties":{"area_m2":null,"area_source":"none","cat":"brewery","demand_kwh":600000.0,"demand_source":"category_default","id":"s_upstate_00157","in_steam":false,"in_uten":false,"name":"Nine Pin Cider Works","region":"upstate","sources":["osm_overpass"],"steam_heated":false},"type":"Feature"},{"geometry":{"coordinates":[-73.750246,42.662224],"type":"Point"},"properties":{"area_m2":37712.60320743173,"area_source":"osm","cat":"school","demand_kwh":13576537.154675424,"demand_source":"footprint_estimate","id":"s_upstate_00158","in_steam":false,"in_uten":false,"name":"Arbor Hill Elementary School","region":"upstate","sources":["osm_overpass"],"steam_heated":false},"type":"Feature"},{"geometry":{"coordinates":[-73.76917,42.664174],"type":"Point"},"properties":{"area_m2":6331.46540813148,"area_source":"osm","cat":"school","demand_kwh":2279327.546927333,"demand_source":"footprint_estimate","id":"s_upstate_00159","in_steam":false,"in_uten":false,"name":"Tony Clement Center for Education","region":"upstate","sources":["osm_overpass"],"steam_heated":false},"type":"Feature"},{"geometry":{"coordinates":[-73.785725,42.664188],"type":"Point"},"properties":{"area_m2":null,"area_source":"none","cat":"pool","demand_kwh":500000.0,"demand_source":"category_default","id":"s_upstate_00160","in_steam":false,"in_uten":false,"name":"Events & Athletics Center Pool","region":"upstate","sources":["osm_overpass"],"steam_heated":false},"type":"Feature"},{"geometry":{"coordinates":[-73.783415,42.664479],"type":"Point"},"properties":{"area_m2":24727.724669614807,"area_source":"osm","cat":"school","demand_kwh":8901980.88106133,"demand_source":"footprint_estimate","id":"s_upstate_00161","in_steam":false,"in_uten":false,"name":"LaSalle School","region":"upstate","sources":["osm_overpass"],"steam_heated":false},"type":"Feature"},{"geometry":{"coordinates":[-73.810755,42.665468],"type":"Point"},"properties":{"area_m2":16.61127381026745,"area_source":"osm","cat":"wwtp","demand_kwh":1661.1273810267448,"demand_source":"footprint_estimate","id":"s_upstate_00162","in_steam":false,"in_uten":false,"name":"Unnamed wwtp","region":"upstate","sources":["osm_overpass"],"steam_heated":false},"type":"Feature"},{"geometry":{"coordinates":[-73.74143,42.665895],"type":"Point"},"properties":{"area_m2":1696.1798721151426,"area_source":"osm","cat":"brewery","demand_kwh":678471.948846057,"demand_source":"footprint_estimate","id":"s_upstate_00163","in_steam":false,"in_uten":false,"name":"Druthers","region":"upstate","sources":["osm_overpass"],"steam_heated":false},"type":"Feature"},{"geometry":{"coordinates":[-73.782815,42.666262],"type":"Point"},"properties":{"area_m2":111826.94797590468,"area_source":"osm","cat":"school","demand_kwh":40257701.271325685,"demand_source":"footprint_estimate","id":"s_upstate_00164","in_steam":false,"in_uten":false,"name":"Albany High School","region":"upstate","sources":["osm_overpass"],"steam_heated":false},"type":"Feature"},{"geometry":{"coordinates":[-73.7433,42.667125],"type":"Point"},"properties":{"area_m2":1417.278292298317,"area_source":"osm","cat":"brewery","demand_kwh":566911.3169193268,"demand_source":"footprint_estimate","id":"s_upstate_00165","in_steam":false,"in_uten":false,"name":"Fort Orange Brewing","region":"upstate","sources":["osm_overpass"],"steam_heated":false},"type":"Feature"},{"geometry":{"coordinates":[-73.790516,42.667286],"type":"Point"},"properties":{"area_m2":6273.528190888464,"area_source":"osm","cat":"school","demand_kwh":2258470.148719847,"demand_source":"footprint_estimate","id":"s_upstate_00166","in_steam":false,"in_uten":false,"name":"Pine Hills Elementary School","region":"upstate","sources":["osm_overpass"],"steam_heated":false},"type":"Feature"},{"geometry":{"coordinates":[-73.755667,42.668008],"type":"Point"},"properties":{"area_m2":13335.643611382693,"area_source":"osm","cat":"school","demand_kwh":4800831.7000977695,"demand_source":"footprint_estimate","id":"s_upstate_00167","in_steam":false,"in_uten":false,"name":"KIPP Capital High School","region":"upstate","sources":["osm_overpass"],"steam_heated":false},"type":"Feature"},{"geometry":{"coordinates":[-73.75515,42.6689],"type":"Point"},"properties":{"area_m2":10525.147921144962,"area_source":"osm","cat":"school","demand_kwh":3789053.2516121864,"demand_source":"footprint_estimate","id":"s_upstate_00168","in_steam":false,"in_uten":false,"name":"KIPP Tech Valley Primary School","region":"upstate","sources":["osm_overpass"],"steam_heated":false},"type":"Feature"},{"geometry":{"coordinates":[-73.756142,42.669814],"type":"Point"},"properties":{"area_m2":11609.845223201439,"area_source":"osm","cat":"school","demand_kwh":4179544.280352518,"demand_source":"footprint_estimate","id":"s_upstate_00169","in_steam":false,"in_uten":false,"name":"KIPP Tech Valley Middle School","region":"upstate","sources":["osm_overpass"],"steam_heated":false},"type":"Feature"},{"geometry":{"coordinates":[-73.773911,42.670658],"type":"Point"},"properties":{"area_m2":43.773009188473225,"area_source":"osm","cat":"pool","demand_kwh":17509.20367538929,"demand_source":"footprint_estimate","id":"s_upstate_00170","in_steam":false,"in_uten":false,"name":"Unnamed pool","region":"upstate","sources":["osm_overpass"],"steam_heated":false},"type":"Feature"},{"geometry":{"coordinates":[-73.782928,42.67091],"type":"Point"},"properties":{"area_m2":72.49594140518457,"area_source":"osm","cat":"greenhouse","demand_kwh":25373.5794918146,"demand_source":"footprint_estimate","id":"s_upstate_00171","in_steam":false,"in_uten":false,"name":"Unnamed greenhouse","region":"upstate","sources":["osm_overpass"],"steam_heated":false},"type":"Feature"},{"geometry":{"coordinates":[-73.805735,42.67182],"type":"Point"},"properties":{"area_m2":11272.801946713218,"area_source":"osm","cat":"school","demand_kwh":4058208.7008167584,"demand_source":"footprint_estimate","id":"s_upstate_00172","in_steam":false,"in_uten":false,"name":"All Saints Catholic Academy","region":"upstate","sources":["osm_overpass"],"steam_heated":false},"type":"Feature"},{"geometry":{"coordinates":[-73.808304,42.673134],"type":"Point"},"properties":{"area_m2":6020.952300436795,"area_source":"osm","cat":"office","demand_kwh":4335085.656314492,"demand_source":"footprint_estimate","id":"s_upstate_00173","in_steam":false,"in_uten":false,"name":"NYS Department of Education Records Center","region":"upstate","sources":["osm_overpass"],"steam_heated":false},"type":"Feature"},{"geometry":{"coordinates":[-73.740449,42.673329],"type":"Point"},"properties":{"area_m2":13192.609716054983,"area_source":"osm","cat":"school","demand_kwh":4749339.497779794,"demand_source":"footprint_estimate","id":"s_upstate_00174","in_steam":false,"in_uten":false,"name":"North Albany Middle School","region":"upstate","sources":["osm_overpass"],"steam_heated":false},"type":"Feature"},{"geometry":{"coordinates":[-73.736018,42.673573],"type":"Point"},"properties":{"area_m2":8490.509336394724,"area_source":"osm","cat":"office","demand_kwh":6113166.722204201,"demand_source":"footprint_estimate","id":"s_upstate_00175","in_steam":false,"in_uten":false,"name":"Albany Medical Center Administrative Satelite Office","region":"upstate","sources":["osm_overpass"],"steam_heated":false},"type":"Feature"},{"geometry":{"coordinates":[-73.748367,42.673714],"type":"Point"},"properties":{"area_m2":40359.96177694877,"area_source":"osm","cat":"hospital","demand_kwh":50449952.22118596,"demand_source":"footprint_estimate","id":"s_upstate_00176","in_steam":false,"in_uten":false,"name":"Samaritan Hospital Albany Memorial Campus","region":"upstate","sources":["osm_overpass"],"steam_heated":false},"type":"Feature"},{"geometry":{"coordinates":[-73.736639,42.674904],"type":"Point"},"properties":{"area_m2":null,"area_source":"none","cat":"brewery","demand_kwh":600000.0,"demand_source":"category_default","id":"s_upstate_00177","in_steam":false,"in_uten":false,"name":"Perfect World Brewing","region":"upstate","sources":["osm_overpass"],"steam_heated":false},"type":"Feature"},{"geometry":{"coordinates":[-73.735268,42.675497],"type":"Point"},"properties":{"area_m2":3812.806117773056,"area_source":"osm","cat":"office","demand_kwh":2745220.4047966003,"demand_source":"footprint_estimate","id":"s_upstate_00178","in_steam":false,"in_uten":false,"name":"Albany Foam and Supply","region":"upstate","sources":["osm_overpass"],"steam_heated":false},"type":"Feature"},{"geometry":{"coordinates":[-73.729291,42.676149],"type":"Point"},"properties":{"area_m2":94246.81129771471,"area_source":"osm","cat":"wwtp","demand_kwh":9424681.129771471,"demand_source":"footprint_estimate","id":"s_upstate_00179","in_steam":false,"in_uten":false,"name":"Albany County Water Purification District North Plant","region":"upstate","sources":["osm_overpass"],"steam_heated":false},"type":"Feature"},{"geometry":{"coordinates":[-73.780318,42.677418],"type":"Point"},"properties":{"area_m2":11484.598179072142,"area_source":"osm","cat":"school","demand_kwh":4134455.344465971,"demand_source":"footprint_estimate","id":"s_upstate_00180","in_steam":false,"in_uten":false,"name":"Harriet Gibbons High School","region":"upstate","sources":["osm_overpass"],"steam_heated":false},"type":"Feature"},{"geometry":{"coordinates":[-73.782393,42.679939],"type":"Point"},"properties":{"area_m2":3621.8888749266043,"area_source":"osm","cat":"office","demand_kwh":2607759.989947155,"demand_source":"footprint_estimate","id":"s_upstate_00181","in_steam":false,"in_uten":false,"name":"Spectrum News","region":"upstate","sources":["osm_overpass"],"steam_heated":false},"type":"Feature"},{"geometry":{"coordinates":[-73.788769,42.68057],"type":"Point"},"properties":{"area_m2":null,"area_source":"none","cat":"university","demand_kwh":5000000.0,"demand_source":"category_default","id":"s_upstate_00182","in_steam":false,"in_uten":false,"name":"Mildred Elley - Albany Campus","region":"upstate","sources":["osm_overpass"],"steam_heated":false},"type":"Feature"},{"geometry":{"coordinates":[-73.783299,42.680765],"type":"Point"},"properties":{"area_m2":66.43010923174734,"area_source":"osm","cat":"pool","demand_kwh":26572.043692698935,"demand_source":"footprint_estimate","id":"s_upstate_00183","in_steam":false,"in_uten":false,"name":"Unnamed pool","region":"upstate","sources":["osm_overpass"],"steam_heated":false},"type":"Feature"},{"geometry":{"coordinates":[-73.741231,42.682444],"type":"Point"},"properties":{"area_m2":23.901795607060194,"area_source":"osm","cat":"greenhouse","demand_kwh":8365.628462471068,"demand_source":"footprint_estimate","id":"s_upstate_00184","in_steam":false,"in_uten":false,"name":"Unnamed greenhouse","region":"upstate","sources":["osm_overpass"],"steam_heated":false},"type":"Feature"},{"geometry":{"coordinates":[-73.713036,42.682968],"type":"Point"},"properties":{"area_m2":83062.98389344662,"area_source":"osm","cat":"wwtp","demand_kwh":8306298.389344662,"demand_source":"footprint_estimate","id":"s_upstate_00185","in_steam":false,"in_uten":false,"name":"Rensselaer County Wastewater Treatment Plant Sewer District One","region":"upstate","sources":["osm_overpass"],"steam_heated":false},"type":"Feature"},{"geometry":{"coordinates":[-73.732145,42.687324],"type":"Point"},"properties":{"area_m2":51409.2060574987,"area_source":"osm","cat":"school","demand_kwh":18507314.18069953,"demand_source":"footprint_estimate","id":"s_upstate_00186","in_steam":false,"in_uten":false,"name":"Menands School","region":"upstate","sources":["osm_overpass"],"steam_heated":false},"type":"Feature"},{"geometry":{"coordinates":[-73.815825,42.688448],"type":"Point"},"properties":{"area_m2":1634.6893230192363,"area_source":"osm","cat":"hotel","demand_kwh":2059708.5470042378,"demand_source":"footprint_estimate","id":"s_upstate_00187","in_steam":false,"in_uten":false,"name":"Hilton Garden Inn Albany / SUNY Area","region":"upstate","sources":["osm_overpass"],"steam_heated":false},"type":"Feature"},{"geometry":{"coordinates":[-73.775636,42.690252],"type":"Point"},"properties":{"area_m2":472.69471188634634,"area_source":"osm","cat":"greenhouse","demand_kwh":165443.14916022122,"demand_source":"footprint_estimate","id":"s_upstate_00188","in_steam":false,"in_uten":false,"name":"Unnamed greenhouse","region":"upstate","sources":["osm_overpass"],"steam_heated":false},"type":"Feature"},{"geometry":{"coordinates":[-73.820535,42.690431],"type":"Point"},"properties":{"area_m2":1569.879063015338,"area_source":"osm","cat":"hotel","demand_kwh":847734.6940282825,"demand_source":"footprint_estimate","id":"s_upstate_00189","in_steam":false,"in_uten":false,"name":"Courtyard Albany Thruway","region":"upstate","sources":["osm_overpass"],"steam_heated":false},"type":"Feature"},{"geometry":{"coordinates":[-73.776108,42.690631],"type":"Point"},"properties":{"area_m2":2356.0139098986983,"area_source":"osm","cat":"greenhouse","demand_kwh":824604.8684645444,"demand_source":"footprint_estimate","id":"s_upstate_00190","in_steam":false,"in_uten":false,"name":"Unnamed greenhouse","region":"upstate","sources":["osm_overpass"],"steam_heated":false},"type":"Feature"},{"geometry":{"coordinates":[-73.776679,42.690906],"type":"Point"},"properties":{"area_m2":880.2920936793089,"area_source":"osm","cat":"greenhouse","demand_kwh":308102.2327877581,"demand_source":"footprint_estimate","id":"s_upstate_00191","in_steam":false,"in_uten":false,"name":"Unnamed greenhouse","region":"upstate","sources":["osm_overpass"],"steam_heated":false},"type":"Feature"},{"geometry":{"coordinates":[-73.833919,42.691548],"type":"Point"},"properties":{"area_m2":198020.65515885223,"area_source":"osm","cat":"university","demand_kwh":118812393.09531134,"demand_source":"footprint_estimate","id":"s_upstate_00192","in_steam":false,"in_uten":false,"name":"Colleges of Nanoscale Science and Engineering at the University at Albany","region":"upstate","sources":["osm_overpass"],"steam_heated":false},"type":"Feature"},{"geometry":{"coordinates":[-73.809547,42.698371],"type":"Point"},"properties":{"area_m2":13198.938610956073,"area_source":"osm","cat":"university","demand_kwh":7919363.166573644,"demand_source":"footprint_estimate","id":"s_upstate_00193","in_steam":false,"in_uten":false,"name":"Bryant & Stratton College - Albany Campus","region":"upstate","sources":["osm_overpass"],"steam_heated":false},"type":"Feature"},{"geometry":{"coordinates":[-73.827964,42.702857],"type":"Point"},"properties":{"area_m2":10081.49515684694,"area_source":"osm","cat":"office","demand_kwh":7258676.512929797,"demand_source":"footprint_estimate","id":"s_upstate_00194","in_steam":false,"in_uten":false,"name":"Coca-Cola","region":"upstate","sources":["osm_overpass"],"steam_heated":false},"type":"Feature"},{"geometry":{"coordinates":[-73.814053,42.703086],"type":"Point"},"properties":{"area_m2":266.830413877964,"area_source":"osm","cat":"greenhouse","demand_kwh":93390.6448572874,"demand_source":"footprint_estimate","id":"s_upstate_00195","in_steam":false,"in_uten":false,"name":"Unnamed greenhouse","region":"upstate","sources":["osm_overpass"],"steam_heated":false},"type":"Feature"},{"geometry":{"coordinates":[-73.815326,42.703946],"type":"Point"},"properties":{"area_m2":1639.2802385515533,"area_source":"osm","cat":"hotel","demand_kwh":1180281.7717571184,"demand_source":"footprint_estimate","id":"s_upstate_00196","in_steam":false,"in_uten":false,"name":"SpringHill Suites Albany-Colonie","region":"upstate","sources":["osm_overpass"],"steam_heated":false},"type":"Feature"},{"geometry":{"coordinates":[-73.798054,42.704516],"type":"Point"},"properties":{"area_m2":223.13787300884724,"area_source":"osm","cat":"greenhouse","demand_kwh":78098.25555309653,"demand_source":"footprint_estimate","id":"s_upstate_00197","in_steam":false,"in_uten":false,"name":"Unnamed greenhouse","region":"upstate","sources":["osm_overpass"],"steam_heated":false},"type":"Feature"},{"geometry":{"coordinates":[-73.808886,42.705081],"type":"Point"},"properties":{"area_m2":35786.02762790583,"area_source":"osm","cat":"school","demand_kwh":12882969.946046099,"demand_source":"footprint_estimate","id":"s_upstate_00198","in_steam":false,"in_uten":false,"name":"Our Savior's Christian School","region":"upstate","sources":["osm_overpass"],"steam_heated":false},"type":"Feature"},{"geometry":{"coordinates":[-73.813278,42.705127],"type":"Point"},"properties":{"area_m2":50283.48573643714,"area_source":"osm","cat":"school","demand_kwh":18102054.86511737,"demand_source":"footprint_estimate","id":"s_upstate_00199","in_steam":false,"in_uten":false,"name":"Roessleville School","region":"upstate","sources":["osm_overpass"],"steam_heated":false},"type":"Feature"},{"geometry":{"coordinates":[-73.863032,42.705343],"type":"Point"},"properties":{"area_m2":null,"area_source":"none","cat":"university","demand_kwh":5000000.0,"demand_source":"category_default","id":"s_upstate_00200","in_steam":false,"in_uten":false,"name":"Excelsior College","region":"upstate","sources":["osm_overpass"],"steam_heated":false},"type":"Feature"},{"geometry":{"coordinates":[-73.799879,42.706345],"type":"Point"},"properties":{"area_m2":56.35553979501128,"area_source":"osm","cat":"greenhouse","demand_kwh":19724.43892825395,"demand_source":"footprint_estimate","id":"s_upstate_00201","in_steam":false,"in_uten":false,"name":"Unnamed greenhouse","region":"upstate","sources":["osm_overpass"],"steam_heated":false},"type":"Feature"},{"geometry":{"coordinates":[-73.757082,42.706412],"type":"Point"},"properties":{"area_m2":25756.464530481957,"area_source":"osm","cat":"school","demand_kwh":9272327.230973504,"demand_source":"footprint_estimate","id":"s_upstate_00202","in_steam":false,"in_uten":false,"name":"Loudonville School","region":"upstate","sources":["osm_overpass"],"steam_heated":false},"type":"Feature"},{"geometry":{"coordinates":[-73.751206,42.70667],"type":"Point"},"properties":{"area_m2":206.01133104413748,"area_source":"osm","cat":"greenhouse","demand_kwh":72103.96586544812,"demand_source":"footprint_estimate","id":"s_upstate_00203","in_steam":false,"in_uten":false,"name":"Unnamed greenhouse","region":"upstate","sources":["osm_overpass"],"steam_heated":false},"type":"Feature"},{"geometry":{"coordinates":[-73.798622,42.707488],"type":"Point"},"properties":{"area_m2":112445.21430784126,"area_source":"osm","cat":"school","demand_kwh":40480277.150822856,"demand_source":"footprint_estimate","id":"s_upstate_00204","in_steam":false,"in_uten":false,"name":"Sand Creek Middle School","region":"upstate","sources":["osm_overpass"],"steam_heated":false},"type":"Feature"},{"geometry":{"coordinates":[-73.809107,42.708387],"type":"Point"},"properties":{"area_m2":183747.45599462464,"area_source":"osm","cat":"school","demand_kwh":66149084.15806487,"demand_source":"footprint_estimate","id":"s_upstate_00205","in_steam":false,"in_uten":false,"name":"Colonie Central High School","region":"upstate","sources":["osm_overpass"],"steam_heated":false},"type":"Feature"},{"geometry":{"coordinates":[-73.783408,42.709089],"type":"Point"},"properties":{"area_m2":55237.27323738765,"area_source":"osm","cat":"school","demand_kwh":19885418.365459554,"demand_source":"footprint_estimate","id":"s_upstate_00206","in_steam":false,"in_uten":false,"name":"Shaker Road Elementary School","region":"upstate","sources":["osm_overpass"],"steam_heated":false},"type":"Feature"},{"geometry":{"coordinates":[-73.821373,42.710471],"type":"Point"},"properties":{"area_m2":2033.1463381387293,"area_source":"osm","cat":"hotel","demand_kwh":1097899.0225949138,"demand_source":"footprint_estimate","id":"s_upstate_00207","in_steam":false,"in_uten":false,"name":"Holiday Inn Express & Suites Albany Airport","region":"upstate","sources":["osm_overpass"],"steam_heated":false},"type":"Feature"},{"geometry":{"coordinates":[-73.811497,42.713028],"type":"Point"},"properties":{"area_m2":1968.9487632282544,"area_source":"osm","cat":"hotel","demand_kwh":2126464.6642865147,"demand_source":"footprint_estimate","id":"s_upstate_00208","in_steam":false,"in_uten":false,"name":"Staybridge Suites Albany Wolf Rd-Colonie Center","region":"upstate","sources":["osm_overpass"],"steam_heated":false},"type":"Feature"},{"geometry":{"coordinates":[-73.818244,42.713369],"type":"Point"},"properties":{"area_m2":1744.4480828940868,"area_source":"osm","cat":"hotel","demand_kwh":3140006.5492093563,"demand_source":"footprint_estimate","id":"s_upstate_00209","in_steam":false,"in_uten":false,"name":"Travelodge Inn and Suites Albany","region":"upstate","sources":["osm_overpass"],"steam_heated":false},"type":"Feature"},{"geometry":{"coordinates":[-73.786348,42.716118],"type":"Point"},"properties":{"area_m2":65.8791292157257,"area_source":"osm","cat":"pool","demand_kwh":26351.65168629028,"demand_source":"footprint_estimate","id":"s_upstate_00210","in_steam":false,"in_uten":false,"name":"Unnamed pool","region":"upstate","sources":["osm_overpass"],"steam_heated":false},"type":"Feature"},{"geometry":{"coordinates":[-73.787301,42.716671],"type":"Point"},"properties":{"area_m2":703.0523682385683,"area_source":"osm","cat":"greenhouse","demand_kwh":246068.3288834989,"demand_source":"footprint_estimate","id":"s_upstate_00211","in_steam":false,"in_uten":false,"name":"Unnamed greenhouse","region":"upstate","sources":["osm_overpass"],"steam_heated":false},"type":"Feature"},{"geometry":{"coordinates":[-73.83487,42.717749],"type":"Point"},"properties":{"area_m2":10220.977639347315,"area_source":"osm","cat":"hotel","demand_kwh":18397759.750825167,"demand_source":"footprint_estimate","id":"s_upstate_00212","in_steam":false,"in_uten":false,"name":"Days Inn","region":"upstate","sources":["osm_overpass"],"steam_heated":false},"type":"Feature"},{"geometry":{"coordinates":[-73.803028,42.717796],"type":"Point"},"properties":{"area_m2":472.67645421624184,"area_source":"osm","cat":"pool","demand_kwh":189070.58168649673,"demand_source":"footprint_estimate","id":"s_upstate_00213","in_steam":false,"in_uten":false,"name":"Goldfish Swim School","region":"upstate","sources":["osm_overpass"],"steam_heated":false},"type":"Feature"},{"geometry":{"coordinates":[-73.835653,42.718312],"type":"Point"},"properties":{"area_m2":4001.1625665724277,"area_source":"osm","cat":"hotel","demand_kwh":7202092.61983037,"demand_source":"footprint_estimate","id":"s_upstate_00214","in_steam":false,"in_uten":false,"name":"Howard Johnson by Wyndham Albany","region":"upstate","sources":["osm_overpass"],"steam_heated":false},"type":"Feature"},{"geometry":{"coordinates":[-73.799717,42.718709],"type":"Point"},"properties":{"area_m2":1326.7016159333289,"area_source":"osm","cat":"hotel","demand_kwh":955225.1634719968,"demand_source":"footprint_estimate","id":"s_upstate_00215","in_steam":false,"in_uten":false,"name":"Home2 Suites by Hilton","region":"upstate","sources":["osm_overpass"],"steam_heated":false},"type":"Feature"},{"geometry":{"coordinates":[-73.748931,42.718739],"type":"Point"},"properties":{"area_m2":null,"area_source":"none","cat":"pool","demand_kwh":500000.0,"demand_source":"category_default","id":"s_upstate_00216","in_steam":false,"in_uten":false,"name":"Siena Swim Center","region":"upstate","sources":["osm_overpass"],"steam_heated":false},"type":"Feature"},{"geometry":{"coordinates":[-73.750045,42.718999],"type":"Point"},"properties":{"area_m2":637193.6586963669,"area_source":"osm","cat":"university","demand_kwh":382316195.21782017,"demand_source":"footprint_estimate","id":"s_upstate_00217","in_steam":false,"in_uten":false,"name":"Siena University","region":"upstate","sources":["osm_overpass"],"steam_heated":false},"type":"Feature"},{"geometry":{"coordinates":[-73.837007,42.719276],"type":"Point"},"properties":{"area_m2":2263.675444229506,"area_source":"osm","cat":"hotel","demand_kwh":814923.1599226221,"demand_source":"footprint_estimate","id":"s_upstate_00218","in_steam":false,"in_uten":false,"name":"Quality Inn Central","region":"upstate","sources":["osm_overpass"],"steam_heated":false},"type":"Feature"},{"geometry":{"coordinates":[-73.795976,42.719985],"type":"Point"},"properties":{"area_m2":3701.706723585725,"area_source":"osm","cat":"office","demand_kwh":2665228.840981722,"demand_source":"footprint_estimate","id":"s_upstate_00219","in_steam":false,"in_uten":false,"name":"Broadview Federal Credit Union","region":"upstate","sources":["osm_overpass"],"steam_heated":false},"type":"Feature"},{"geometry":{"coordinates":[-73.768655,42.720438],"type":"Point"},"properties":{"area_m2":57757.586740572006,"area_source":"osm","cat":"school","demand_kwh":20792731.226605922,"demand_source":"footprint_estimate","id":"s_upstate_00220","in_steam":false,"in_uten":false,"name":"Saint Gregory School For Boys","region":"upstate","sources":["osm_overpass"],"steam_heated":false},"type":"Feature"},{"geometry":{"coordinates":[-73.823188,42.720568],"type":"Point"},"properties":{"area_m2":44126.7095663175,"area_source":"osm","cat":"school","demand_kwh":15885615.4438743,"demand_source":"footprint_estimate","id":"s_upstate_00221","in_steam":false,"in_uten":false,"name":"Forest Park Elementary School","region":"upstate","sources":["osm_overpass"],"steam_heated":false},"type":"Feature"},{"geometry":{"coordinates":[-73.775513,42.720679],"type":"Point"},"properties":{"area_m2":50822.467773187906,"area_source":"osm","cat":"school","demand_kwh":18296088.398347646,"demand_source":"footprint_estimate","id":"s_upstate_00222","in_steam":false,"in_uten":false,"name":"Southgate Elementary School","region":"upstate","sources":["osm_overpass"],"steam_heated":false},"type":"Feature"},{"geometry":{"coordinates":[-73.799586,42.72092],"type":"Point"},"properties":{"area_m2":8142.138526318595,"area_source":"osm","cat":"hotel","demand_kwh":14655849.34737347,"demand_source":"footprint_estimate","id":"s_upstate_00223","in_steam":false,"in_uten":false,"name":"Marriott Albany","region":"upstate","sources":["osm_overpass"],"steam_heated":false},"type":"Feature"},{"geometry":{"coordinates":[-73.80403,42.722153],"type":"Point"},"properties":{"area_m2":1600.1639746110886,"area_source":"osm","cat":"hotel","demand_kwh":2880295.1542999595,"demand_source":"footprint_estimate","id":"s_upstate_00224","in_steam":false,"in_uten":false,"name":"Fairfield Inn & Suites Albany Airport","region":"upstate","sources":["osm_overpass"],"steam_heated":false},"type":"Feature"},{"geometry":{"coordinates":[-73.703261,42.722183],"type":"Point"},"properties":{"area_m2":147.74116841703653,"area_source":"osm","cat":"pool","demand_kwh":59096.46736681461,"demand_source":"footprint_estimate","id":"s_upstate_00225","in_steam":false,"in_uten":false,"name":"Unnamed pool","region":"upstate","sources":["osm_overpass"],"steam_heated":false},"type":"Feature"},{"geometry":{"coordinates":[-73.758092,42.722714],"type":"Point"},"properties":{"area_m2":112.0029866695404,"area_source":"osm","cat":"greenhouse","demand_kwh":39201.04533433914,"demand_source":"footprint_estimate","id":"s_upstate_00226","in_steam":false,"in_uten":false,"name":"Unnamed greenhouse","region":"upstate","sources":["osm_overpass"],"steam_heated":false},"type":"Feature"},{"geometry":{"coordinates":[-73.797174,42.723218],"type":"Point"},"properties":{"area_m2":12075.256850647274,"area_source":"osm","cat":"hotel","demand_kwh":21735462.331165094,"demand_source":"footprint_estimate","id":"s_upstate_00227","in_steam":false,"in_uten":false,"name":"Radisson Hotel Albany","region":"upstate","sources":["osm_overpass"],"steam_heated":false},"type":"Feature"},{"geometry":{"coordinates":[-73.801792,42.72377],"type":"Point"},"properties":{"area_m2":1525.1053596064448,"area_source":"osm","cat":"hotel","demand_kwh":2745189.6472916007,"demand_source":"footprint_estimate","id":"s_upstate_00228","in_steam":false,"in_uten":false,"name":"Red Roof Inn Albany Airport","region":"upstate","sources":["osm_overpass"],"steam_heated":false},"type":"Feature"},{"geometry":{"coordinates":[-73.79547,42.724709],"type":"Point"},"properties":{"area_m2":1356.4850464202464,"area_source":"osm","cat":"hotel","demand_kwh":1220836.5417782217,"demand_source":"footprint_estimate","id":"s_upstate_00229","in_steam":false,"in_uten":false,"name":"Hampton Inn Albany-Wolf Road (Airport)","region":"upstate","sources":["osm_overpass"],"steam_heated":false},"type":"Feature"},{"geometry":{"coordinates":[-73.800121,42.724974],"type":"Point"},"properties":{"area_m2":5453.872281186283,"area_source":"osm","cat":"hotel","demand_kwh":9816970.106135309,"demand_source":"footprint_estimate","id":"s_upstate_00230","in_steam":false,"in_uten":false,"name":"Best Western Albany Airport Inn","region":"upstate","sources":["osm_overpass"],"steam_heated":false},"type":"Feature"},{"geometry":{"coordinates":[-73.794836,42.725248],"type":"Point"},"properties":{"area_m2":null,"area_source":"none","cat":"hotel","demand_kwh":1500000.0,"demand_source":"category_default","id":"s_upstate_00231","in_steam":false,"in_uten":false,"name":"Residence Inn Albany Airport","region":"upstate","sources":["osm_overpass"],"steam_heated":false},"type":"Feature"},{"geometry":{"coordinates":[-73.795227,42.725626],"type":"Point"},"properties":{"area_m2":null,"area_source":"none","cat":"hotel","demand_kwh":1500000.0,"demand_source":"category_default","id":"s_upstate_00232","in_steam":false,"in_uten":false,"name":"Courtyard Albany Airport","region":"upstate","sources":["osm_overpass"],"steam_heated":false},"type":"Feature"},{"geometry":{"coordinates":[-73.70163,42.727136],"type":"Point"},"properties":{"area_m2":698.661803714931,"area_source":"osm","cat":"pool","demand_kwh":279464.7214859724,"demand_source":"footprint_estimate","id":"s_upstate_00233","in_steam":false,"in_uten":false,"name":"Veterans Memorial Swimming Pool","region":"upstate","sources":["osm_overpass"],"steam_heated":false},"type":"Feature"},{"geometry":{"coordinates":[-73.856835,42.727186],"type":"Point"},"properties":{"area_m2":7571.860473291948,"area_source":"osm","cat":"office","demand_kwh":5451739.540770203,"demand_source":"footprint_estimate","id":"s_upstate_00234","in_steam":false,"in_uten":false,"name":"Charter Communications (Spectrum)","region":"upstate","sources":["osm_overpass"],"steam_heated":false},"type":"Feature"},{"geometry":{"coordinates":[-73.848377,42.727382],"type":"Point"},"properties":{"area_m2":30571.274295989424,"area_source":"osm","cat":"office","demand_kwh":22011317.493112385,"demand_source":"footprint_estimate","id":"s_upstate_00235","in_steam":false,"in_uten":false,"name":"USPS Albany Processing and Distribution Center","region":"upstate","sources":["osm_overpass"],"steam_heated":false},"type":"Feature"},{"geometry":{"coordinates":[-73.793111,42.727835],"type":"Point"},"properties":{"area_m2":8567.919483834878,"area_source":"osm","cat":"office","demand_kwh":6168902.028361112,"demand_source":"footprint_estimate","id":"s_upstate_00236","in_steam":false,"in_uten":false,"name":"Times-Union","region":"upstate","sources":["osm_overpass"],"steam_heated":false},"type":"Feature"},{"geometry":{"coordinates":[-73.857794,42.72806],"type":"Point"},"properties":{"area_m2":610.3872605338693,"area_source":"osm","cat":"brewery","demand_kwh":244154.9042135477,"demand_source":"footprint_estimate","id":"s_upstate_00237","in_steam":false,"in_uten":false,"name":"Broken Loop Brewing","region":"upstate","sources":["osm_overpass"],"steam_heated":false},"type":"Feature"},{"geometry":{"coordinates":[-73.798901,42.728161],"type":"Point"},"properties":{"area_m2":11168.958480140194,"area_source":"osm","cat":"hotel","demand_kwh":8041650.10570094,"demand_source":"footprint_estimate","id":"s_upstate_00238","in_steam":false,"in_uten":false,"name":"The Desmond Hotel Albany","region":"upstate","sources":["osm_overpass"],"steam_heated":false},"type":"Feature"},{"geometry":{"coordinates":[-73.796283,42.729591],"type":"Point"},"properties":{"area_m2":968.0547979027033,"area_source":"osm","cat":"hotel","demand_kwh":1742498.636224866,"demand_source":"footprint_estimate","id":"s_upstate_00239","in_steam":false,"in_uten":false,"name":"Hotel Trilogy Albany Airport, Tapestry Collection by Hilton","region":"upstate","sources":["osm_overpass"],"steam_heated":false},"type":"Feature"},{"geometry":{"coordinates":[-73.715234,42.730727],"type":"Point"},"properties":{"area_m2":72488.07487644651,"area_source":"osm","cat":"school","demand_kwh":26095706.95552074,"demand_source":"footprint_estimate","id":"s_upstate_00240","in_steam":false,"in_uten":false,"name":"Watervliet Junior-Senior High School","region":"upstate","sources":["osm_overpass"],"steam_heated":false},"type":"Feature"},{"geometry":{"coordinates":[-73.83832,42.731919],"type":"Point"},"properties":{"area_m2":59133.17548934743,"area_source":"osm","cat":"school","demand_kwh":21287943.176165074,"demand_source":"footprint_estimate","id":"s_upstate_00241","in_steam":false,"in_uten":false,"name":"Saddlewood Elementary School","region":"upstate","sources":["osm_overpass"],"steam_heated":false},"type":"Feature"},{"geometry":{"coordinates":[-73.819415,42.731954],"type":"Point"},"properties":{"area_m2":210808.01740966178,"area_source":"osm","cat":"school","demand_kwh":75890886.26747824,"demand_source":"footprint_estimate","id":"s_upstate_00242","in_steam":false,"in_uten":false,"name":"Christian Brothers Academy","region":"upstate","sources":["osm_overpass"],"steam_heated":false},"type":"Feature"},{"geometry":{"coordinates":[-73.757202,42.735808],"type":"Point"},"properties":{"area_m2":48.59589912384399,"area_source":"osm","cat":"pool","demand_kwh":19438.359649537597,"demand_source":"footprint_estimate","id":"s_upstate_00243","in_steam":false,"in_uten":false,"name":"Unnamed pool","region":"upstate","sources":["osm_overpass"],"steam_heated":false},"type":"Feature"},{"geometry":{"coordinates":[-73.751174,42.736117],"type":"Point"},"properties":{"area_m2":10629.888848092814,"area_source":"osm","cat":"school","demand_kwh":3826759.985313413,"demand_source":"footprint_estimate","id":"s_upstate_00244","in_steam":false,"in_uten":false,"name":"Shaker Junior High School","region":"upstate","sources":["osm_overpass"],"steam_heated":false},"type":"Feature"},{"geometry":{"coordinates":[-73.777614,42.736152],"type":"Point"},"properties":{"area_m2":131.51250570546836,"area_source":"osm","cat":"greenhouse","demand_kwh":46029.376996913925,"demand_source":"footprint_estimate","id":"s_upstate_00245","in_steam":false,"in_uten":false,"name":"Unnamed greenhouse","region":"upstate","sources":["osm_overpass"],"steam_heated":false},"type":"Feature"},{"geometry":{"coordinates":[-73.749032,42.73619],"type":"Point"},"properties":{"area_m2":387541.5367565667,"area_source":"osm","cat":"school","demand_kwh":139514953.23236403,"demand_source":"footprint_estimate","id":"s_upstate_00246","in_steam":false,"in_uten":false,"name":"Unnamed school","region":"upstate","sources":["osm_overpass"],"steam_heated":false},"type":"Feature"},{"geometry":{"coordinates":[-73.771545,42.736291],"type":"Point"},"properties":{"area_m2":704.8358347155154,"area_source":"osm","cat":"greenhouse","demand_kwh":246692.54215043038,"demand_source":"footprint_estimate","id":"s_upstate_00247","in_steam":false,"in_uten":false,"name":"Unnamed greenhouse","region":"upstate","sources":["osm_overpass"],"steam_heated":false},"type":"Feature"},{"geometry":{"coordinates":[-73.75766,42.736319],"type":"Point"},"properties":{"area_m2":53.936052365228534,"area_source":"osm","cat":"pool","demand_kwh":21574.420946091413,"demand_source":"footprint_estimate","id":"s_upstate_00248","in_steam":false,"in_uten":false,"name":"Unnamed pool","region":"upstate","sources":["osm_overpass"],"steam_heated":false},"type":"Feature"},{"geometry":{"coordinates":[-73.772308,42.736527],"type":"Point"},"properties":{"area_m2":636.3723906781524,"area_source":"osm","cat":"greenhouse","demand_kwh":222730.33673735335,"demand_source":"footprint_estimate","id":"s_upstate_00249","in_steam":false,"in_uten":false,"name":"Unnamed greenhouse","region":"upstate","sources":["osm_overpass"],"steam_heated":false},"type":"Feature"},{"geometry":{"coordinates":[-73.710998,42.736953],"type":"Point"},"properties":{"area_m2":26860.21889228979,"area_source":"osm","cat":"school","demand_kwh":9669678.801224325,"demand_source":"footprint_estimate","id":"s_upstate_00250","in_steam":false,"in_uten":false,"name":"Watervliet Elementary School","region":"upstate","sources":["osm_overpass"],"steam_heated":false},"type":"Feature"},{"geometry":{"coordinates":[-73.742544,42.738933],"type":"Point"},"properties":{"area_m2":26.0442702928558,"area_source":"osm","cat":"greenhouse","demand_kwh":9115.49460249953,"demand_source":"footprint_estimate","id":"s_upstate_00251","in_steam":false,"in_uten":false,"name":"Unnamed greenhouse","region":"upstate","sources":["osm_overpass"],"steam_heated":false},"type":"Feature"},{"geometry":{"coordinates":[-73.742174,42.740758],"type":"Point"},"properties":{"area_m2":56.64581616409123,"area_source":"osm","cat":"greenhouse","demand_kwh":19826.03565743193,"demand_source":"footprint_estimate","id":"s_upstate_00252","in_steam":false,"in_uten":false,"name":"Unnamed greenhouse","region":"upstate","sources":["osm_overpass"],"steam_heated":false},"type":"Feature"},{"geometry":{"coordinates":[-73.701859,42.743147],"type":"Point"},"properties":{"area_m2":17269.784964535385,"area_source":"osm","cat":"school","demand_kwh":6217122.587232739,"demand_source":"footprint_estimate","id":"s_upstate_00253","in_steam":false,"in_uten":false,"name":"Maplewood School","region":"upstate","sources":["osm_overpass"],"steam_heated":false},"type":"Feature"},{"geometry":{"coordinates":[-73.860799,42.743401],"type":"Point"},"properties":{"area_m2":28185.631431937218,"area_source":"osm","cat":"school","demand_kwh":10146827.315497398,"demand_source":"footprint_estimate","id":"s_upstate_00254","in_steam":false,"in_uten":false,"name":"Maywood School","region":"upstate","sources":["osm_overpass"],"steam_heated":false},"type":"Feature"},{"geometry":{"coordinates":[-73.699715,42.744536],"type":"Point"},"properties":{"area_m2":118.973059337819,"area_source":"osm","cat":"greenhouse","demand_kwh":41640.57076823665,"demand_source":"footprint_estimate","id":"s_upstate_00255","in_steam":false,"in_uten":false,"name":"Unnamed greenhouse","region":"upstate","sources":["osm_overpass"],"steam_heated":false},"type":"Feature"},{"geometry":{"coordinates":[-73.819224,42.745226],"type":"Point"},"properties":{"area_m2":1609.850300591439,"area_source":"osm","cat":"hotel","demand_kwh":2897730.54106459,"demand_source":"footprint_estimate","id":"s_upstate_00256","in_steam":false,"in_uten":false,"name":"Tru by Hilton Albany Airport","region":"upstate","sources":["osm_overpass"],"steam_heated":false},"type":"Feature"},{"geometry":{"coordinates":[-73.818798,42.74642],"type":"Point"},"properties":{"area_m2":1638.0668660346419,"area_source":"osm","cat":"hotel","demand_kwh":2948520.3588623554,"demand_source":"footprint_estimate","id":"s_upstate_00257","in_steam":false,"in_uten":false,"name":"Hilton Garden Inn Albany Airport","region":"upstate","sources":["osm_overpass"],"steam_heated":false},"type":"Feature"},{"geometry":{"coordinates":[-73.704157,42.747939],"type":"Point"},"properties":{"area_m2":8790.506527464837,"area_source":"osm","cat":"office","demand_kwh":6329164.6997746825,"demand_source":"footprint_estimate","id":"s_upstate_00258","in_steam":false,"in_uten":false,"name":"Comfortex","region":"upstate","sources":["osm_overpass"],"steam_heated":false},"type":"Feature"},{"geometry":{"coordinates":[-73.85771,42.74872],"type":"Point"},"properties":{"area_m2":79998.42158729304,"area_source":"osm","cat":"school","demand_kwh":28799431.771425493,"demand_source":"footprint_estimate","id":"s_upstate_00259","in_steam":false,"in_uten":false,"name":"Lisha Kill Middle School","region":"upstate","sources":["osm_overpass"],"steam_heated":false},"type":"Feature"},{"geometry":{"coordinates":[-73.7591,42.750806],"type":"Point"},"properties":{"area_m2":1435.845538211055,"area_source":"osm","cat":"hotel","demand_kwh":2584521.968779899,"demand_source":"footprint_estimate","id":"s_upstate_00260","in_steam":false,"in_uten":false,"name":"La Quinta Inn & Suites Latham Albany Airport","region":"upstate","sources":["osm_overpass"],"steam_heated":false},"type":"Feature"},{"geometry":{"coordinates":[-73.771466,42.752965],"type":"Point"},"properties":{"area_m2":1643.2508131731302,"area_source":"osm","cat":"hotel","demand_kwh":2957851.4637116343,"demand_source":"footprint_estimate","id":"s_upstate_00261","in_steam":false,"in_uten":false,"name":"Microtel Inn by Wyndham Albany Airport","region":"upstate","sources":["osm_overpass"],"steam_heated":false},"type":"Feature"},{"geometry":{"coordinates":[-73.741337,42.753421],"type":"Point"},"properties":{"area_m2":67117.0176193323,"area_source":"osm","cat":"school","demand_kwh":24162126.342959628,"demand_source":"footprint_estimate","id":"s_upstate_00262","in_steam":false,"in_uten":false,"name":"Latham Ridge School","region":"upstate","sources":["osm_overpass"],"steam_heated":false},"type":"Feature"},{"geometry":{"coordinates":[-73.815816,42.754212],"type":"Point"},"properties":{"area_m2":2431.1307880759705,"area_source":"osm","cat":"hotel","demand_kwh":4376035.418536747,"demand_source":"footprint_estimate","id":"s_upstate_00263","in_steam":false,"in_uten":false,"name":"Baymont Latham Albany Airport","region":"upstate","sources":["osm_overpass"],"steam_heated":false},"type":"Feature"},{"geometry":{"coordinates":[-73.862702,42.754659],"type":"Point"},"properties":{"area_m2":96383.46725867316,"area_source":"osm","cat":"school","demand_kwh":34698048.21312234,"demand_source":"footprint_estimate","id":"s_upstate_00264","in_steam":false,"in_uten":false,"name":"Veeder Elementary School","region":"upstate","sources":["osm_overpass"],"steam_heated":false},"type":"Feature"},{"geometry":{"coordinates":[-73.769909,42.754916],"type":"Point"},"properties":{"area_m2":null,"area_source":"none","cat":"hotel","demand_kwh":1500000.0,"demand_source":"category_default","id":"s_upstate_00265","in_steam":false,"in_uten":false,"name":"Quality Inn & Suites Albany Airport","region":"upstate","sources":["osm_overpass"],"steam_heated":false},"type":"Feature"},{"geometry":{"coordinates":[-73.769927,42.75515],"type":"Point"},"properties":{"area_m2":90.81344939768314,"area_source":"osm","cat":"pool","demand_kwh":36325.37975907326,"demand_source":"footprint_estimate","id":"s_upstate_00266","in_steam":false,"in_uten":false,"name":"Unnamed pool","region":"upstate","sources":["osm_overpass"],"steam_heated":false},"type":"Feature"},{"geometry":{"coordinates":[-73.748834,42.756535],"type":"Point"},"properties":{"area_m2":57.71989205945283,"area_source":"osm","cat":"pool","demand_kwh":23087.956823781133,"demand_source":"footprint_estimate","id":"s_upstate_00267","in_steam":false,"in_uten":false,"name":"Unnamed pool","region":"upstate","sources":["osm_overpass"],"steam_heated":false},"type":"Feature"},{"geometry":{"coordinates":[-73.7728,42.756561],"type":"Point"},"properties":{"area_m2":1589.3110048398376,"area_source":"osm","cat":"hotel","demand_kwh":2860759.8087117076,"demand_source":"footprint_estimate","id":"s_upstate_00268","in_steam":false,"in_uten":false,"name":"TownePlace Suites Latham Albany Airport","region":"upstate","sources":["osm_overpass"],"steam_heated":false},"type":"Feature"},{"geometry":{"coordinates":[-73.784812,42.758423],"type":"Point"},"properties":{"area_m2":9700.226170301437,"area_source":"osm","cat":"office","demand_kwh":6984162.842617035,"demand_source":"footprint_estimate","id":"s_upstate_00269","in_steam":false,"in_uten":false,"name":"New York State United Teachers","region":"upstate","sources":["osm_overpass"],"steam_heated":false},"type":"Feature"},{"geometry":{"coordinates":[-73.85476,42.763615],"type":"Point"},"properties":{"area_m2":277.6195463463664,"area_source":"osm","cat":"greenhouse","demand_kwh":97166.84122122824,"demand_source":"footprint_estimate","id":"s_upstate_00270","in_steam":false,"in_uten":false,"name":"Unnamed greenhouse","region":"upstate","sources":["osm_overpass"],"steam_heated":false},"type":"Feature"},{"geometry":{"coordinates":[-73.813194,42.764144],"type":"Point"},"properties":{"area_m2":5968.910487130284,"area_source":"osm","cat":"office","demand_kwh":4297615.550733805,"demand_source":"footprint_estimate","id":"s_upstate_00271","in_steam":false,"in_uten":false,"name":"Regional Food Bank Albany County Distribution Center","region":"upstate","sources":["osm_overpass"],"steam_heated":false},"type":"Feature"},{"geometry":{"coordinates":[-73.721625,42.764638],"type":"Point"},"properties":{"area_m2":143.43517930805683,"area_source":"osm","cat":"pool","demand_kwh":57374.07172322273,"demand_source":"footprint_estimate","id":"s_upstate_00272","in_steam":false,"in_uten":false,"name":"Unnamed pool","region":"upstate","sources":["osm_overpass"],"steam_heated":false},"type":"Feature"},{"geometry":{"coordinates":[-73.778282,42.764811],"type":"Point"},"properties":{"area_m2":46984.70523868874,"area_source":"osm","cat":"school","demand_kwh":16914493.885927945,"demand_source":"footprint_estimate","id":"s_upstate_00273","in_steam":false,"in_uten":false,"name":"Forts Ferry School","region":"upstate","sources":["osm_overpass"],"steam_heated":false},"type":"Feature"},{"geometry":{"coordinates":[-73.709051,42.767169],"type":"Point"},"properties":{"area_m2":911.302698135376,"area_source":"osm","cat":"pool","demand_kwh":364521.0792541504,"demand_source":"footprint_estimate","id":"s_upstate_00274","in_steam":false,"in_uten":false,"name":"Lansing pool","region":"upstate","sources":["osm_overpass"],"steam_heated":false},"type":"Feature"},{"geometry":{"coordinates":[-73.758893,42.768264],"type":"Point"},"properties":{"area_m2":4386.784296914935,"area_source":"osm","cat":"office","demand_kwh":3158484.6937787533,"demand_source":"footprint_estimate","id":"s_upstate_00275","in_steam":false,"in_uten":false,"name":"Unnamed office","region":"upstate","sources":["osm_overpass"],"steam_heated":false},"type":"Feature"},{"geometry":{"coordinates":[-73.820262,42.76831],"type":"Point"},"properties":{"area_m2":1139.2777425199747,"area_source":"osm","cat":"hotel","demand_kwh":2050699.9365359545,"demand_source":"footprint_estimate","id":"s_upstate_00276","in_steam":false,"in_uten":false,"name":"Hampton Inn & Suites Albany Airport","region":"upstate","sources":["osm_overpass"],"steam_heated":false},"type":"Feature"},{"geometry":{"coordinates":[-73.752304,42.770836],"type":"Point"},"properties":{"area_m2":2059.37686109636,"area_source":"osm","cat":"hotel","demand_kwh":3706878.3499734476,"demand_source":"footprint_estimate","id":"s_upstate_00277","in_steam":false,"in_uten":false,"name":"The Century House, an Ascend Collection Hotel","region":"upstate","sources":["osm_overpass"],"steam_heated":false},"type":"Feature"},{"geometry":{"coordinates":[-73.840975,42.773471],"type":"Point"},"properties":{"area_m2":43887.9431976676,"area_source":"osm","cat":"school","demand_kwh":15799659.551160336,"demand_source":"footprint_estimate","id":"s_upstate_00278","in_steam":false,"in_uten":false,"name":"Birchwood Elementary School","region":"upstate","sources":["osm_overpass"],"steam_heated":false},"type":"Feature"},{"geometry":{"coordinates":[-73.757261,42.77394],"type":"Point"},"properties":{"area_m2":null,"area_source":"none","cat":"brewery","demand_kwh":600000.0,"demand_source":"category_default","id":"s_upstate_00279","in_steam":false,"in_uten":false,"name":"Table 41 Brewing","region":"upstate","sources":["osm_overpass"],"steam_heated":false},"type":"Feature"},{"geometry":{"coordinates":[-73.719922,42.775245],"type":"Point"},"properties":{"area_m2":182028.95010089502,"area_source":"osm","cat":"school","demand_kwh":65530422.036322206,"demand_source":"footprint_estimate","id":"s_upstate_00280","in_steam":false,"in_uten":false,"name":"Unnamed school","region":"upstate","sources":["osm_overpass"],"steam_heated":false},"type":"Feature"},{"geometry":{"coordinates":[-73.725707,42.777407],"type":"Point"},"properties":{"area_m2":151.77257362753153,"area_source":"osm","cat":"pool","demand_kwh":60709.02945101261,"demand_source":"footprint_estimate","id":"s_upstate_00281","in_steam":false,"in_uten":false,"name":"Unnamed pool","region":"upstate","sources":["osm_overpass"],"steam_heated":false},"type":"Feature"},{"geometry":{"coordinates":[-73.733102,42.779227],"type":"Point"},"properties":{"area_m2":58.79754961486469,"area_source":"osm","cat":"pool","demand_kwh":23519.019845945877,"demand_source":"footprint_estimate","id":"s_upstate_00282","in_steam":false,"in_uten":false,"name":"Unnamed pool","region":"upstate","sources":["osm_overpass"],"steam_heated":false},"type":"Feature"},{"geometry":{"coordinates":[-73.77289,42.783097],"type":"Point"},"properties":{"area_m2":274754.62023083866,"area_source":"osm","cat":"wwtp","demand_kwh":27475462.023083866,"demand_source":"footprint_estimate","id":"s_upstate_00283","in_steam":false,"in_uten":false,"name":"Town of Colonie Waste Polution Control Facility","region":"upstate","sources":["osm_overpass"],"steam_heated":false},"type":"Feature"},{"geometry":{"coordinates":[-78.834793,42.945718],"type":"Point"},"properties":{"area_m2":33.22224993281998,"area_source":"osm","cat":"pool","demand_kwh":13288.899973127991,"demand_source":"footprint_estimate","id":"s_upstate_00284","in_steam":false,"in_uten":false,"name":"Unnamed pool","region":"upstate","sources":["osm_overpass"],"steam_heated":false},"type":"Feature"},{"geometry":{"coordinates":[-78.836624,42.94654],"type":"Point"},"properties":{"area_m2":39.37237026519142,"area_source":"osm","cat":"pool","demand_kwh":15748.948106076568,"demand_source":"footprint_estimate","id":"s_upstate_00285","in_steam":false,"in_uten":false,"name":"Unnamed pool","region":"upstate","sources":["osm_overpass"],"steam_heated":false},"type":"Feature"},{"geometry":{"coordinates":[-78.817829,42.949966],"type":"Point"},"properties":{"area_m2":1755.9158690960612,"area_source":"osm","cat":"university","demand_kwh":1053549.5214576367,"demand_source":"footprint_estimate","id":"s_upstate_00286","in_steam":false,"in_uten":false,"name":"Howe Research Building","region":"upstate","sources":["osm_overpass"],"steam_heated":false},"type":"Feature"},{"geometry":{"coordinates":[-78.812373,42.951012],"type":"Point"},"properties":{"area_m2":76335.24444245808,"area_source":"osm","cat":"hospital","demand_kwh":95419055.5530726,"demand_source":"footprint_estimate","id":"s_upstate_00287","in_steam":false,"in_uten":false,"name":"Buffalo VA Medical Center","region":"upstate","sources":["osm_overpass"],"steam_heated":false},"type":"Feature"},{"geometry":{"coordinates":[-78.783354,42.95134],"type":"Point"},"properties":{"area_m2":34.66238409024663,"area_source":"osm","cat":"pool","demand_kwh":13864.953636098653,"demand_source":"footprint_estimate","id":"s_upstate_00288","in_steam":false,"in_uten":false,"name":"Unnamed pool","region":"upstate","sources":["osm_overpass"],"steam_heated":false},"type":"Feature"},{"geometry":{"coordinates":[-78.848512,42.952141],"type":"Point"},"properties":{"area_m2":19026.967737383966,"area_source":"osm","cat":"school","demand_kwh":6849708.385458227,"demand_source":"footprint_estimate","id":"s_upstate_00289","in_steam":false,"in_uten":false,"name":"*","region":"upstate","sources":["osm_overpass"],"steam_heated":false},"type":"Feature"},{"geometry":{"coordinates":[-78.817806,42.953314],"type":"Point"},"properties":{"area_m2":629194.073047083,"area_source":"osm","cat":"university","demand_kwh":377516443.8282498,"demand_source":"footprint_estimate","id":"s_upstate_00290","in_steam":false,"in_uten":false,"name":"University at Buffalo - South Campus","region":"upstate","sources":["osm_overpass"],"steam_heated":false},"type":"Feature"},{"geometry":{"coordinates":[-78.786865,42.953642],"type":"Point"},"properties":{"area_m2":65.40753569809021,"area_source":"osm","cat":"pool","demand_kwh":26163.014279236086,"demand_source":"footprint_estimate","id":"s_upstate_00291","in_steam":false,"in_uten":false,"name":"Unnamed pool","region":"upstate","sources":["osm_overpass"],"steam_heated":false},"type":"Feature"},{"geometry":{"coordinates":[-78.785952,42.9547],"type":"Point"},"properties":{"area_m2":56.29599316767417,"area_source":"osm","cat":"pool","demand_kwh":22518.397267069668,"demand_source":"footprint_estimate","id":"s_upstate_00292","in_steam":false,"in_uten":false,"name":"Unnamed pool","region":"upstate","sources":["osm_overpass"],"steam_heated":false},"type":"Feature"},{"geometry":{"coordinates":[-78.785026,42.954765],"type":"Point"},"properties":{"area_m2":32.970638397790026,"area_source":"osm","cat":"pool","demand_kwh":13188.25535911601,"demand_source":"footprint_estimate","id":"s_upstate_00293","in_steam":false,"in_uten":false,"name":"Unnamed pool","region":"upstate","sources":["osm_overpass"],"steam_heated":false},"type":"Feature"},{"geometry":{"coordinates":[-78.784583,42.955634],"type":"Point"},"properties":{"area_m2":58.11270351661369,"area_source":"osm","cat":"pool","demand_kwh":23245.081406645477,"demand_source":"footprint_estimate","id":"s_upstate_00294","in_steam":false,"in_uten":false,"name":"Unnamed pool","region":"upstate","sources":["osm_overpass"],"steam_heated":false},"type":"Feature"},{"geometry":{"coordinates":[-78.769215,42.955664],"type":"Point"},"properties":{"area_m2":20.644693900663697,"area_source":"osm","cat":"pool","demand_kwh":8257.877560265479,"demand_source":"footprint_estimate","id":"s_upstate_00295","in_steam":false,"in_uten":false,"name":"Unnamed pool","region":"upstate","sources":["osm_overpass"],"steam_heated":false},"type":"Feature"},{"geometry":{"coordinates":[-78.786351,42.955721],"type":"Point"},"properties":{"area_m2":49.14694748760667,"area_source":"osm","cat":"pool","demand_kwh":19658.778995042667,"demand_source":"footprint_estimate","id":"s_upstate_00296","in_steam":false,"in_uten":false,"name":"Unnamed pool","region":"upstate","sources":["osm_overpass"],"steam_heated":false},"type":"Feature"},{"geometry":{"coordinates":[-78.784595,42.956089],"type":"Point"},"properties":{"area_m2":50.82955650606891,"area_source":"osm","cat":"pool","demand_kwh":20331.822602427565,"demand_source":"footprint_estimate","id":"s_upstate_00297","in_steam":false,"in_uten":false,"name":"Unnamed pool","region":"upstate","sources":["osm_overpass"],"steam_heated":false},"type":"Feature"},{"geometry":{"coordinates":[-78.787822,42.956127],"type":"Point"},"properties":{"area_m2":68.43145787273534,"area_source":"osm","cat":"pool","demand_kwh":27372.583149094135,"demand_source":"footprint_estimate","id":"s_upstate_00298","in_steam":false,"in_uten":false,"name":"Unnamed pool","region":"upstate","sources":["osm_overpass"],"steam_heated":false},"type":"Feature"},{"geometry":{"coordinates":[-78.769573,42.95645],"type":"Point"},"properties":{"area_m2":43.120375282131135,"area_source":"osm","cat":"pool","demand_kwh":17248.150112852454,"demand_source":"footprint_estimate","id":"s_upstate_00299","in_steam":false,"in_uten":false,"name":"Unnamed pool","region":"upstate","sources":["osm_overpass"],"steam_heated":false},"type":"Feature"},{"geometry":{"coordinates":[-78.841867,42.956587],"type":"Point"},"properties":{"area_m2":25216.875718642026,"area_source":"osm","cat":"school","demand_kwh":9078075.25871113,"demand_source":"footprint_estimate","id":"s_upstate_00300","in_steam":false,"in_uten":false,"name":"Unnamed school","region":"upstate","sources":["osm_overpass"],"steam_heated":false},"type":"Feature"},{"geometry":{"coordinates":[-78.815463,42.957194],"type":"Point"},"properties":{"area_m2":3423.8794156890363,"area_source":"osm","cat":"university","demand_kwh":2054327.6494134218,"demand_source":"footprint_estimate","id":"s_upstate_00301","in_steam":false,"in_uten":false,"name":"Goodyear Hall","region":"upstate","sources":["osm_overpass"],"steam_heated":false},"type":"Feature"},{"geometry":{"coordinates":[-78.814492,42.957599],"type":"Point"},"properties":{"area_m2":1345.078511996282,"area_source":"osm","cat":"university","demand_kwh":807047.1071977692,"demand_source":"footprint_estimate","id":"s_upstate_00302","in_steam":false,"in_uten":false,"name":"Clement Hall","region":"upstate","sources":["osm_overpass"],"steam_heated":false},"type":"Feature"},{"geometry":{"coordinates":[-78.803003,42.957958],"type":"Point"},"properties":{"area_m2":3751.2089990566747,"area_source":"osm","cat":"office","demand_kwh":2700870.4793208055,"demand_source":"footprint_estimate","id":"s_upstate_00303","in_steam":false,"in_uten":false,"name":"CHC Learning Center","region":"upstate","sources":["osm_overpass"],"steam_heated":false},"type":"Feature"},{"geometry":{"coordinates":[-78.773883,42.959506],"type":"Point"},"properties":{"area_m2":15660.536166652339,"area_source":"osm","cat":"school","demand_kwh":5637793.019994842,"demand_source":"footprint_estimate","id":"s_upstate_00304","in_steam":false,"in_uten":false,"name":"Christ the King School","region":"upstate","sources":["osm_overpass"],"steam_heated":false},"type":"Feature"},{"geometry":{"coordinates":[-78.849077,42.95975],"type":"Point"},"properties":{"area_m2":47543.4728020968,"area_source":"osm","cat":"school","demand_kwh":17115650.20875485,"demand_source":"footprint_estimate","id":"s_upstate_00305","in_steam":false,"in_uten":false,"name":"Saint Joseph's Collegiate Institute","region":"upstate","sources":["osm_overpass"],"steam_heated":false},"type":"Feature"},{"geometry":{"coordinates":[-78.770496,42.960126],"type":"Point"},"properties":{"area_m2":2109.316769291647,"area_source":"osm","cat":"hotel","demand_kwh":3796770.184724964,"demand_source":"footprint_estimate","id":"s_upstate_00306","in_steam":false,"in_uten":false,"name":"Reikart House","region":"upstate","sources":["osm_overpass"],"steam_heated":false},"type":"Feature"},{"geometry":{"coordinates":[-78.777063,42.960583],"type":"Point"},"properties":{"area_m2":72.60472474945709,"area_source":"osm","cat":"pool","demand_kwh":29041.889899782836,"demand_source":"footprint_estimate","id":"s_upstate_00307","in_steam":false,"in_uten":false,"name":"Unnamed pool","region":"upstate","sources":["osm_overpass"],"steam_heated":false},"type":"Feature"},{"geometry":{"coordinates":[-78.769635,42.960817],"type":"Point"},"properties":{"area_m2":1673.9940638029948,"area_source":"osm","cat":"hotel","demand_kwh":3013189.3148453906,"demand_source":"footprint_estimate","id":"s_upstate_00308","in_steam":false,"in_uten":false,"name":"Hyatt Place","region":"upstate","sources":["osm_overpass"],"steam_heated":false},"type":"Feature"},{"geometry":{"coordinates":[-78.829474,42.963786],"type":"Point"},"properties":{"area_m2":17239.78511796519,"area_source":"osm","cat":"school","demand_kwh":6206322.642467469,"demand_source":"footprint_estimate","id":"s_upstate_00309","in_steam":false,"in_uten":false,"name":"Unnamed school","region":"upstate","sources":["osm_overpass"],"steam_heated":false},"type":"Feature"},{"geometry":{"coordinates":[-78.802529,42.964529],"type":"Point"},"properties":{"area_m2":9114.504054424353,"area_source":"osm","cat":"school","demand_kwh":3281221.459592767,"demand_source":"footprint_estimate","id":"s_upstate_00310","in_steam":false,"in_uten":false,"name":"Saint Benedicts School","region":"upstate","sources":["osm_overpass"],"steam_heated":false},"type":"Feature"},{"geometry":{"coordinates":[-78.817741,42.965396],"type":"Point"},"properties":{"area_m2":61071.29757236777,"area_source":"osm","cat":"school","demand_kwh":21985667.126052395,"demand_source":"footprint_estimate","id":"s_upstate_00311","in_steam":false,"in_uten":false,"name":"Unnamed school","region":"upstate","sources":["osm_overpass"],"steam_heated":false},"type":"Feature"},{"geometry":{"coordinates":[-78.86687,42.9664],"type":"Point"},"properties":{"area_m2":6993.946128825693,"area_source":"osm","cat":"school","demand_kwh":2517820.6063772496,"demand_source":"footprint_estimate","id":"s_upstate_00312","in_steam":false,"in_uten":false,"name":"Kenmore Middle School","region":"upstate","sources":["osm_overpass"],"steam_heated":false},"type":"Feature"},{"geometry":{"coordinates":[-78.761225,42.967517],"type":"Point"},"properties":{"area_m2":39793.07756382704,"area_source":"osm","cat":"school","demand_kwh":14325507.922977734,"demand_source":"footprint_estimate","id":"s_upstate_00313","in_steam":false,"in_uten":false,"name":"Forest Elementary School","region":"upstate","sources":["osm_overpass"],"steam_heated":false},"type":"Feature"},{"geometry":{"coordinates":[-78.781526,42.967813],"type":"Point"},"properties":{"area_m2":127439.58675277478,"area_source":"osm","cat":"school","demand_kwh":45878251.23099892,"demand_source":"footprint_estimate","id":"s_upstate_00314","in_steam":false,"in_uten":false,"name":"Park School of Buffalo","region":"upstate","sources":["osm_overpass"],"steam_heated":false},"type":"Feature"},{"geometry":{"coordinates":[-78.781527,42.967923],"type":"Point"},"properties":{"area_m2":63.13237463287078,"area_source":"osm","cat":"greenhouse","demand_kwh":22096.331121504772,"demand_source":"footprint_estimate","id":"s_upstate_00315","in_steam":false,"in_uten":false,"name":"Preston L. Wright Greenhouse","region":"upstate","sources":["osm_overpass"],"steam_heated":false},"type":"Feature"},{"geometry":{"coordinates":[-78.782795,42.968004],"type":"Point"},"properties":{"area_m2":388.0564991980791,"area_source":"osm","cat":"pool","demand_kwh":155222.59967923164,"demand_source":"footprint_estimate","id":"s_upstate_00316","in_steam":false,"in_uten":false,"name":"Unnamed pool","region":"upstate","sources":["osm_overpass"],"steam_heated":false},"type":"Feature"},{"geometry":{"coordinates":[-78.839515,42.969889],"type":"Point"},"properties":{"area_m2":372.3960015513003,"area_source":"osm","cat":"pool","demand_kwh":148958.40062052011,"demand_source":"footprint_estimate","id":"s_upstate_00317","in_steam":false,"in_uten":false,"name":"Lincoln Wading Pool","region":"upstate","sources":["osm_overpass"],"steam_heated":false},"type":"Feature"},{"geometry":{"coordinates":[-78.838613,42.969989],"type":"Point"},"properties":{"area_m2":710.057409111876,"area_source":"osm","cat":"pool","demand_kwh":284022.9636447504,"demand_source":"footprint_estimate","id":"s_upstate_00318","in_steam":false,"in_uten":false,"name":"Lincoln Pool","region":"upstate","sources":["osm_overpass"],"steam_heated":false},"type":"Feature"},{"geometry":{"coordinates":[-78.836672,42.972852],"type":"Point"},"properties":{"area_m2":34691.98592531739,"area_source":"osm","cat":"school","demand_kwh":12489114.93311426,"demand_source":"footprint_estimate","id":"s_upstate_00319","in_steam":false,"in_uten":false,"name":"Adams Field","region":"upstate","sources":["osm_overpass"],"steam_heated":false},"type":"Feature"},{"geometry":{"coordinates":[-78.833995,42.972936],"type":"Point"},"properties":{"area_m2":57398.60607369151,"area_source":"osm","cat":"school","demand_kwh":20663498.186528943,"demand_source":"footprint_estimate","id":"s_upstate_00320","in_steam":false,"in_uten":false,"name":"Benjamin Franklin School","region":"upstate","sources":["osm_overpass"],"steam_heated":false},"type":"Feature"},{"geometry":{"coordinates":[-78.864265,42.973697],"type":"Point"},"properties":{"area_m2":10655.816753092156,"area_source":"osm","cat":"school","demand_kwh":3836094.031113176,"demand_source":"footprint_estimate","id":"s_upstate_00321","in_steam":false,"in_uten":false,"name":"Kenmore West Sr. High School","region":"upstate","sources":["osm_overpass"],"steam_heated":false},"type":"Feature"},{"geometry":{"coordinates":[-76.138803,42.975905],"type":"Point"},"properties":{"area_m2":20272.247510096524,"area_source":"osm","cat":"school","demand_kwh":7298009.103634749,"demand_source":"footprint_estimate","id":"s_upstate_00322","in_steam":false,"in_uten":false,"name":"Rockwell School","region":"upstate","sources":["osm_overpass"],"steam_heated":false},"type":"Feature"},{"geometry":{"coordinates":[-78.842844,42.977645],"type":"Point"},"properties":{"area_m2":18241.11490743654,"area_source":"osm","cat":"school","demand_kwh":6566801.366677154,"demand_source":"footprint_estimate","id":"s_upstate_00323","in_steam":false,"in_uten":false,"name":"Jefferson School","region":"upstate","sources":["osm_overpass"],"steam_heated":false},"type":"Feature"},{"geometry":{"coordinates":[-78.782039,42.97963],"type":"Point"},"properties":{"area_m2":1538.8678061310202,"area_source":"osm","cat":"hotel","demand_kwh":2769962.0510358363,"demand_source":"footprint_estimate","id":"s_upstate_00324","in_steam":false,"in_uten":false,"name":"Courtyard Buffalo Amherst/University","region":"upstate","sources":["osm_overpass"],"steam_heated":false},"type":"Feature"},{"geometry":{"coordinates":[-78.854813,42.980338],"type":"Point"},"properties":{"area_m2":342.48172590800095,"area_source":"osm","cat":"greenhouse","demand_kwh":119868.60406780033,"demand_source":"footprint_estimate","id":"s_upstate_00325","in_steam":false,"in_uten":false,"name":"Unnamed greenhouse","region":"upstate","sources":["osm_overpass"],"steam_heated":false},"type":"Feature"},{"geometry":{"coordinates":[-78.862729,42.982235],"type":"Point"},"properties":{"area_m2":88742.57689251998,"area_source":"osm","cat":"school","demand_kwh":31947327.681307197,"demand_source":"footprint_estimate","id":"s_upstate_00326","in_steam":false,"in_uten":false,"name":"Unnamed school","region":"upstate","sources":["osm_overpass"],"steam_heated":false},"type":"Feature"},{"geometry":{"coordinates":[-78.808978,42.982548],"type":"Point"},"properties":{"area_m2":22605.446430581156,"area_source":"osm","cat":"school","demand_kwh":8137960.715009216,"demand_source":"footprint_estimate","id":"s_upstate_00327","in_steam":false,"in_uten":false,"name":"Temple Beth Zion School","region":"upstate","sources":["osm_overpass"],"steam_heated":false},"type":"Feature"},{"geometry":{"coordinates":[-78.860247,42.982828],"type":"Point"},"properties":{"area_m2":26.475191415753216,"area_source":"osm","cat":"pool","demand_kwh":10590.076566301286,"demand_source":"footprint_estimate","id":"s_upstate_00328","in_steam":false,"in_uten":false,"name":"Unnamed pool","region":"upstate","sources":["osm_overpass"],"steam_heated":false},"type":"Feature"},{"geometry":{"coordinates":[-78.796085,42.983741],"type":"Point"},"properties":{"area_m2":2218.5349599353576,"area_source":"osm","cat":"hotel","demand_kwh":3993362.9278836437,"demand_source":"footprint_estimate","id":"s_upstate_00329","in_steam":false,"in_uten":false,"name":"Homewood Suites by Hilton Buffalo-Amherst","region":"upstate","sources":["osm_overpass"],"steam_heated":false},"type":"Feature"},{"geometry":{"coordinates":[-78.780327,42.9862],"type":"Point"},"properties":{"area_m2":29131.57913862914,"area_source":"osm","cat":"school","demand_kwh":10487368.48990649,"demand_source":"footprint_estimate","id":"s_upstate_00330","in_steam":false,"in_uten":false,"name":"Maplemere Elementary School","region":"upstate","sources":["osm_overpass"],"steam_heated":false},"type":"Feature"},{"geometry":{"coordinates":[-76.147505,42.98672],"type":"Point"},"properties":{"area_m2":31554.534477577545,"area_source":"osm","cat":"school","demand_kwh":11359632.411927916,"demand_source":"footprint_estimate","id":"s_upstate_00331","in_steam":false,"in_uten":false,"name":"Meachem Elementary School","region":"upstate","sources":["osm_overpass"],"steam_heated":false},"type":"Feature"},{"geometry":{"coordinates":[-78.846915,42.987132],"type":"Point"},"properties":{"area_m2":36.70150779793039,"area_source":"osm","cat":"pool","demand_kwh":14680.603119172156,"demand_source":"footprint_estimate","id":"s_upstate_00332","in_steam":false,"in_uten":false,"name":"Unnamed pool","region":"upstate","sources":["osm_overpass"],"steam_heated":false},"type":"Feature"},{"geometry":{"coordinates":[-78.801404,42.98774],"type":"Point"},"properties":{"area_m2":3623.00697814289,"area_source":"osm","cat":"office","demand_kwh":652141.2560657202,"demand_source":"footprint_estimate","id":"s_upstate_00333","in_steam":false,"in_uten":false,"name":"500 Corporate Parkway","region":"upstate","sources":["osm_overpass"],"steam_heated":false},"type":"Feature"},{"geometry":{"coordinates":[-78.800502,42.988368],"type":"Point"},"properties":{"area_m2":6054.671904795803,"area_source":"osm","cat":"office","demand_kwh":1089840.9428632446,"demand_source":"footprint_estimate","id":"s_upstate_00334","in_steam":false,"in_uten":false,"name":"300 Corporate Parkway","region":"upstate","sources":["osm_overpass"],"steam_heated":false},"type":"Feature"},{"geometry":{"coordinates":[-78.792907,42.988534],"type":"Point"},"properties":{"area_m2":6896.311939353123,"area_source":"osm","cat":"hotel","demand_kwh":12413361.490835622,"demand_source":"footprint_estimate","id":"s_upstate_00335","in_steam":false,"in_uten":false,"name":"Buffalo Marriott Niagara","region":"upstate","sources":["osm_overpass"],"steam_heated":false},"type":"Feature"},{"geometry":{"coordinates":[-78.792621,42.988765],"type":"Point"},"properties":{"area_m2":109.76033516298048,"area_source":"osm","cat":"pool","demand_kwh":43904.13406519219,"demand_source":"footprint_estimate","id":"s_upstate_00336","in_steam":false,"in_uten":false,"name":"Unnamed pool","region":"upstate","sources":["osm_overpass"],"steam_heated":false},"type":"Feature"},{"geometry":{"coordinates":[-78.799583,42.988965],"type":"Point"},"properties":{"area_m2":3534.9528181857895,"area_source":"osm","cat":"office","demand_kwh":1590728.7681836053,"demand_source":"footprint_estimate","id":"s_upstate_00337","in_steam":false,"in_uten":false,"name":"100 Corporate Parkway","region":"upstate","sources":["osm_overpass"],"steam_heated":false},"type":"Feature"},{"geometry":{"coordinates":[-78.834606,42.989578],"type":"Point"},"properties":{"area_m2":65721.7180500585,"area_source":"osm","cat":"school","demand_kwh":23659818.49802106,"demand_source":"footprint_estimate","id":"s_upstate_00338","in_steam":false,"in_uten":false,"name":"Kenmore East High School","region":"upstate","sources":["osm_overpass"],"steam_heated":false},"type":"Feature"},{"geometry":{"coordinates":[-78.794115,42.98983],"type":"Point"},"properties":{"area_m2":1067.7635281432886,"area_source":"osm","cat":"hotel","demand_kwh":1921974.3506579194,"demand_source":"footprint_estimate","id":"s_upstate_00339","in_steam":false,"in_uten":false,"name":"Candlewood Suites Buffalo Amherst","region":"upstate","sources":["osm_overpass"],"steam_heated":false},"type":"Feature"},{"geometry":{"coordinates":[-78.795159,42.989947],"type":"Point"},"properties":{"area_m2":2941.319985027658,"area_source":"osm","cat":"hotel","demand_kwh":5294375.973049784,"demand_source":"footprint_estimate","id":"s_upstate_00340","in_steam":false,"in_uten":false,"name":"DoubleTree by Hilton Hotel Buffalo - Amherst","region":"upstate","sources":["osm_overpass"],"steam_heated":false},"type":"Feature"},{"geometry":{"coordinates":[-78.755903,42.989969],"type":"Point"},"properties":{"area_m2":55111.59513846785,"area_source":"osm","cat":"school","demand_kwh":19840174.249848425,"demand_source":"footprint_estimate","id":"s_upstate_00341","in_steam":false,"in_uten":false,"name":"Maple West Elementary School","region":"upstate","sources":["osm_overpass"],"steam_heated":false},"type":"Feature"},{"geometry":{"coordinates":[-78.790832,42.990469],"type":"Point"},"properties":{"area_m2":1498.3211043761112,"area_source":"osm","cat":"hotel","demand_kwh":2696977.987877,"demand_source":"footprint_estimate","id":"s_upstate_00342","in_steam":false,"in_uten":false,"name":"Comfort Inn University","region":"upstate","sources":["osm_overpass"],"steam_heated":false},"type":"Feature"},{"geometry":{"coordinates":[-78.856601,42.99047],"type":"Point"},"properties":{"area_m2":27.438599958491977,"area_source":"osm","cat":"pool","demand_kwh":10975.439983396791,"demand_source":"footprint_estimate","id":"s_upstate_00343","in_steam":false,"in_uten":false,"name":"Unnamed pool","region":"upstate","sources":["osm_overpass"],"steam_heated":false},"type":"Feature"},{"geometry":{"coordinates":[-76.132039,42.991173],"type":"Point"},"properties":{"area_m2":176257.9780057408,"area_source":"osm","cat":"university","demand_kwh":105754786.80344447,"demand_source":"footprint_estimate","id":"s_upstate_00344","in_steam":false,"in_uten":false,"name":"Lafayette Road Experiment Station","region":"upstate","sources":["osm_overpass"],"steam_heated":false},"type":"Feature"},{"geometry":{"coordinates":[-78.808672,42.992768],"type":"Point"},"properties":{"area_m2":131536.2207102608,"area_source":"osm","cat":"school","demand_kwh":47353039.455693886,"demand_source":"footprint_estimate","id":"s_upstate_00345","in_steam":false,"in_uten":false,"name":"Sweet Home Middle School","region":"upstate","sources":["osm_overpass"],"steam_heated":false},"type":"Feature"},{"geometry":{"coordinates":[-78.75771,42.993068],"type":"Point"},"properties":{"area_m2":104.26544905721676,"area_source":"osm","cat":"pool","demand_kwh":41706.1796228867,"demand_source":"footprint_estimate","id":"s_upstate_00346","in_steam":false,"in_uten":false,"name":"Unnamed pool","region":"upstate","sources":["osm_overpass"],"steam_heated":false},"type":"Feature"},{"geometry":{"coordinates":[-76.075536,42.993453],"type":"Point"},"properties":{"area_m2":62012.72199068777,"area_source":"osm","cat":"school","demand_kwh":22324579.9166476,"demand_source":"footprint_estimate","id":"s_upstate_00347","in_steam":false,"in_uten":false,"name":"Jamesville Elementary School","region":"upstate","sources":["osm_overpass"],"steam_heated":false},"type":"Feature"},{"geometry":{"coordinates":[-78.785355,42.994074],"type":"Point"},"properties":{"area_m2":1446.8235617773607,"area_source":"osm","cat":"hotel","demand_kwh":2604282.4111992493,"demand_source":"footprint_estimate","id":"s_upstate_00348","in_steam":false,"in_uten":false,"name":"Hampton Inn Buffalo - Amherst","region":"upstate","sources":["osm_overpass"],"steam_heated":false},"type":"Feature"},{"geometry":{"coordinates":[-78.800778,42.994422],"type":"Point"},"properties":{"area_m2":79.84793240576982,"area_source":"osm","cat":"pool","demand_kwh":31939.17296230793,"demand_source":"footprint_estimate","id":"s_upstate_00349","in_steam":false,"in_uten":false,"name":"Unnamed pool","region":"upstate","sources":["osm_overpass"],"steam_heated":false},"type":"Feature"},{"geometry":{"coordinates":[-78.844417,42.994588],"type":"Point"},"properties":{"area_m2":31082.474318126217,"area_source":"osm","cat":"school","demand_kwh":11189690.754525438,"demand_source":"footprint_estimate","id":"s_upstate_00350","in_steam":false,"in_uten":false,"name":"Unnamed school","region":"upstate","sources":["osm_overpass"],"steam_heated":false},"type":"Feature"},{"geometry":{"coordinates":[-78.816871,42.995768],"type":"Point"},"properties":{"area_m2":5620.75055768434,"area_source":"osm","cat":"office","demand_kwh":505867.55019159056,"demand_source":"footprint_estimate","id":"s_upstate_00351","in_steam":false,"in_uten":false,"name":"Unnamed office","region":"upstate","sources":["osm_overpass"],"steam_heated":false},"type":"Feature"},{"geometry":{"coordinates":[-78.802613,42.996178],"type":"Point"},"properties":{"area_m2":1682.6822696433373,"area_source":"osm","cat":"hotel","demand_kwh":3028828.0853580073,"demand_source":"footprint_estimate","id":"s_upstate_00352","in_steam":false,"in_uten":false,"name":"Fairfield Inn & Suites Buffalo Amherst/University","region":"upstate","sources":["osm_overpass"],"steam_heated":false},"type":"Feature"},{"geometry":{"coordinates":[-78.815701,42.996249],"type":"Point"},"properties":{"area_m2":8630.634993274041,"area_source":"osm","cat":"office","demand_kwh":776757.1493946637,"demand_source":"footprint_estimate","id":"s_upstate_00353","in_steam":false,"in_uten":false,"name":"Unnamed office","region":"upstate","sources":["osm_overpass"],"steam_heated":false},"type":"Feature"},{"geometry":{"coordinates":[-78.817423,42.996544],"type":"Point"},"properties":{"area_m2":3342.9481491869083,"area_source":"osm","cat":"office","demand_kwh":300865.33342682174,"demand_source":"footprint_estimate","id":"s_upstate_00354","in_steam":false,"in_uten":false,"name":"Unnamed office","region":"upstate","sources":["osm_overpass"],"steam_heated":false},"type":"Feature"},{"geometry":{"coordinates":[-78.866214,42.996557],"type":"Point"},"properties":{"area_m2":null,"area_source":"none","cat":"hotel","demand_kwh":1500000.0,"demand_source":"category_default","id":"s_upstate_00355","in_steam":false,"in_uten":false,"name":"Center Way Hotel Tonawanda","region":"upstate","sources":["osm_overpass"],"steam_heated":false},"type":"Feature"},{"geometry":{"coordinates":[-78.830152,42.996567],"type":"Point"},"properties":{"area_m2":41766.72922522202,"area_source":"osm","cat":"school","demand_kwh":15036022.521079928,"demand_source":"footprint_estimate","id":"s_upstate_00356","in_steam":false,"in_uten":false,"name":"Unnamed school","region":"upstate","sources":["osm_overpass"],"steam_heated":false},"type":"Feature"},{"geometry":{"coordinates":[-78.844786,42.996793],"type":"Point"},"properties":{"area_m2":34594.49415078538,"area_source":"osm","cat":"school","demand_kwh":12454017.894282736,"demand_source":"footprint_estimate","id":"s_upstate_00357","in_steam":false,"in_uten":false,"name":"Unnamed school","region":"upstate","sources":["osm_overpass"],"steam_heated":false},"type":"Feature"},{"geometry":{"coordinates":[-76.145894,42.996961],"type":"Point"},"properties":{"area_m2":83799.12865544725,"area_source":"osm","cat":"school","demand_kwh":30167686.315961007,"demand_source":"footprint_estimate","id":"s_upstate_00358","in_steam":false,"in_uten":false,"name":"Clary Middle School","region":"upstate","sources":["osm_overpass"],"steam_heated":false},"type":"Feature"},{"geometry":{"coordinates":[-78.801561,42.996985],"type":"Point"},"properties":{"area_m2":1552.2097599970948,"area_source":"osm","cat":"hotel","demand_kwh":2793977.5679947706,"demand_source":"footprint_estimate","id":"s_upstate_00359","in_steam":false,"in_uten":false,"name":"Staybridge Suites Buffalo-Amherst","region":"upstate","sources":["osm_overpass"],"steam_heated":false},"type":"Feature"},{"geometry":{"coordinates":[-78.799301,42.999519],"type":"Point"},"properties":{"area_m2":32.158384383888915,"area_source":"osm","cat":"pool","demand_kwh":12863.353753555566,"demand_source":"footprint_estimate","id":"s_upstate_00360","in_steam":false,"in_uten":false,"name":"Unnamed pool","region":"upstate","sources":["osm_overpass"],"steam_heated":false},"type":"Feature"},{"geometry":{"coordinates":[-78.741287,42.999583],"type":"Point"},"properties":{"area_m2":765.6584210789297,"area_source":"osm","cat":"pool","demand_kwh":306263.3684315719,"demand_source":"footprint_estimate","id":"s_upstate_00361","in_steam":false,"in_uten":false,"name":"Unnamed pool","region":"upstate","sources":["osm_overpass"],"steam_heated":false},"type":"Feature"},{"geometry":{"coordinates":[-78.862515,43.00004],"type":"Point"},"properties":{"area_m2":8763.73131155534,"area_source":"osm","cat":"school","demand_kwh":3154943.272159923,"demand_source":"footprint_estimate","id":"s_upstate_00362","in_steam":false,"in_uten":false,"name":"Unnamed school","region":"upstate","sources":["osm_overpass"],"steam_heated":false},"type":"Feature"},{"geometry":{"coordinates":[-78.818328,43.00044],"type":"Point"},"properties":{"area_m2":715.0539448976197,"area_source":"osm","cat":"greenhouse","demand_kwh":250268.88071416688,"demand_source":"footprint_estimate","id":"s_upstate_00363","in_steam":false,"in_uten":false,"name":"Unnamed greenhouse","region":"upstate","sources":["osm_overpass"],"steam_heated":false},"type":"Feature"},{"geometry":{"coordinates":[-78.821307,43.001867],"type":"Point"},"properties":{"area_m2":1364.402633253747,"area_source":"osm","cat":"hotel","demand_kwh":1227962.369928372,"demand_source":"footprint_estimate","id":"s_upstate_00364","in_steam":false,"in_uten":false,"name":"Home2 Suites by Hilton Amherst Buffalo","region":"upstate","sources":["osm_overpass"],"steam_heated":false},"type":"Feature"},{"geometry":{"coordinates":[-78.787306,43.002045],"type":"Point"},"properties":{"area_m2":3723953.2919821776,"area_source":"osm","cat":"university","demand_kwh":2234371975.1893067,"demand_source":"footprint_estimate","id":"s_upstate_00365","in_steam":false,"in_uten":false,"name":"University at Buffalo - North Campus","region":"upstate","sources":["osm_overpass"],"steam_heated":false},"type":"Feature"},{"geometry":{"coordinates":[-76.147991,43.002752],"type":"Point"},"properties":{"area_m2":24241.88221328985,"area_source":"osm","cat":"school","demand_kwh":8727077.596784346,"demand_source":"footprint_estimate","id":"s_upstate_00366","in_steam":false,"in_uten":false,"name":"Faith Heritage School","region":"upstate","sources":["osm_overpass"],"steam_heated":false},"type":"Feature"},{"geometry":{"coordinates":[-78.80997,43.003435],"type":"Point"},"properties":{"area_m2":149.78563638031483,"area_source":"osm","cat":"pool","demand_kwh":59914.25455212593,"demand_source":"footprint_estimate","id":"s_upstate_00367","in_steam":false,"in_uten":false,"name":"Unnamed pool","region":"upstate","sources":["osm_overpass"],"steam_heated":false},"type":"Feature"},{"geometry":{"coordinates":[-78.812653,43.003965],"type":"Point"},"properties":{"area_m2":139.66984048113227,"area_source":"osm","cat":"pool","demand_kwh":55867.93619245291,"demand_source":"footprint_estimate","id":"s_upstate_00368","in_steam":false,"in_uten":false,"name":"Unnamed pool","region":"upstate","sources":["osm_overpass"],"steam_heated":false},"type":"Feature"},{"geometry":{"coordinates":[-78.8669,43.004582],"type":"Point"},"properties":{"area_m2":21407.670151254162,"area_source":"osm","cat":"school","demand_kwh":7706761.254451498,"demand_source":"footprint_estimate","id":"s_upstate_00369","in_steam":false,"in_uten":false,"name":"Mullen Elementary School","region":"upstate","sources":["osm_overpass"],"steam_heated":false},"type":"Feature"},{"geometry":{"coordinates":[-78.818841,43.004722],"type":"Point"},"properties":{"area_m2":1930.4703873958642,"area_source":"osm","cat":"hotel","demand_kwh":1042454.0091937666,"demand_source":"footprint_estimate","id":"s_upstate_00370","in_steam":false,"in_uten":false,"name":"Studio 6 Corporate Extended Stay Amherst Buffalo NY","region":"upstate","sources":["osm_overpass"],"steam_heated":false},"type":"Feature"},{"geometry":{"coordinates":[-78.817545,43.004877],"type":"Point"},"properties":{"area_m2":839.2249079468165,"area_source":"osm","cat":"hotel","demand_kwh":755302.4171521349,"demand_source":"footprint_estimate","id":"s_upstate_00371","in_steam":false,"in_uten":false,"name":"La Quinta Inn & Suites Buffalo Amherst","region":"upstate","sources":["osm_overpass"],"steam_heated":false},"type":"Feature"},{"geometry":{"coordinates":[-78.81902,43.005583],"type":"Point"},"properties":{"area_m2":946.1268789642781,"area_source":"osm","cat":"hotel","demand_kwh":1703028.3821357007,"demand_source":"footprint_estimate","id":"s_upstate_00372","in_steam":false,"in_uten":false,"name":"Sleep Inn","region":"upstate","sources":["osm_overpass"],"steam_heated":false},"type":"Feature"},{"geometry":{"coordinates":[-78.816147,43.006032],"type":"Point"},"properties":{"area_m2":119.2698101773858,"area_source":"osm","cat":"pool","demand_kwh":47707.92407095432,"demand_source":"footprint_estimate","id":"s_upstate_00373","in_steam":false,"in_uten":false,"name":"Unnamed pool","region":"upstate","sources":["osm_overpass"],"steam_heated":false},"type":"Feature"},{"geometry":{"coordinates":[-76.168261,43.007597],"type":"Point"},"properties":{"area_m2":104972.34173099138,"area_source":"osm","cat":"hospital","demand_kwh":131215427.16373922,"demand_source":"footprint_estimate","id":"s_upstate_00374","in_steam":false,"in_uten":false,"name":"Upstate University Hospital Community Campus","region":"upstate","sources":["osm_overpass"],"steam_heated":false},"type":"Feature"},{"geometry":{"coordinates":[-78.814617,43.007665],"type":"Point"},"properties":{"area_m2":120.37505427910946,"area_source":"osm","cat":"pool","demand_kwh":48150.021711643785,"demand_source":"footprint_estimate","id":"s_upstate_00375","in_steam":false,"in_uten":false,"name":"Unnamed pool","region":"upstate","sources":["osm_overpass"],"steam_heated":false},"type":"Feature"},{"geometry":{"coordinates":[-78.796375,43.009276],"type":"Point"},"properties":{"area_m2":206840.92383282073,"area_source":"osm","cat":"school","demand_kwh":74462732.57981546,"demand_source":"footprint_estimate","id":"s_upstate_00376","in_steam":false,"in_uten":false,"name":"Sweet Home High School","region":"upstate","sources":["osm_overpass"],"steam_heated":false},"type":"Feature"},{"geometry":{"coordinates":[-78.773024,43.010105],"type":"Point"},"properties":{"area_m2":3724.912179150153,"area_source":"osm","cat":"office","demand_kwh":2681936.76898811,"demand_source":"footprint_estimate","id":"s_upstate_00377","in_steam":false,"in_uten":false,"name":"Unnamed office","region":"upstate","sources":["osm_overpass"],"steam_heated":false},"type":"Feature"},{"geometry":{"coordinates":[-78.820046,43.010868],"type":"Point"},"properties":{"area_m2":525.6264915118227,"area_source":"osm","cat":"greenhouse","demand_kwh":183969.27202913794,"demand_source":"footprint_estimate","id":"s_upstate_00378","in_steam":false,"in_uten":false,"name":"Unnamed greenhouse","region":"upstate","sources":["osm_overpass"],"steam_heated":false},"type":"Feature"},{"geometry":{"coordinates":[-78.772866,43.011194],"type":"Point"},"properties":{"area_m2":3983.424252597615,"area_source":"osm","cat":"office","demand_kwh":2868065.461870283,"demand_source":"footprint_estimate","id":"s_upstate_00379","in_steam":false,"in_uten":false,"name":"Unnamed office","region":"upstate","sources":["osm_overpass"],"steam_heated":false},"type":"Feature"},{"geometry":{"coordinates":[-78.862347,43.011604],"type":"Point"},"properties":{"area_m2":48.94806691154372,"area_source":"osm","cat":"pool","demand_kwh":19579.226764617488,"demand_source":"footprint_estimate","id":"s_upstate_00380","in_steam":false,"in_uten":false,"name":"Unnamed pool","region":"upstate","sources":["osm_overpass"],"steam_heated":false},"type":"Feature"},{"geometry":{"coordinates":[-76.13169,43.012302],"type":"Point"},"properties":{"area_m2":null,"area_source":"none","cat":"brewery","demand_kwh":600000.0,"demand_source":"category_default","id":"s_upstate_00381","in_steam":false,"in_uten":false,"name":"Willow Rock Brewing Company","region":"upstate","sources":["osm_overpass"],"steam_heated":false},"type":"Feature"},{"geometry":{"coordinates":[-78.807714,43.013408],"type":"Point"},"properties":{"area_m2":5642.307598159852,"area_source":"osm","cat":"school","demand_kwh":2031230.7353375468,"demand_source":"footprint_estimate","id":"s_upstate_00382","in_steam":false,"in_uten":false,"name":"Willow Ridge Elementary","region":"upstate","sources":["osm_overpass"],"steam_heated":false},"type":"Feature"},{"geometry":{"coordinates":[-78.794811,43.014804],"type":"Point"},"properties":{"area_m2":150.9190723770298,"area_source":"osm","cat":"pool","demand_kwh":60367.62895081192,"demand_source":"footprint_estimate","id":"s_upstate_00383","in_steam":false,"in_uten":false,"name":"Unnamed pool","region":"upstate","sources":["osm_overpass"],"steam_heated":false},"type":"Feature"},{"geometry":{"coordinates":[-78.84498,43.015581],"type":"Point"},"properties":{"area_m2":274.23567562550306,"area_source":"osm","cat":"pool","demand_kwh":109694.27025020123,"demand_source":"footprint_estimate","id":"s_upstate_00384","in_steam":false,"in_uten":false,"name":"Unnamed pool","region":"upstate","sources":["osm_overpass"],"steam_heated":false},"type":"Feature"},{"geometry":{"coordinates":[-76.150892,43.015672],"type":"Point"},"properties":{"area_m2":929.5121557696257,"area_source":"osm","cat":"pool","demand_kwh":371804.8623078503,"demand_source":"footprint_estimate","id":"s_upstate_00385","in_steam":false,"in_uten":false,"name":"McKinley Park Pool","region":"upstate","sources":["osm_overpass"],"steam_heated":false},"type":"Feature"},{"geometry":{"coordinates":[-78.793828,43.016068],"type":"Point"},"properties":{"area_m2":82.31910405308008,"area_source":"osm","cat":"pool","demand_kwh":32927.64162123203,"demand_source":"footprint_estimate","id":"s_upstate_00386","in_steam":false,"in_uten":false,"name":"Unnamed pool","region":"upstate","sources":["osm_overpass"],"steam_heated":false},"type":"Feature"},{"geometry":{"coordinates":[-78.835607,43.016743],"type":"Point"},"properties":{"area_m2":216.5109985806048,"area_source":"osm","cat":"wwtp","demand_kwh":21651.09985806048,"demand_source":"footprint_estimate","id":"s_upstate_00387","in_steam":false,"in_uten":false,"name":"Town of Tonawanda Lift Station No. 3","region":"upstate","sources":["osm_overpass"],"steam_heated":false},"type":"Feature"},{"geometry":{"coordinates":[-76.1439,43.017398],"type":"Point"},"properties":{"area_m2":17193.013513486832,"area_source":"osm","cat":"school","demand_kwh":6189484.86485526,"demand_source":"footprint_estimate","id":"s_upstate_00388","in_steam":false,"in_uten":false,"name":"McKinley-Brighton Elementary School","region":"upstate","sources":["osm_overpass"],"steam_heated":false},"type":"Feature"},{"geometry":{"coordinates":[-78.771602,43.017624],"type":"Point"},"properties":{"area_m2":1398.6836388592492,"area_source":"osm","cat":"pool","demand_kwh":559473.4555436997,"demand_source":"footprint_estimate","id":"s_upstate_00389","in_steam":false,"in_uten":false,"name":"Audubon Pool","region":"upstate","sources":["osm_overpass"],"steam_heated":false},"type":"Feature"},{"geometry":{"coordinates":[-76.173214,43.017657],"type":"Point"},"properties":{"area_m2":67068.52354942821,"area_source":"osm","cat":"school","demand_kwh":24144668.477794155,"demand_source":"footprint_estimate","id":"s_upstate_00390","in_steam":false,"in_uten":false,"name":"Corcoran High School","region":"upstate","sources":["osm_overpass"],"steam_heated":false},"type":"Feature"},{"geometry":{"coordinates":[-76.171789,43.0186],"type":"Point"},"properties":{"area_m2":20120.937223553658,"area_source":"osm","cat":"school","demand_kwh":7243537.400479317,"demand_source":"footprint_estimate","id":"s_upstate_00391","in_steam":false,"in_uten":false,"name":"J.T. Roberts PreK-8 School","region":"upstate","sources":["osm_overpass"],"steam_heated":false},"type":"Feature"},{"geometry":{"coordinates":[-78.794235,43.018668],"type":"Point"},"properties":{"area_m2":194.599823000608,"area_source":"osm","cat":"pool","demand_kwh":77839.9292002432,"demand_source":"footprint_estimate","id":"s_upstate_00392","in_steam":false,"in_uten":false,"name":"Unnamed pool","region":"upstate","sources":["osm_overpass"],"steam_heated":false},"type":"Feature"},{"geometry":{"coordinates":[-78.741698,43.019304],"type":"Point"},"properties":{"area_m2":102.73570868157549,"area_source":"osm","cat":"pool","demand_kwh":41094.283472630195,"demand_source":"footprint_estimate","id":"s_upstate_00393","in_steam":false,"in_uten":false,"name":"Unnamed pool","region":"upstate","sources":["osm_overpass"],"steam_heated":false},"type":"Feature"},{"geometry":{"coordinates":[-78.822806,43.020057],"type":"Point"},"properties":{"area_m2":1949.1450546974156,"area_source":"osm","cat":"hotel","demand_kwh":3508461.098455348,"demand_source":"footprint_estimate","id":"s_upstate_00394","in_steam":false,"in_uten":false,"name":"Holiday Inn Express & Suites Tonawanda - Buffalo Area","region":"upstate","sources":["osm_overpass"],"steam_heated":false},"type":"Feature"},{"geometry":{"coordinates":[-76.160811,43.020154],"type":"Point"},"properties":{"area_m2":9772.521812763996,"area_source":"osm","cat":"school","demand_kwh":3518107.8525950387,"demand_source":"footprint_estimate","id":"s_upstate_00395","in_steam":false,"in_uten":false,"name":"Elmwood Elementary School","region":"upstate","sources":["osm_overpass"],"steam_heated":false},"type":"Feature"},{"geometry":{"coordinates":[-76.100313,43.020271],"type":"Point"},"properties":{"area_m2":30709.199567195028,"area_source":"osm","cat":"school","demand_kwh":11055311.84419021,"demand_source":"footprint_estimate","id":"s_upstate_00396","in_steam":false,"in_uten":false,"name":"Tecumseh Elementary School","region":"upstate","sources":["osm_overpass"],"steam_heated":false},"type":"Feature"},{"geometry":{"coordinates":[-78.762855,43.022029],"type":"Point"},"properties":{"area_m2":29.351911048666807,"area_source":"osm","cat":"pool","demand_kwh":11740.764419466723,"demand_source":"footprint_estimate","id":"s_upstate_00397","in_steam":false,"in_uten":false,"name":"Unnamed pool","region":"upstate","sources":["osm_overpass"],"steam_heated":false},"type":"Feature"},{"geometry":{"coordinates":[-76.133419,43.023261],"type":"Point"},"properties":{"area_m2":24258.165281805675,"area_source":"osm","cat":"school","demand_kwh":8732939.501450043,"demand_source":"footprint_estimate","id":"s_upstate_00398","in_steam":false,"in_uten":false,"name":"Syracuse Latin","region":"upstate","sources":["osm_overpass"],"steam_heated":false},"type":"Feature"},{"geometry":{"coordinates":[-76.168494,43.024395],"type":"Point"},"properties":{"area_m2":866.3035797029734,"area_source":"osm","cat":"pool","demand_kwh":346521.43188118935,"demand_source":"footprint_estimate","id":"s_upstate_00399","in_steam":false,"in_uten":false,"name":"Onondaga Park Pool","region":"upstate","sources":["osm_overpass"],"steam_heated":false},"type":"Feature"},{"geometry":{"coordinates":[-76.109144,43.026035],"type":"Point"},"properties":{"area_m2":19005.744807178155,"area_source":"osm","cat":"school","demand_kwh":6842068.130584136,"demand_source":"footprint_estimate","id":"s_upstate_00400","in_steam":false,"in_uten":false,"name":"Montessori School of Syracuse","region":"upstate","sources":["osm_overpass"],"steam_heated":false},"type":"Feature"},{"geometry":{"coordinates":[-76.153219,43.026333],"type":"Point"},"properties":{"area_m2":598.0704491073266,"area_source":"osm","cat":"pool","demand_kwh":239228.17964293063,"demand_source":"footprint_estimate","id":"s_upstate_00401","in_steam":false,"in_uten":false,"name":"Kirk Park Pool","region":"upstate","sources":["osm_overpass"],"steam_heated":false},"type":"Feature"},{"geometry":{"coordinates":[-78.824296,43.026755],"type":"Point"},"properties":{"area_m2":37182.14942482312,"area_source":"osm","cat":"school","demand_kwh":13385573.792936321,"demand_source":"footprint_estimate","id":"s_upstate_00402","in_steam":false,"in_uten":false,"name":"Christophers School","region":"upstate","sources":["osm_overpass"],"steam_heated":false},"type":"Feature"},{"geometry":{"coordinates":[-76.162263,43.027096],"type":"Point"},"properties":{"area_m2":865.807977670338,"area_source":"osm","cat":"greenhouse","demand_kwh":303032.7921846183,"demand_source":"footprint_estimate","id":"s_upstate_00403","in_steam":false,"in_uten":false,"name":"Onondaga Greenhouse","region":"upstate","sources":["osm_overpass"],"steam_heated":false},"type":"Feature"},{"geometry":{"coordinates":[-78.784304,43.027169],"type":"Point"},"properties":{"area_m2":84.30326282908209,"area_source":"osm","cat":"pool","demand_kwh":33721.305131632835,"demand_source":"footprint_estimate","id":"s_upstate_00404","in_steam":false,"in_uten":false,"name":"Unnamed pool","region":"upstate","sources":["osm_overpass"],"steam_heated":false},"type":"Feature"},{"geometry":{"coordinates":[-78.765072,43.027445],"type":"Point"},"properties":{"area_m2":121.60742425732315,"area_source":"osm","cat":"pool","demand_kwh":48642.96970292926,"demand_source":"footprint_estimate","id":"s_upstate_00405","in_steam":false,"in_uten":false,"name":"Unnamed pool","region":"upstate","sources":["osm_overpass"],"steam_heated":false},"type":"Feature"},{"geometry":{"coordinates":[-78.800528,43.027457],"type":"Point"},"properties":{"area_m2":6806.795964512043,"area_source":"osm","cat":"office","demand_kwh":4900893.094448671,"demand_source":"footprint_estimate","id":"s_upstate_00406","in_steam":false,"in_uten":false,"name":"Unnamed office","region":"upstate","sources":["osm_overpass"],"steam_heated":false},"type":"Feature"},{"geometry":{"coordinates":[-76.069282,43.027718],"type":"Point"},"properties":{"area_m2":86175.84641392622,"area_source":"osm","cat":"school","demand_kwh":31023304.70901344,"demand_source":"footprint_estimate","id":"s_upstate_00407","in_steam":false,"in_uten":false,"name":"Manlius Pebble Hill School","region":"upstate","sources":["osm_overpass"],"steam_heated":false},"type":"Feature"},{"geometry":{"coordinates":[-76.084427,43.029091],"type":"Point"},"properties":{"area_m2":92614.6263281731,"area_source":"osm","cat":"school","demand_kwh":33341265.478142314,"demand_source":"footprint_estimate","id":"s_upstate_00408","in_steam":false,"in_uten":false,"name":"Jamesville-DeWitt Middle School","region":"upstate","sources":["osm_overpass"],"steam_heated":false},"type":"Feature"},{"geometry":{"coordinates":[-76.123614,43.029528],"type":"Point"},"properties":{"area_m2":24777.653277979232,"area_source":"osm","cat":"school","demand_kwh":8919955.180072524,"demand_source":"footprint_estimate","id":"s_upstate_00409","in_steam":false,"in_uten":false,"name":"Edward Smith School","region":"upstate","sources":["osm_overpass"],"steam_heated":false},"type":"Feature"},{"geometry":{"coordinates":[-76.1509,43.030203],"type":"Point"},"properties":{"area_m2":9012.506147742271,"area_source":"osm","cat":"school","demand_kwh":3244502.2131872177,"demand_source":"footprint_estimate","id":"s_upstate_00410","in_steam":false,"in_uten":false,"name":"Beard School","region":"upstate","sources":["osm_overpass"],"steam_heated":false},"type":"Feature"},{"geometry":{"coordinates":[-78.821136,43.031624],"type":"Point"},"properties":{"area_m2":3879.623162035132,"area_source":"osm","cat":"office","demand_kwh":349166.08458316186,"demand_source":"footprint_estimate","id":"s_upstate_00411","in_steam":false,"in_uten":false,"name":"Creekside Center","region":"upstate","sources":["osm_overpass"],"steam_heated":false},"type":"Feature"},{"geometry":{"coordinates":[-76.11075,43.031788],"type":"Point"},"properties":{"area_m2":43.81272609729058,"area_source":"osm","cat":"pool","demand_kwh":17525.09043891623,"demand_source":"footprint_estimate","id":"s_upstate_00412","in_steam":false,"in_uten":false,"name":"Unnamed pool","region":"upstate","sources":["osm_overpass"],"steam_heated":false},"type":"Feature"},{"geometry":{"coordinates":[-76.089746,43.0323],"type":"Point"},"properties":{"area_m2":121165.15102921473,"area_source":"osm","cat":"school","demand_kwh":43619454.3705173,"demand_source":"footprint_estimate","id":"s_upstate_00413","in_steam":false,"in_uten":false,"name":"Christian Brothers Academy","region":"upstate","sources":["osm_overpass"],"steam_heated":false},"type":"Feature"},{"geometry":{"coordinates":[-78.703199,43.033184],"type":"Point"},"properties":{"area_m2":61.116751927358564,"area_source":"osm","cat":"pool","demand_kwh":24446.700770943426,"demand_source":"footprint_estimate","id":"s_upstate_00414","in_steam":false,"in_uten":false,"name":"Unnamed pool","region":"upstate","sources":["osm_overpass"],"steam_heated":false},"type":"Feature"},{"geometry":{"coordinates":[-76.068567,43.03322],"type":"Point"},"properties":{"area_m2":19812.422360511497,"area_source":"osm","cat":"school","demand_kwh":7132472.049784139,"demand_source":"footprint_estimate","id":"s_upstate_00415","in_steam":false,"in_uten":false,"name":"Moses DeWitt Elementary School","region":"upstate","sources":["osm_overpass"],"steam_heated":false},"type":"Feature"},{"geometry":{"coordinates":[-76.134759,43.033923],"type":"Point"},"properties":{"area_m2":585.6008299794848,"area_source":"osm","cat":"greenhouse","demand_kwh":204960.29049281968,"demand_source":"footprint_estimate","id":"s_upstate_00416","in_steam":false,"in_uten":false,"name":"Old Greenhouse","region":"upstate","sources":["osm_overpass"],"steam_heated":false},"type":"Feature"},{"geometry":{"coordinates":[-76.156643,43.033973],"type":"Point"},"properties":{"area_m2":104.63802715169732,"area_source":"osm","cat":"greenhouse","demand_kwh":36623.30950309406,"demand_source":"footprint_estimate","id":"s_upstate_00417","in_steam":false,"in_uten":false,"name":"Unnamed greenhouse","region":"upstate","sources":["osm_overpass"],"steam_heated":false},"type":"Feature"},{"geometry":{"coordinates":[-76.144296,43.034902],"type":"Point"},"properties":{"area_m2":22017.811559142545,"area_source":"osm","cat":"school","demand_kwh":7926412.161291316,"demand_source":"footprint_estimate","id":"s_upstate_00418","in_steam":false,"in_uten":false,"name":"Dr. King Elementary School","region":"upstate","sources":["osm_overpass"],"steam_heated":false},"type":"Feature"},{"geometry":{"coordinates":[-76.157775,43.035082],"type":"Point"},"properties":{"area_m2":null,"area_source":"none","cat":"pool","demand_kwh":500000.0,"demand_source":"category_default","id":"s_upstate_00419","in_steam":false,"in_uten":false,"name":"Southwest Center Pool","region":"upstate","sources":["osm_overpass"],"steam_heated":false},"type":"Feature"},{"geometry":{"coordinates":[-78.808249,43.035358],"type":"Point"},"properties":{"area_m2":4550.391440804669,"area_source":"osm","cat":"office","demand_kwh":409535.22967242025,"demand_source":"footprint_estimate","id":"s_upstate_00420","in_steam":false,"in_uten":false,"name":"Unnamed office","region":"upstate","sources":["osm_overpass"],"steam_heated":false},"type":"Feature"},{"geometry":{"coordinates":[-78.932515,43.035493],"type":"Point"},"properties":{"area_m2":154642.6631271225,"area_source":"osm","cat":"school","demand_kwh":55671358.7257641,"demand_source":"footprint_estimate","id":"s_upstate_00421","in_steam":false,"in_uten":false,"name":"Grand Island Senior High School","region":"upstate","sources":["osm_overpass"],"steam_heated":false},"type":"Feature"},{"geometry":{"coordinates":[-78.805585,43.035496],"type":"Point"},"properties":{"area_m2":6255.321218745768,"area_source":"osm","cat":"office","demand_kwh":562978.9096871192,"demand_source":"footprint_estimate","id":"s_upstate_00422","in_steam":false,"in_uten":false,"name":"Unnamed office","region":"upstate","sources":["osm_overpass"],"steam_heated":false},"type":"Feature"},{"geometry":{"coordinates":[-76.134921,43.035674],"type":"Point"},"properties":{"area_m2":null,"area_source":"none","cat":"pool","demand_kwh":500000.0,"demand_source":"category_default","id":"s_upstate_00423","in_steam":false,"in_uten":false,"name":"Webster Pool","region":"upstate","sources":["osm_overpass"],"steam_heated":false},"type":"Feature"},{"geometry":{"coordinates":[-78.934896,43.035865],"type":"Point"},"properties":{"area_m2":102941.40104697453,"area_source":"osm","cat":"school","demand_kwh":37058904.37691083,"demand_source":"footprint_estimate","id":"s_upstate_00424","in_steam":false,"in_uten":false,"name":"Veronica E. Connor Middle School","region":"upstate","sources":["osm_overpass"],"steam_heated":false},"type":"Feature"},{"geometry":{"coordinates":[-78.807372,43.038091],"type":"Point"},"properties":{"area_m2":4582.784889518283,"area_source":"osm","cat":"office","demand_kwh":412450.6400566455,"demand_source":"footprint_estimate","id":"s_upstate_00425","in_steam":false,"in_uten":false,"name":"Unnamed office","region":"upstate","sources":["osm_overpass"],"steam_heated":false},"type":"Feature"},{"geometry":{"coordinates":[-76.138889,43.038611],"type":"Point"},"properties":{"area_m2":null,"area_source":"none","cat":"hospital","demand_kwh":8000000.0,"demand_source":"category_default","id":"s_upstate_00426","in_steam":false,"in_uten":false,"name":"Syracuse Veterans Affairs Medical Center","region":"upstate","sources":["osm_overpass"],"steam_heated":false},"type":"Feature"},{"geometry":{"coordinates":[-76.14324,43.039881],"type":"Point"},"properties":{"area_m2":317.4430102482438,"area_source":"osm","cat":"pool","demand_kwh":126977.20409929752,"demand_source":"footprint_estimate","id":"s_upstate_00427","in_steam":false,"in_uten":false,"name":"Wilson Park Pool","region":"upstate","sources":["osm_overpass"],"steam_heated":false},"type":"Feature"},{"geometry":{"coordinates":[-76.097222,43.040326],"type":"Point"},"properties":{"area_m2":204106.2704003714,"area_source":"osm","cat":"school","demand_kwh":73478257.3441337,"demand_source":"footprint_estimate","id":"s_upstate_00428","in_steam":false,"in_uten":false,"name":"Nottingham High School","region":"upstate","sources":["osm_overpass"],"steam_heated":false},"type":"Feature"},{"geometry":{"coordinates":[-78.717723,43.040595],"type":"Point"},"properties":{"area_m2":168.35579592734575,"area_source":"osm","cat":"pool","demand_kwh":67342.3183709383,"demand_source":"footprint_estimate","id":"s_upstate_00429","in_steam":false,"in_uten":false,"name":"Ransom Oaks Pool","region":"upstate","sources":["osm_overpass"],"steam_heated":false},"type":"Feature"},{"geometry":{"coordinates":[-76.139144,43.040818],"type":"Point"},"properties":{"area_m2":null,"area_source":"none","cat":"university","demand_kwh":5000000.0,"demand_source":"category_default","id":"s_upstate_00430","in_steam":false,"in_uten":false,"name":"State University of New York Upstate Medical University","region":"upstate","sources":["osm_overpass"],"steam_heated":false},"type":"Feature"},{"geometry":{"coordinates":[-76.156041,43.041032],"type":"Point"},"properties":{"area_m2":3140.1955473548733,"area_source":"osm","cat":"office","demand_kwh":2260940.7940955088,"demand_source":"footprint_estimate","id":"s_upstate_00431","in_steam":false,"in_uten":false,"name":"Unnamed office","region":"upstate","sources":["osm_overpass"],"steam_heated":false},"type":"Feature"},{"geometry":{"coordinates":[-76.138818,43.041343],"type":"Point"},"properties":{"area_m2":13143.248835339895,"area_source":"osm","cat":"hospital","demand_kwh":16429061.044174869,"demand_source":"footprint_estimate","id":"s_upstate_00432","in_steam":false,"in_uten":false,"name":"Crouse Hospital","region":"upstate","sources":["osm_overpass"],"steam_heated":false},"type":"Feature"},{"geometry":{"coordinates":[-76.136462,43.04193],"type":"Point"},"properties":{"area_m2":null,"area_source":"none","cat":"brewery","demand_kwh":600000.0,"demand_source":"category_default","id":"s_upstate_00433","in_steam":false,"in_uten":false,"name":"Orange Crate Brewing Co.","region":"upstate","sources":["osm_overpass"],"steam_heated":false},"type":"Feature"},{"geometry":{"coordinates":[-76.138563,43.04214],"type":"Point"},"properties":{"area_m2":384.0608779283066,"area_source":"osm","cat":"hospital","demand_kwh":1152182.6337849197,"demand_source":"footprint_estimate","id":"s_upstate_00434","in_steam":false,"in_uten":false,"name":"Upstate Golisano Children's Hospital","region":"upstate","sources":["osm_overpass"],"steam_heated":false},"type":"Feature"},{"geometry":{"coordinates":[-76.150252,43.042294],"type":"Point"},"properties":{"area_m2":6623.106899373233,"area_source":"osm","cat":"school","demand_kwh":2384318.483774364,"demand_source":"footprint_estimate","id":"s_upstate_00435","in_steam":false,"in_uten":false,"name":"STEAM High School","region":"upstate","sources":["osm_overpass"],"steam_heated":false},"type":"Feature"},{"geometry":{"coordinates":[-78.704638,43.042298],"type":"Point"},"properties":{"area_m2":129.8172581330873,"area_source":"osm","cat":"pool","demand_kwh":51926.90325323492,"demand_source":"footprint_estimate","id":"s_upstate_00436","in_steam":false,"in_uten":false,"name":"Unnamed pool","region":"upstate","sources":["osm_overpass"],"steam_heated":false},"type":"Feature"},{"geometry":{"coordinates":[-76.140152,43.042563],"type":"Point"},"properties":{"area_m2":null,"area_source":"none","cat":"hospital","demand_kwh":8000000.0,"demand_source":"category_default","id":"s_upstate_00437","in_steam":false,"in_uten":false,"name":"Upstate University Hospital","region":"upstate","sources":["osm_overpass"],"steam_heated":false},"type":"Feature"},{"geometry":{"coordinates":[-76.124933,43.042578],"type":"Point"},"properties":{"area_m2":1253.9610372781754,"area_source":"osm","cat":"pool","demand_kwh":501584.41491127014,"demand_source":"footprint_estimate","id":"s_upstate_00438","in_steam":false,"in_uten":false,"name":"Thornden Park Pool","region":"upstate","sources":["osm_overpass"],"steam_heated":false},"type":"Feature"},{"geometry":{"coordinates":[-78.76667,43.042672],"type":"Point"},"properties":{"area_m2":52.763015632051975,"area_source":"osm","cat":"pool","demand_kwh":21105.20625282079,"demand_source":"footprint_estimate","id":"s_upstate_00439","in_steam":false,"in_uten":false,"name":"Unnamed pool","region":"upstate","sources":["osm_overpass"],"steam_heated":false},"type":"Feature"},{"geometry":{"coordinates":[-78.765413,43.043039],"type":"Point"},"properties":{"area_m2":47.01732333857217,"area_source":"osm","cat":"pool","demand_kwh":18806.929335428867,"demand_source":"footprint_estimate","id":"s_upstate_00440","in_steam":false,"in_uten":false,"name":"Unnamed pool","region":"upstate","sources":["osm_overpass"],"steam_heated":false},"type":"Feature"},{"geometry":{"coordinates":[-78.767588,43.043044],"type":"Point"},"properties":{"area_m2":59.15194143442204,"area_source":"osm","cat":"pool","demand_kwh":23660.776573768817,"demand_source":"footprint_estimate","id":"s_upstate_00441","in_steam":false,"in_uten":false,"name":"Unnamed pool","region":"upstate","sources":["osm_overpass"],"steam_heated":false},"type":"Feature"},{"geometry":{"coordinates":[-78.764843,43.04379],"type":"Point"},"properties":{"area_m2":67.39711426924623,"area_source":"osm","cat":"pool","demand_kwh":26958.845707698492,"demand_source":"footprint_estimate","id":"s_upstate_00442","in_steam":false,"in_uten":false,"name":"Unnamed pool","region":"upstate","sources":["osm_overpass"],"steam_heated":false},"type":"Feature"},{"geometry":{"coordinates":[-78.765656,43.043805],"type":"Point"},"properties":{"area_m2":60.19166973927349,"area_source":"osm","cat":"pool","demand_kwh":24076.667895709397,"demand_source":"footprint_estimate","id":"s_upstate_00443","in_steam":false,"in_uten":false,"name":"Unnamed pool","region":"upstate","sources":["osm_overpass"],"steam_heated":false},"type":"Feature"},{"geometry":{"coordinates":[-76.136068,43.043947],"type":"Point"},"properties":{"area_m2":1276.1598032984039,"area_source":"osm","cat":"hotel","demand_kwh":2297087.645937127,"demand_source":"footprint_estimate","id":"s_upstate_00444","in_steam":false,"in_uten":false,"name":"Hotel Skyler","region":"upstate","sources":["osm_overpass"],"steam_heated":false},"type":"Feature"},{"geometry":{"coordinates":[-76.073778,43.044033],"type":"Point"},"properties":{"area_m2":148.0952886417508,"area_source":"osm","cat":"pool","demand_kwh":59238.115456700325,"demand_source":"footprint_estimate","id":"s_upstate_00445","in_steam":false,"in_uten":false,"name":"Unnamed pool","region":"upstate","sources":["osm_overpass"],"steam_heated":false},"type":"Feature"},{"geometry":{"coordinates":[-78.718897,43.044173],"type":"Point"},"properties":{"area_m2":163.68396715074778,"area_source":"osm","cat":"pool","demand_kwh":65473.58686029911,"demand_source":"footprint_estimate","id":"s_upstate_00446","in_steam":false,"in_uten":false,"name":"Unnamed pool","region":"upstate","sources":["osm_overpass"],"steam_heated":false},"type":"Feature"},{"geometry":{"coordinates":[-76.149936,43.044615],"type":"Point"},"properties":{"area_m2":4149.069865713769,"area_source":"osm","cat":"office","demand_kwh":373416.2879142392,"demand_source":"footprint_estimate","id":"s_upstate_00447","in_steam":false,"in_uten":false,"name":"Syracuse Technology Garden","region":"upstate","sources":["osm_overpass"],"steam_heated":false},"type":"Feature"},{"geometry":{"coordinates":[-76.151231,43.044744],"type":"Point"},"properties":{"area_m2":3002.235827871016,"area_source":"osm","cat":"hotel","demand_kwh":5944426.939184612,"demand_source":"footprint_estimate","id":"s_upstate_00448","in_steam":false,"in_uten":false,"name":"Marriott Syracuse Downtown","region":"upstate","sources":["osm_overpass"],"steam_heated":false},"type":"Feature"},{"geometry":{"coordinates":[-76.137383,43.044793],"type":"Point"},"properties":{"area_m2":4759.524508349103,"area_source":"osm","cat":"office","demand_kwh":3426857.646011354,"demand_source":"footprint_estimate","id":"s_upstate_00449","in_steam":false,"in_uten":false,"name":"Institute For Human Performance","region":"upstate","sources":["osm_overpass"],"steam_heated":false},"type":"Feature"},{"geometry":{"coordinates":[-76.141313,43.0459],"type":"Point"},"properties":{"area_m2":null,"area_source":"none","cat":"hospital","demand_kwh":8000000.0,"demand_source":"category_default","id":"s_upstate_00450","in_steam":false,"in_uten":false,"name":"Richard H. Hutchings Psychiatric Center","region":"upstate","sources":["osm_overpass"],"steam_heated":false},"type":"Feature"},{"geometry":{"coordinates":[-76.095256,43.046337],"type":"Point"},"properties":{"area_m2":44504.828912016004,"area_source":"osm","cat":"school","demand_kwh":16021738.408325762,"demand_source":"footprint_estimate","id":"s_upstate_00451","in_steam":false,"in_uten":false,"name":"HW Smith K-8 School","region":"upstate","sources":["osm_overpass"],"steam_heated":false},"type":"Feature"},{"geometry":{"coordinates":[-76.13507,43.046488],"type":"Point"},"properties":{"area_m2":3002.119309721049,"area_source":"osm","cat":"hotel","demand_kwh":5403814.757497888,"demand_source":"footprint_estimate","id":"s_upstate_00452","in_steam":false,"in_uten":false,"name":"Collegian Hotel & Suites","region":"upstate","sources":["osm_overpass"],"steam_heated":false},"type":"Feature"},{"geometry":{"coordinates":[-76.146553,43.046734],"type":"Point"},"properties":{"area_m2":3623.3242813217075,"area_source":"osm","cat":"office","demand_kwh":2608793.4825516297,"demand_source":"footprint_estimate","id":"s_upstate_00453","in_steam":false,"in_uten":false,"name":"John C. Dillon Public Safety Building","region":"upstate","sources":["osm_overpass"],"steam_heated":false},"type":"Feature"},{"geometry":{"coordinates":[-76.153868,43.047282],"type":"Point"},"properties":{"area_m2":413.21544923243346,"area_source":"osm","cat":"hotel","demand_kwh":818166.5894802182,"demand_source":"footprint_estimate","id":"s_upstate_00454","in_steam":false,"in_uten":false,"name":"Best Western Syracuse Downtown Hotel and Suites","region":"upstate","sources":["osm_overpass"],"steam_heated":false},"type":"Feature"},{"geometry":{"coordinates":[-76.158202,43.047471],"type":"Point"},"properties":{"area_m2":3492.5826677446603,"area_source":"osm","cat":"office","demand_kwh":2514659.5207761554,"demand_source":"footprint_estimate","id":"s_upstate_00455","in_steam":false,"in_uten":false,"name":"King + King Architects","region":"upstate","sources":["osm_overpass"],"steam_heated":false},"type":"Feature"},{"geometry":{"coordinates":[-76.140981,43.047597],"type":"Point"},"properties":{"area_m2":643.9682533349842,"area_source":"osm","cat":"hotel","demand_kwh":695485.7136017829,"demand_source":"footprint_estimate","id":"s_upstate_00456","in_steam":false,"in_uten":false,"name":"ParkView Hotel","region":"upstate","sources":["osm_overpass"],"steam_heated":false},"type":"Feature"},{"geometry":{"coordinates":[-78.810755,43.048142],"type":"Point"},"properties":{"area_m2":272729.1999043375,"area_source":"osm","cat":"wwtp","demand_kwh":27272919.990433753,"demand_source":"footprint_estimate","id":"s_upstate_00457","in_steam":false,"in_uten":false,"name":"Town of Amherst Water Pollution Control Facility","region":"upstate","sources":["osm_overpass"],"steam_heated":false},"type":"Feature"},{"geometry":{"coordinates":[-76.156101,43.048896],"type":"Point"},"properties":{"area_m2":null,"area_source":"none","cat":"hotel","demand_kwh":1500000.0,"demand_source":"category_default","id":"s_upstate_00458","in_steam":false,"in_uten":false,"name":"Courtyard","region":"upstate","sources":["osm_overpass"],"steam_heated":false},"type":"Feature"},{"geometry":{"coordinates":[-78.720912,43.050465],"type":"Point"},"properties":{"area_m2":315.57532705925405,"area_source":"osm","cat":"pool","demand_kwh":126230.13082370162,"demand_source":"footprint_estimate","id":"s_upstate_00459","in_steam":false,"in_uten":false,"name":"Unnamed pool","region":"upstate","sources":["osm_overpass"],"steam_heated":false},"type":"Feature"},{"geometry":{"coordinates":[-78.992317,43.05054],"type":"Point"},"properties":{"area_m2":2750.421489187778,"area_source":"osm","cat":"hotel","demand_kwh":4950758.680538001,"demand_source":"footprint_estimate","id":"s_upstate_00460","in_steam":false,"in_uten":false,"name":"Holiday Inn Express","region":"upstate","sources":["osm_overpass"],"steam_heated":false},"type":"Feature"},{"geometry":{"coordinates":[-76.146877,43.052734],"type":"Point"},"properties":{"area_m2":1043.9120367439464,"area_source":"osm","cat":"hotel","demand_kwh":1879041.6661391035,"demand_source":"footprint_estimate","id":"s_upstate_00461","in_steam":false,"in_uten":false,"name":"Clarion Pointe","region":"upstate","sources":["osm_overpass"],"steam_heated":false},"type":"Feature"},{"geometry":{"coordinates":[-78.957651,43.052932],"type":"Point"},"properties":{"area_m2":8024.690633756109,"area_source":"osm","cat":"school","demand_kwh":2888888.628152199,"demand_source":"footprint_estimate","id":"s_upstate_00462","in_steam":false,"in_uten":false,"name":"Huth Road School","region":"upstate","sources":["osm_overpass"],"steam_heated":false},"type":"Feature"},{"geometry":{"coordinates":[-76.132205,43.054208],"type":"Point"},"properties":{"area_m2":30642.81724863872,"area_source":"osm","cat":"school","demand_kwh":11031414.209509939,"demand_source":"footprint_estimate","id":"s_upstate_00463","in_steam":false,"in_uten":false,"name":"Dr. Weeks Elementary School","region":"upstate","sources":["osm_overpass"],"steam_heated":false},"type":"Feature"},{"geometry":{"coordinates":[-76.10849,43.055559],"type":"Point"},"properties":{"area_m2":14776.627363339067,"area_source":"osm","cat":"office","demand_kwh":10639171.701604128,"demand_source":"footprint_estimate","id":"s_upstate_00464","in_steam":false,"in_uten":false,"name":"Syracuse Department of Public Works","region":"upstate","sources":["osm_overpass"],"steam_heated":false},"type":"Feature"},{"geometry":{"coordinates":[-76.125481,43.056727],"type":"Point"},"properties":{"area_m2":469.59312713705003,"area_source":"osm","cat":"pool","demand_kwh":187837.25085482,"demand_source":"footprint_estimate","id":"s_upstate_00465","in_steam":false,"in_uten":false,"name":"Lincoln Park Pool","region":"upstate","sources":["osm_overpass"],"steam_heated":false},"type":"Feature"},{"geometry":{"coordinates":[-76.118777,43.05776],"type":"Point"},"properties":{"area_m2":34041.01449649688,"area_source":"osm","cat":"school","demand_kwh":12254765.218738876,"demand_source":"footprint_estimate","id":"s_upstate_00466","in_steam":false,"in_uten":false,"name":"Henninger High School","region":"upstate","sources":["osm_overpass"],"steam_heated":false},"type":"Feature"},{"geometry":{"coordinates":[-78.707315,43.062551],"type":"Point"},"properties":{"area_m2":99.87711577765003,"area_source":"osm","cat":"pool","demand_kwh":39950.84631106001,"demand_source":"footprint_estimate","id":"s_upstate_00467","in_steam":false,"in_uten":false,"name":"Unnamed pool","region":"upstate","sources":["osm_overpass"],"steam_heated":false},"type":"Feature"},{"geometry":{"coordinates":[-78.697722,43.06325],"type":"Point"},"properties":{"area_m2":859.9808576330543,"area_source":"osm","cat":"greenhouse","demand_kwh":300993.300171569,"demand_source":"footprint_estimate","id":"s_upstate_00468","in_steam":false,"in_uten":false,"name":"Unnamed greenhouse","region":"upstate","sources":["osm_overpass"],"steam_heated":false},"type":"Feature"},{"geometry":{"coordinates":[-78.777644,43.063713],"type":"Point"},"properties":{"area_m2":27896.86035651469,"area_source":"osm","cat":"greenhouse","demand_kwh":9763901.124780143,"demand_source":"footprint_estimate","id":"s_upstate_00469","in_steam":false,"in_uten":false,"name":"Unnamed greenhouse","region":"upstate","sources":["osm_overpass"],"steam_heated":false},"type":"Feature"},{"geometry":{"coordinates":[-78.983443,43.073189],"type":"Point"},"properties":{"area_m2":3400.6291499510407,"area_source":"osm","cat":"hotel","demand_kwh":1224226.4939823747,"demand_source":"footprint_estimate","id":"s_upstate_00470","in_steam":false,"in_uten":false,"name":"Sheraton","region":"upstate","sources":["osm_overpass"],"steam_heated":false},"type":"Feature"},{"geometry":{"coordinates":[-78.978003,43.074484],"type":"Point"},"properties":{"area_m2":5052.157410468419,"area_source":"osm","cat":"school","demand_kwh":1818776.6677686307,"demand_source":"footprint_estimate","id":"s_upstate_00471","in_steam":false,"in_uten":false,"name":"LaSalle Prep School","region":"upstate","sources":["osm_overpass"],"steam_heated":false},"type":"Feature"},{"geometry":{"coordinates":[-78.964953,43.075446],"type":"Point"},"properties":{"area_m2":10905.852156152716,"area_source":"osm","cat":"school","demand_kwh":3926106.7762149777,"demand_source":"footprint_estimate","id":"s_upstate_00472","in_steam":false,"in_uten":false,"name":"Saint Johns School","region":"upstate","sources":["osm_overpass"],"steam_heated":false},"type":"Feature"},{"geometry":{"coordinates":[-78.98887,43.075676],"type":"Point"},"properties":{"area_m2":927.7659348062007,"area_source":"osm","cat":"hotel","demand_kwh":1669978.6826511612,"demand_source":"footprint_estimate","id":"s_upstate_00473","in_steam":false,"in_uten":false,"name":"Ashram By Niagara River Hotel","region":"upstate","sources":["osm_overpass"],"steam_heated":false},"type":"Feature"},{"geometry":{"coordinates":[-78.740327,43.079448],"type":"Point"},"properties":{"area_m2":17839.86201094091,"area_source":"osm","cat":"school","demand_kwh":6422350.323938727,"demand_source":"footprint_estimate","id":"s_upstate_00474","in_steam":false,"in_uten":false,"name":"Good Shepherd School","region":"upstate","sources":["osm_overpass"],"steam_heated":false},"type":"Feature"},{"geometry":{"coordinates":[-78.950098,43.079632],"type":"Point"},"properties":{"area_m2":378.2183579031989,"area_source":"osm","cat":"wwtp","demand_kwh":37821.83579031989,"demand_source":"footprint_estimate","id":"s_upstate_00475","in_steam":false,"in_uten":false,"name":"Unnamed wwtp","region":"upstate","sources":["osm_overpass"],"steam_heated":false},"type":"Feature"},{"geometry":{"coordinates":[-79.045246,43.081587],"type":"Point"},"properties":{"area_m2":96658.48247431405,"area_source":"osm","cat":"wwtp","demand_kwh":9665848.247431405,"demand_source":"footprint_estimate","id":"s_upstate_00476","in_steam":false,"in_uten":false,"name":"Niagara Falls Wastewater Treatment Plant","region":"upstate","sources":["osm_overpass"],"steam_heated":false},"type":"Feature"},{"geometry":{"coordinates":[-79.056865,43.08183],"type":"Point"},"properties":{"area_m2":3467.3338166645262,"area_source":"osm","cat":"hotel","demand_kwh":5617080.7829965325,"demand_source":"footprint_estimate","id":"s_upstate_00477","in_steam":false,"in_uten":false,"name":"DoubleTree by Hilton Hotel Niagara Falls New York","region":"upstate","sources":["osm_overpass"],"steam_heated":false},"type":"Feature"},{"geometry":{"coordinates":[-79.051369,43.083027],"type":"Point"},"properties":{"area_m2":2203.1077530833427,"area_source":"osm","cat":"hotel","demand_kwh":3965593.955550017,"demand_source":"footprint_estimate","id":"s_upstate_00478","in_steam":false,"in_uten":false,"name":"Courtyard Niagara Falls","region":"upstate","sources":["osm_overpass"],"steam_heated":false},"type":"Feature"},{"geometry":{"coordinates":[-79.057923,43.083086],"type":"Point"},"properties":{"area_m2":1896.2415300067514,"area_source":"osm","cat":"hotel","demand_kwh":3413234.7540121526,"demand_source":"footprint_estimate","id":"s_upstate_00479","in_steam":false,"in_uten":false,"name":"Wingate by Wyndham Niagara Falls","region":"upstate","sources":["osm_overpass"],"steam_heated":false},"type":"Feature"},{"geometry":{"coordinates":[-79.056195,43.083198],"type":"Point"},"properties":{"area_m2":1361.9898485594604,"area_source":"osm","cat":"hotel","demand_kwh":2451581.727407029,"demand_source":"footprint_estimate","id":"s_upstate_00480","in_steam":false,"in_uten":false,"name":"Hampton Inn Niagara Falls","region":"upstate","sources":["osm_overpass"],"steam_heated":false},"type":"Feature"},{"geometry":{"coordinates":[-79.058558,43.083205],"type":"Point"},"properties":{"area_m2":1004.7259548157454,"area_source":"osm","cat":"hotel","demand_kwh":1808506.7186683416,"demand_source":"footprint_estimate","id":"s_upstate_00481","in_steam":false,"in_uten":false,"name":"Cambria Hotel Niagara Falls","region":"upstate","sources":["osm_overpass"],"steam_heated":false},"type":"Feature"},{"geometry":{"coordinates":[-79.052614,43.083347],"type":"Point"},"properties":{"area_m2":888.8453081399202,"area_source":"osm","cat":"hotel","demand_kwh":1599921.5546518564,"demand_source":"footprint_estimate","id":"s_upstate_00482","in_steam":false,"in_uten":false,"name":"The Klika Hotel","region":"upstate","sources":["osm_overpass"],"steam_heated":false},"type":"Feature"},{"geometry":{"coordinates":[-79.05334,43.083358],"type":"Point"},"properties":{"area_m2":887.4432152709924,"area_source":"osm","cat":"hotel","demand_kwh":1597397.7874877863,"demand_source":"footprint_estimate","id":"s_upstate_00483","in_steam":false,"in_uten":false,"name":"Fairfield Inn & Suites Niagara Falls","region":"upstate","sources":["osm_overpass"],"steam_heated":false},"type":"Feature"},{"geometry":{"coordinates":[-78.97319,43.084199],"type":"Point"},"properties":{"area_m2":18569.57374822721,"area_source":"osm","cat":"school","demand_kwh":6685046.549361795,"demand_source":"footprint_estimate","id":"s_upstate_00484","in_steam":false,"in_uten":false,"name":"Seventyninth Street School","region":"upstate","sources":["osm_overpass"],"steam_heated":false},"type":"Feature"},{"geometry":{"coordinates":[-79.062959,43.084211],"type":"Point"},"properties":{"area_m2":1222.8341018730425,"area_source":"osm","cat":"hotel","demand_kwh":2201101.3833714765,"demand_source":"footprint_estimate","id":"s_upstate_00485","in_steam":false,"in_uten":false,"name":"Red Coach Inn","region":"upstate","sources":["osm_overpass"],"steam_heated":false},"type":"Feature"},{"geometry":{"coordinates":[-79.059881,43.084361],"type":"Point"},"properties":{"area_m2":2027.450374559965,"area_source":"osm","cat":"hotel","demand_kwh":3649410.674207937,"demand_source":"footprint_estimate","id":"s_upstate_00486","in_steam":false,"in_uten":false,"name":"voco Niagara Falls - The Cadence","region":"upstate","sources":["osm_overpass"],"steam_heated":false},"type":"Feature"},{"geometry":{"coordinates":[-78.989371,43.084826],"type":"Point"},"properties":{"area_m2":6864.340119158558,"area_source":"osm","cat":"school","demand_kwh":2471162.442897081,"demand_source":"footprint_estimate","id":"s_upstate_00487","in_steam":false,"in_uten":false,"name":"Madonna High School","region":"upstate","sources":["osm_overpass"],"steam_heated":false},"type":"Feature"},{"geometry":{"coordinates":[-79.062231,43.08557],"type":"Point"},"properties":{"area_m2":3192.1955999591155,"area_source":"osm","cat":"hotel","demand_kwh":2298380.831970563,"demand_source":"footprint_estimate","id":"s_upstate_00488","in_steam":false,"in_uten":false,"name":"Quality Hotel & Suites At The Falls","region":"upstate","sources":["osm_overpass"],"steam_heated":false},"type":"Feature"},{"geometry":{"coordinates":[-79.064039,43.08569],"type":"Point"},"properties":{"area_m2":2895.8306439344015,"area_source":"osm","cat":"hotel","demand_kwh":3127497.0954491533,"demand_source":"footprint_estimate","id":"s_upstate_00489","in_steam":false,"in_uten":false,"name":"Comfort Inn the Pointe","region":"upstate","sources":["osm_overpass"],"steam_heated":false},"type":"Feature"},{"geometry":{"coordinates":[-79.064311,43.085793],"type":"Point"},"properties":{"area_m2":166.1894191991887,"area_source":"osm","cat":"brewery","demand_kwh":66475.76767967548,"demand_source":"footprint_estimate","id":"s_upstate_00490","in_steam":false,"in_uten":false,"name":"Everest Microbrewery","region":"upstate","sources":["osm_overpass"],"steam_heated":false},"type":"Feature"},{"geometry":{"coordinates":[-79.055728,43.086348],"type":"Point"},"properties":{"area_m2":1796.5436691753566,"area_source":"osm","cat":"hotel","demand_kwh":8407824.371740669,"demand_source":"footprint_estimate","id":"s_upstate_00491","in_steam":false,"in_uten":false,"name":"Seneca Niagara Resort & Casino","region":"upstate","sources":["osm_overpass"],"steam_heated":false},"type":"Feature"},{"geometry":{"coordinates":[-79.063406,43.086508],"type":"Point"},"properties":{"area_m2":2575.1326904961024,"area_source":"osm","cat":"hotel","demand_kwh":2781143.3057357906,"demand_source":"footprint_estimate","id":"s_upstate_00492","in_steam":false,"in_uten":false,"name":"Hyatt Place Niagara Falls","region":"upstate","sources":["osm_overpass"],"steam_heated":false},"type":"Feature"},{"geometry":{"coordinates":[-79.059828,43.086744],"type":"Point"},"properties":{"area_m2":8022.686799041068,"area_source":"osm","cat":"hotel","demand_kwh":14440836.238273922,"demand_source":"footprint_estimate","id":"s_upstate_00493","in_steam":false,"in_uten":false,"name":"Sheraton At The Falls","region":"upstate","sources":["osm_overpass"],"steam_heated":false},"type":"Feature"},{"geometry":{"coordinates":[-78.989768,43.087916],"type":"Point"},"properties":{"area_m2":1441.4994811232173,"area_source":"osm","cat":"hotel","demand_kwh":1037879.6264087164,"demand_source":"footprint_estimate","id":"s_upstate_00494","in_steam":false,"in_uten":false,"name":"Hampton Inn Niagara Falls/Blvd","region":"upstate","sources":["osm_overpass"],"steam_heated":false},"type":"Feature"},{"geometry":{"coordinates":[-79.03099,43.087995],"type":"Point"},"properties":{"area_m2":12648.818695671856,"area_source":"osm","cat":"school","demand_kwh":4553574.730441868,"demand_source":"footprint_estimate","id":"s_upstate_00495","in_steam":false,"in_uten":false,"name":"Niagara Street School","region":"upstate","sources":["osm_overpass"],"steam_heated":false},"type":"Feature"},{"geometry":{"coordinates":[-78.988793,43.088297],"type":"Point"},"properties":{"area_m2":2418.423121057116,"area_source":"osm","cat":"hotel","demand_kwh":4353161.617902809,"demand_source":"footprint_estimate","id":"s_upstate_00496","in_steam":false,"in_uten":false,"name":"Red Roof Inn Niagara Falls","region":"upstate","sources":["osm_overpass"],"steam_heated":false},"type":"Feature"},{"geometry":{"coordinates":[-78.974759,43.088444],"type":"Point"},"properties":{"area_m2":88.43193705845624,"area_source":"osm","cat":"pool","demand_kwh":35372.7748233825,"demand_source":"footprint_estimate","id":"s_upstate_00497","in_steam":false,"in_uten":false,"name":"Unnamed pool","region":"upstate","sources":["osm_overpass"],"steam_heated":false},"type":"Feature"},{"geometry":{"coordinates":[-78.976511,43.088688],"type":"Point"},"properties":{"area_m2":54.99090947397053,"area_source":"osm","cat":"pool","demand_kwh":21996.363789588213,"demand_source":"footprint_estimate","id":"s_upstate_00498","in_steam":false,"in_uten":false,"name":"Unnamed pool","region":"upstate","sources":["osm_overpass"],"steam_heated":false},"type":"Feature"},{"geometry":{"coordinates":[-79.062167,43.089005],"type":"Point"},"properties":{"area_m2":1029.6084766273852,"area_source":"osm","cat":"hotel","demand_kwh":1667965.732136364,"demand_source":"footprint_estimate","id":"s_upstate_00499","in_steam":false,"in_uten":false,"name":"Wyndham Garden at Niagara Falls","region":"upstate","sources":["osm_overpass"],"steam_heated":false},"type":"Feature"},{"geometry":{"coordinates":[-78.975782,43.089081],"type":"Point"},"properties":{"area_m2":2455.2635835748006,"area_source":"osm","cat":"hotel","demand_kwh":4419474.450434641,"demand_source":"footprint_estimate","id":"s_upstate_00500","in_steam":false,"in_uten":false,"name":"Quality Inn & Suites","region":"upstate","sources":["osm_overpass"],"steam_heated":false},"type":"Feature"},{"geometry":{"coordinates":[-78.975152,43.08916],"type":"Point"},"properties":{"area_m2":709.183126097545,"area_source":"osm","cat":"hotel","demand_kwh":1276529.626975581,"demand_source":"footprint_estimate","id":"s_upstate_00501","in_steam":false,"in_uten":false,"name":"Microtel Inn & Suites","region":"upstate","sources":["osm_overpass"],"steam_heated":false},"type":"Feature"},{"geometry":{"coordinates":[-78.994053,43.089262],"type":"Point"},"properties":{"area_m2":1234.3401610084402,"area_source":"osm","cat":"hotel","demand_kwh":2221812.289815192,"demand_source":"footprint_estimate","id":"s_upstate_00502","in_steam":false,"in_uten":false,"name":"Comfort Inn & Suites Niagara Falls Boulevard USA","region":"upstate","sources":["osm_overpass"],"steam_heated":false},"type":"Feature"},{"geometry":{"coordinates":[-78.993079,43.089299],"type":"Point"},"properties":{"area_m2":1141.9966056130434,"area_source":"osm","cat":"hotel","demand_kwh":2055593.890103478,"demand_source":"footprint_estimate","id":"s_upstate_00503","in_steam":false,"in_uten":false,"name":"La Quinta Inn & Suites","region":"upstate","sources":["osm_overpass"],"steam_heated":false},"type":"Feature"},{"geometry":{"coordinates":[-78.891852,43.089591],"type":"Point"},"properties":{"area_m2":1671.182770553045,"area_source":"osm","cat":"hotel","demand_kwh":3008128.986995481,"demand_source":"footprint_estimate","id":"s_upstate_00504","in_steam":false,"in_uten":false,"name":"Days Inn &Suites by Wyndham Niagara Falls","region":"upstate","sources":["osm_overpass"],"steam_heated":false},"type":"Feature"},{"geometry":{"coordinates":[-79.036091,43.089889],"type":"Point"},"properties":{"area_m2":21.65534177135123,"area_source":"osm","cat":"pool","demand_kwh":8662.136708540493,"demand_source":"footprint_estimate","id":"s_upstate_00505","in_steam":false,"in_uten":false,"name":"Unnamed pool","region":"upstate","sources":["osm_overpass"],"steam_heated":false},"type":"Feature"},{"geometry":{"coordinates":[-79.034979,43.090124],"type":"Point"},"properties":{"area_m2":11.435711065802025,"area_source":"osm","cat":"pool","demand_kwh":4574.28442632081,"demand_source":"footprint_estimate","id":"s_upstate_00506","in_steam":false,"in_uten":false,"name":"Unnamed pool","region":"upstate","sources":["osm_overpass"],"steam_heated":false},"type":"Feature"},{"geometry":{"coordinates":[-79.06248,43.090196],"type":"Point"},"properties":{"area_m2":1127.8834308655933,"area_source":"osm","cat":"hotel","demand_kwh":2030190.1755580679,"demand_source":"footprint_estimate","id":"s_upstate_00507","in_steam":false,"in_uten":false,"name":"Niagara Inn","region":"upstate","sources":["osm_overpass"],"steam_heated":false},"type":"Feature"},{"geometry":{"coordinates":[-79.056283,43.090367],"type":"Point"},"properties":{"area_m2":24.65869130252395,"area_source":"osm","cat":"pool","demand_kwh":9863.47652100958,"demand_source":"footprint_estimate","id":"s_upstate_00508","in_steam":false,"in_uten":false,"name":"Unnamed pool","region":"upstate","sources":["osm_overpass"],"steam_heated":false},"type":"Feature"},{"geometry":{"coordinates":[-79.035273,43.090624],"type":"Point"},"properties":{"area_m2":16.316377820650814,"area_source":"osm","cat":"pool","demand_kwh":6526.551128260326,"demand_source":"footprint_estimate","id":"s_upstate_00509","in_steam":false,"in_uten":false,"name":"Unnamed pool","region":"upstate","sources":["osm_overpass"],"steam_heated":false},"type":"Feature"},{"geometry":{"coordinates":[-79.042055,43.090748],"type":"Point"},"properties":{"area_m2":10806.367220351472,"area_source":"osm","cat":"school","demand_kwh":3890292.19932653,"demand_source":"footprint_estimate","id":"s_upstate_00510","in_steam":false,"in_uten":false,"name":"Ferry Avenue School","region":"upstate","sources":["osm_overpass"],"steam_heated":false},"type":"Feature"},{"geometry":{"coordinates":[-79.035001,43.091291],"type":"Point"},"properties":{"area_m2":15.69822783395648,"area_source":"osm","cat":"pool","demand_kwh":6279.291133582592,"demand_source":"footprint_estimate","id":"s_upstate_00511","in_steam":false,"in_uten":false,"name":"Unnamed pool","region":"upstate","sources":["osm_overpass"],"steam_heated":false},"type":"Feature"},{"geometry":{"coordinates":[-79.047273,43.091647],"type":"Point"},"properties":{"area_m2":28.37262367119547,"area_source":"osm","cat":"pool","demand_kwh":11349.049468478188,"demand_source":"footprint_estimate","id":"s_upstate_00512","in_steam":false,"in_uten":false,"name":"Unnamed pool","region":"upstate","sources":["osm_overpass"],"steam_heated":false},"type":"Feature"},{"geometry":{"coordinates":[-79.046023,43.092481],"type":"Point"},"properties":{"area_m2":18210.89430982148,"area_source":"osm","cat":"school","demand_kwh":6555921.951535733,"demand_source":"footprint_estimate","id":"s_upstate_00513","in_steam":false,"in_uten":false,"name":"South Junior High School","region":"upstate","sources":["osm_overpass"],"steam_heated":false},"type":"Feature"},{"geometry":{"coordinates":[-79.049565,43.093608],"type":"Point"},"properties":{"area_m2":42072.88369628182,"area_source":"osm","cat":"hospital","demand_kwh":52591104.62035227,"demand_source":"footprint_estimate","id":"s_upstate_00514","in_steam":false,"in_uten":false,"name":"Niagara Falls Memorial Medical Center","region":"upstate","sources":["osm_overpass"],"steam_heated":false},"type":"Feature"},{"geometry":{"coordinates":[-78.956236,43.093763],"type":"Point"},"properties":{"area_m2":1580.8205127602705,"area_source":"osm","cat":"hotel","demand_kwh":2845476.922968487,"demand_source":"footprint_estimate","id":"s_upstate_00515","in_steam":false,"in_uten":false,"name":"Travelodge Niagara Falls","region":"upstate","sources":["osm_overpass"],"steam_heated":false},"type":"Feature"},{"geometry":{"coordinates":[-78.953741,43.096237],"type":"Point"},"properties":{"area_m2":3269.586427505128,"area_source":"osm","cat":"hotel","demand_kwh":5885255.569509231,"demand_source":"footprint_estimate","id":"s_upstate_00516","in_steam":false,"in_uten":false,"name":"Best Western Summit Inn","region":"upstate","sources":["osm_overpass"],"steam_heated":false},"type":"Feature"},{"geometry":{"coordinates":[-79.035092,43.096435],"type":"Point"},"properties":{"area_m2":22.776354929810623,"area_source":"osm","cat":"pool","demand_kwh":9110.541971924249,"demand_source":"footprint_estimate","id":"s_upstate_00517","in_steam":false,"in_uten":false,"name":"Unnamed pool","region":"upstate","sources":["osm_overpass"],"steam_heated":false},"type":"Feature"},{"geometry":{"coordinates":[-79.034195,43.096718],"type":"Point"},"properties":{"area_m2":23.84150631201919,"area_source":"osm","cat":"pool","demand_kwh":9536.602524807677,"demand_source":"footprint_estimate","id":"s_upstate_00518","in_steam":false,"in_uten":false,"name":"Unnamed pool","region":"upstate","sources":["osm_overpass"],"steam_heated":false},"type":"Feature"},{"geometry":{"coordinates":[-79.035085,43.097366],"type":"Point"},"properties":{"area_m2":16.929439366824226,"area_source":"osm","cat":"pool","demand_kwh":6771.775746729691,"demand_source":"footprint_estimate","id":"s_upstate_00519","in_steam":false,"in_uten":false,"name":"Unnamed pool","region":"upstate","sources":["osm_overpass"],"steam_heated":false},"type":"Feature"},{"geometry":{"coordinates":[-79.032699,43.097517],"type":"Point"},"properties":{"area_m2":10317.569695210666,"area_source":"osm","cat":"school","demand_kwh":3714325.09027584,"demand_source":"footprint_estimate","id":"s_upstate_00520","in_steam":false,"in_uten":false,"name":"Unnamed school","region":"upstate","sources":["osm_overpass"],"steam_heated":false},"type":"Feature"},{"geometry":{"coordinates":[-79.026248,43.097525],"type":"Point"},"properties":{"area_m2":10624.71386423707,"area_source":"osm","cat":"school","demand_kwh":3824896.991125345,"demand_source":"footprint_estimate","id":"s_upstate_00521","in_steam":false,"in_uten":false,"name":"Gaskill High School","region":"upstate","sources":["osm_overpass"],"steam_heated":false},"type":"Feature"},{"geometry":{"coordinates":[-78.9462,43.097557],"type":"Point"},"properties":{"area_m2":1413.7806634353474,"area_source":"osm","cat":"hotel","demand_kwh":1017922.0776734501,"demand_source":"footprint_estimate","id":"s_upstate_00522","in_steam":false,"in_uten":false,"name":"Holiday Inn Express & Suites Niagara Falls","region":"upstate","sources":["osm_overpass"],"steam_heated":false},"type":"Feature"},{"geometry":{"coordinates":[-78.929515,43.098994],"type":"Point"},"properties":{"area_m2":581.1422974351444,"area_source":"osm","cat":"greenhouse","demand_kwh":203399.80410230055,"demand_source":"footprint_estimate","id":"s_upstate_00523","in_steam":false,"in_uten":false,"name":"Unnamed greenhouse","region":"upstate","sources":["osm_overpass"],"steam_heated":false},"type":"Feature"},{"geometry":{"coordinates":[-79.025771,43.100333],"type":"Point"},"properties":{"area_m2":954.4343544878066,"area_source":"osm","cat":"pool","demand_kwh":381773.7417951226,"demand_source":"footprint_estimate","id":"s_upstate_00524","in_steam":false,"in_uten":false,"name":"Unnamed pool","region":"upstate","sources":["osm_overpass"],"steam_heated":false},"type":"Feature"},{"geometry":{"coordinates":[-79.054137,43.101269],"type":"Point"},"properties":{"area_m2":32.247226821957156,"area_source":"osm","cat":"pool","demand_kwh":12898.890728782862,"demand_source":"footprint_estimate","id":"s_upstate_00525","in_steam":false,"in_uten":false,"name":"Unnamed pool","region":"upstate","sources":["osm_overpass"],"steam_heated":false},"type":"Feature"},{"geometry":{"coordinates":[-79.05524,43.101309],"type":"Point"},"properties":{"area_m2":16.576195074943826,"area_source":"osm","cat":"pool","demand_kwh":6630.47802997753,"demand_source":"footprint_estimate","id":"s_upstate_00526","in_steam":false,"in_uten":false,"name":"Unnamed pool","region":"upstate","sources":["osm_overpass"],"steam_heated":false},"type":"Feature"},{"geometry":{"coordinates":[-79.050179,43.102006],"type":"Point"},"properties":{"area_m2":63305.191570456605,"area_source":"osm","cat":"school","demand_kwh":22789868.965364378,"demand_source":"footprint_estimate","id":"s_upstate_00527","in_steam":false,"in_uten":false,"name":"Unnamed school","region":"upstate","sources":["osm_overpass"],"steam_heated":false},"type":"Feature"},{"geometry":{"coordinates":[-79.028845,43.103907],"type":"Point"},"properties":{"area_m2":7567.253101438284,"area_source":"osm","cat":"school","demand_kwh":2724211.116517782,"demand_source":"footprint_estimate","id":"s_upstate_00528","in_steam":false,"in_uten":false,"name":"Hyde Park School","region":"upstate","sources":["osm_overpass"],"steam_heated":false},"type":"Feature"},{"geometry":{"coordinates":[-79.030565,43.105759],"type":"Point"},"properties":{"area_m2":14.826552295315196,"area_source":"osm","cat":"pool","demand_kwh":5930.620918126078,"demand_source":"footprint_estimate","id":"s_upstate_00529","in_steam":false,"in_uten":false,"name":"Unnamed pool","region":"upstate","sources":["osm_overpass"],"steam_heated":false},"type":"Feature"},{"geometry":{"coordinates":[-79.033283,43.105782],"type":"Point"},"properties":{"area_m2":18.06024372173124,"area_source":"osm","cat":"pool","demand_kwh":7224.097488692496,"demand_source":"footprint_estimate","id":"s_upstate_00530","in_steam":false,"in_uten":false,"name":"Unnamed pool","region":"upstate","sources":["osm_overpass"],"steam_heated":false},"type":"Feature"},{"geometry":{"coordinates":[-79.029406,43.105808],"type":"Point"},"properties":{"area_m2":11.852546439506114,"area_source":"osm","cat":"pool","demand_kwh":4741.018575802445,"demand_source":"footprint_estimate","id":"s_upstate_00531","in_steam":false,"in_uten":false,"name":"Unnamed pool","region":"upstate","sources":["osm_overpass"],"steam_heated":false},"type":"Feature"},{"geometry":{"coordinates":[-79.052366,43.106204],"type":"Point"},"properties":{"area_m2":15629.690029734746,"area_source":"osm","cat":"school","demand_kwh":5626688.410704508,"demand_source":"footprint_estimate","id":"s_upstate_00532","in_steam":false,"in_uten":false,"name":"Unnamed school","region":"upstate","sources":["osm_overpass"],"steam_heated":false},"type":"Feature"},{"geometry":{"coordinates":[-79.051308,43.111598],"type":"Point"},"properties":{"area_m2":15.141344681789633,"area_source":"osm","cat":"pool","demand_kwh":6056.537872715853,"demand_source":"footprint_estimate","id":"s_upstate_00533","in_steam":false,"in_uten":false,"name":"Unnamed pool","region":"upstate","sources":["osm_overpass"],"steam_heated":false},"type":"Feature"},{"geometry":{"coordinates":[-79.046956,43.111685],"type":"Point"},"properties":{"area_m2":31.306375858403044,"area_source":"osm","cat":"pool","demand_kwh":12522.550343361218,"demand_source":"footprint_estimate","id":"s_upstate_00534","in_steam":false,"in_uten":false,"name":"Unnamed pool","region":"upstate","sources":["osm_overpass"],"steam_heated":false},"type":"Feature"},{"geometry":{"coordinates":[-79.043314,43.113377],"type":"Point"},"properties":{"area_m2":298.54340049411985,"area_source":"osm","cat":"pool","demand_kwh":119417.36019764794,"demand_source":"footprint_estimate","id":"s_upstate_00535","in_steam":false,"in_uten":false,"name":"Unnamed pool","region":"upstate","sources":["osm_overpass"],"steam_heated":false},"type":"Feature"},{"geometry":{"coordinates":[-78.697577,43.129639],"type":"Point"},"properties":{"area_m2":1280.7541305801133,"area_source":"osm","cat":"hotel","demand_kwh":2305357.435044204,"demand_source":"footprint_estimate","id":"s_upstate_00536","in_steam":false,"in_uten":false,"name":"Hampton Inn Lockport","region":"upstate","sources":["osm_overpass"],"steam_heated":false},"type":"Feature"},{"geometry":{"coordinates":[-78.683386,43.136086],"type":"Point"},"properties":{"area_m2":5418.319604787976,"area_source":"osm","cat":"school","demand_kwh":1950595.0577236712,"demand_source":"footprint_estimate","id":"s_upstate_00537","in_steam":false,"in_uten":false,"name":"George M Southard Elementary","region":"upstate","sources":["osm_overpass"],"steam_heated":false},"type":"Feature"},{"geometry":{"coordinates":[-78.705341,43.148443],"type":"Point"},"properties":{"area_m2":119131.10235076677,"area_source":"osm","cat":"hospital","demand_kwh":148913877.93845847,"demand_source":"footprint_estimate","id":"s_upstate_00538","in_steam":false,"in_uten":false,"name":"Lockport Memorial Hospital","region":"upstate","sources":["osm_overpass"],"steam_heated":false},"type":"Feature"},{"geometry":{"coordinates":[-78.698217,43.152248],"type":"Point"},"properties":{"area_m2":1460.3630416438682,"area_source":"osm","cat":"hotel","demand_kwh":2628653.4749589628,"demand_source":"footprint_estimate","id":"s_upstate_00539","in_steam":false,"in_uten":false,"name":"Quality Inn","region":"upstate","sources":["osm_overpass"],"steam_heated":false},"type":"Feature"},{"geometry":{"coordinates":[-78.669533,43.152396],"type":"Point"},"properties":{"area_m2":3742.105054229498,"area_source":"osm","cat":"office","demand_kwh":2694315.6390452385,"demand_source":"footprint_estimate","id":"s_upstate_00540","in_steam":false,"in_uten":false,"name":"New York State Electric & Gas","region":"upstate","sources":["osm_overpass"],"steam_heated":false},"type":"Feature"},{"geometry":{"coordinates":[-78.697956,43.153096],"type":"Point"},"properties":{"area_m2":4607.1953898238135,"area_source":"osm","cat":"hotel","demand_kwh":8292951.701682864,"demand_source":"footprint_estimate","id":"s_upstate_00541","in_steam":false,"in_uten":false,"name":"Spark by Hilton","region":"upstate","sources":["osm_overpass"],"steam_heated":false},"type":"Feature"},{"geometry":{"coordinates":[-78.707792,43.178099],"type":"Point"},"properties":{"area_m2":517.900888627395,"area_source":"osm","cat":"pool","demand_kwh":207160.355450958,"demand_source":"footprint_estimate","id":"s_upstate_00542","in_steam":false,"in_uten":false,"name":"Unnamed pool","region":"upstate","sources":["osm_overpass"],"steam_heated":false},"type":"Feature"},{"geometry":{"coordinates":[-78.663588,43.179603],"type":"Point"},"properties":{"area_m2":239.81846532598138,"area_source":"osm","cat":"pool","demand_kwh":95927.38613039255,"demand_source":"footprint_estimate","id":"s_upstate_00543","in_steam":false,"in_uten":false,"name":"Unnamed pool","region":"upstate","sources":["osm_overpass"],"steam_heated":false},"type":"Feature"},{"geometry":{"coordinates":[-78.706055,43.185342],"type":"Point"},"properties":{"area_m2":44408.206840401515,"area_source":"osm","cat":"wwtp","demand_kwh":4440820.684040152,"demand_source":"footprint_estimate","id":"s_upstate_00544","in_steam":false,"in_uten":false,"name":"Unnamed wwtp","region":"upstate","sources":["osm_overpass"],"steam_heated":false},"type":"Feature"},{"geometry":{"coordinates":[-78.673409,43.191539],"type":"Point"},"properties":{"area_m2":282.97774138627574,"area_source":"osm","cat":"greenhouse","demand_kwh":99042.20948519651,"demand_source":"footprint_estimate","id":"s_upstate_00545","in_steam":false,"in_uten":false,"name":"Unnamed greenhouse","region":"upstate","sources":["osm_overpass"],"steam_heated":false},"type":"Feature"}],"type":"FeatureCollection"}
