{"features":[{"geometry":{"coordinates":[-74.181627,40.595895],"type":"Point"},"properties":{"cat":"greenhouse","demand_kwh":140588.62171806395,"demand_source":"footprint_estimate","id":"s_00000","in_steam":false,"in_uten":false,"name":"Unnamed greenhouse","region":"nyc","sources":["osm_overpass"],"steam_heated":false},"type":"Feature"},{"geometry":{"coordinates":[-74.168286,40.602456],"type":"Point"},"properties":{"cat":"pool","demand_kwh":146507.89272598922,"demand_source":"footprint_estimate","id":"s_00001","in_steam":false,"in_uten":false,"name":"Unnamed pool","region":"nyc","sources":["osm_overpass"],"steam_heated":false},"type":"Feature"},{"geometry":{"coordinates":[-74.161318,40.60807],"type":"Point"},"properties":{"cat":"school","demand_kwh":3398590.512739867,"demand_source":"footprint_estimate","id":"s_00002","in_steam":false,"in_uten":false,"name":"Hellenic Classical Charter School","region":"nyc","sources":["osm_overpass"],"steam_heated":false},"type":"Feature"},{"geometry":{"coordinates":[-74.164036,40.609364],"type":"Point"},"properties":{"cat":"school","demand_kwh":13166465.234329404,"demand_source":"footprint_estimate","id":"s_00003","in_steam":false,"in_uten":false,"name":"Moore Catholic High School","region":"nyc","sources":["osm_overpass"],"steam_heated":false},"type":"Feature"},{"geometry":{"coordinates":[-74.166984,40.610397],"type":"Point"},"properties":{"cat":"pool","demand_kwh":9421.367886126973,"demand_source":"footprint_estimate","id":"s_00004","in_steam":false,"in_uten":false,"name":"Unnamed pool","region":"nyc","sources":["osm_overpass"],"steam_heated":false},"type":"Feature"},{"geometry":{"coordinates":[-74.162627,40.610622],"type":"Point"},"properties":{"cat":"school","demand_kwh":1052095.5829,"demand_source":"ll84_fuel","id":"s_00005","in_steam":false,"in_uten":false,"name":"P.S. 60 - Alice Austen School","region":"nyc","sources":["osm_overpass"],"steam_heated":false},"type":"Feature"},{"geometry":{"coordinates":[-74.178707,40.613206],"type":"Point"},"properties":{"cat":"hotel","demand_kwh":1500000.0,"demand_source":"category_default","id":"s_00006","in_steam":false,"in_uten":false,"name":"Hampton Inn & Suites Staten Island","region":"nyc","sources":["osm_overpass"],"steam_heated":false},"type":"Feature"},{"geometry":{"coordinates":[-74.163475,40.614703],"type":"Point"},"properties":{"cat":"pool","demand_kwh":7396.127093210816,"demand_source":"footprint_estimate","id":"s_00007","in_steam":false,"in_uten":false,"name":"Unnamed pool","region":"nyc","sources":["osm_overpass"],"steam_heated":false},"type":"Feature"},{"geometry":{"coordinates":[-74.176475,40.614945],"type":"Point"},"properties":{"cat":"hotel","demand_kwh":12607846.651652036,"demand_source":"footprint_estimate","id":"s_00008","in_steam":false,"in_uten":false,"name":"Hilton Garden Inn","region":"nyc","sources":["osm_overpass"],"steam_heated":false},"type":"Feature"},{"geometry":{"coordinates":[-74.164968,40.616549],"type":"Point"},"properties":{"cat":"pool","demand_kwh":6709.358013421297,"demand_source":"footprint_estimate","id":"s_00009","in_steam":false,"in_uten":false,"name":"Unnamed pool","region":"nyc","sources":["osm_overpass"],"steam_heated":false},"type":"Feature"},{"geometry":{"coordinates":[-74.165853,40.616934],"type":"Point"},"properties":{"cat":"pool","demand_kwh":7188.6663891375065,"demand_source":"footprint_estimate","id":"s_00010","in_steam":false,"in_uten":false,"name":"Unnamed pool","region":"nyc","sources":["osm_overpass"],"steam_heated":false},"type":"Feature"},{"geometry":{"coordinates":[-74.126031,40.627575],"type":"Point"},"properties":{"cat":"school","demand_kwh":4764957.33164449,"demand_source":"footprint_estimate","id":"s_00011","in_steam":false,"in_uten":false,"name":"Blessed Sacrament School","region":"nyc","sources":["osm_overpass"],"steam_heated":false},"type":"Feature"},{"geometry":{"coordinates":[-74.117531,40.628296],"type":"Point"},"properties":{"cat":"school","demand_kwh":2092404.9638498002,"demand_source":"ll84_fuel","id":"s_00012","in_steam":false,"in_uten":false,"name":"I.S. 27 - Anning S. Prall Intermediate School","region":"nyc","sources":["osm_overpass"],"steam_heated":false},"type":"Feature"},{"geometry":{"coordinates":[-74.114869,40.630303],"type":"Point"},"properties":{"cat":"residential_multifamily","demand_kwh":1607414.5381736755,"demand_source":"footprint_estimate","id":"s_00013","in_steam":false,"in_uten":false,"name":"Unnamed residential multifamily","region":"nyc","sources":["osm_overpass"],"steam_heated":false},"type":"Feature"},{"geometry":{"coordinates":[-74.126925,40.630563],"type":"Point"},"properties":{"cat":"school","demand_kwh":1570754.5269122003,"demand_source":"ll84_fuel","id":"s_00014","in_steam":false,"in_uten":false,"name":"P.S. 19 - The Curtis School","region":"nyc","sources":["osm_overpass"],"steam_heated":false},"type":"Feature"},{"geometry":{"coordinates":[-74.113734,40.63411],"type":"Point"},"properties":{"cat":"school","demand_kwh":4722695.127825374,"demand_source":"footprint_estimate","id":"s_00015","in_steam":false,"in_uten":false,"name":"Sacred Heart School","region":"nyc","sources":["osm_overpass"],"steam_heated":false},"type":"Feature"},{"geometry":{"coordinates":[-74.116862,40.636509],"type":"Point"},"properties":{"cat":"school","demand_kwh":865409.3265929001,"demand_source":"ll84_fuel","id":"s_00016","in_steam":false,"in_uten":false,"name":"P.S. 18 - John G. Whittier School","region":"nyc","sources":["osm_overpass"],"steam_heated":false},"type":"Feature"},{"geometry":{"coordinates":[-74.119163,40.637106],"type":"Point"},"properties":{"cat":"pool","demand_kwh":1048716.1298928782,"demand_source":"footprint_estimate","id":"s_00017","in_steam":false,"in_uten":false,"name":"West Brighton Pool","region":"nyc","sources":["osm_overpass"],"steam_heated":false},"type":"Feature"},{"geometry":{"coordinates":[-74.125594,40.638344],"type":"Point"},"properties":{"cat":"wwtp","demand_kwh":14758046.575161202,"demand_source":"ll84_fuel","id":"s_00018","in_steam":false,"in_uten":false,"name":"Port Richmond Water Pollution Control Plant","region":"nyc","sources":["osm_overpass"],"steam_heated":false},"type":"Feature"},{"geometry":{"coordinates":[-74.131891,40.639697],"type":"Point"},"properties":{"cat":"hotel","demand_kwh":1500000.0,"demand_source":"category_default","id":"s_00019","in_steam":false,"in_uten":false,"name":"Days Inn","region":"nyc","sources":["osm_overpass"],"steam_heated":false},"type":"Feature"},{"geometry":{"coordinates":[-74.137152,40.639699],"type":"Point"},"properties":{"cat":"school","demand_kwh":1996723.1862923736,"demand_source":"footprint_estimate","id":"s_00020","in_steam":false,"in_uten":false,"name":"New World Preparatory Charter School - Main Campus","region":"nyc","sources":["osm_overpass"],"steam_heated":false},"type":"Feature"},{"geometry":{"coordinates":[-74.135354,40.641222],"type":"Point"},"properties":{"cat":"pool","demand_kwh":371345.34428631887,"demand_source":"footprint_estimate","id":"s_00021","in_steam":false,"in_uten":false,"name":"Faber Pool","region":"nyc","sources":["osm_overpass"],"steam_heated":false},"type":"Feature"},{"geometry":{"coordinates":[-74.110104,40.644188],"type":"Point"},"properties":{"cat":"pool","demand_kwh":7972.917850804515,"demand_source":"footprint_estimate","id":"s_00022","in_steam":false,"in_uten":false,"name":"Unnamed pool","region":"nyc","sources":["osm_overpass"],"steam_heated":false},"type":"Feature"},{"geometry":{"coordinates":[-74.003405,40.646002],"type":"Point"},"properties":{"cat":"pool","demand_kwh":2149.5033137500286,"demand_source":"footprint_estimate","id":"s_00023","in_steam":false,"in_uten":false,"name":"Unnamed pool","region":"nyc","sources":["osm_overpass"],"steam_heated":false},"type":"Feature"},{"geometry":{"coordinates":[-73.99632,40.646938],"type":"Point"},"properties":{"cat":"hotel","demand_kwh":1444863.0223235115,"demand_source":"footprint_estimate","id":"s_00024","in_steam":false,"in_uten":false,"name":"Holiday Inn Express","region":"nyc","sources":["osm_overpass"],"steam_heated":false},"type":"Feature"},{"geometry":{"coordinates":[-74.002581,40.647195],"type":"Point"},"properties":{"cat":"pool","demand_kwh":1549849.7419482097,"demand_source":"footprint_estimate","id":"s_00025","in_steam":false,"in_uten":false,"name":"Sunset Park Swimming Pool","region":"nyc","sources":["osm_overpass"],"steam_heated":false},"type":"Feature"},{"geometry":{"coordinates":[-74.000704,40.649023],"type":"Point"},"properties":{"cat":"hotel","demand_kwh":890489.3954604864,"demand_source":"footprint_estimate","id":"s_00026","in_steam":false,"in_uten":false,"name":"King Hotel","region":"nyc","sources":["osm_overpass"],"steam_heated":false},"type":"Feature"},{"geometry":{"coordinates":[-74.014466,40.650623],"type":"Point"},"properties":{"cat":"brewery","demand_kwh":373016.0828143358,"demand_source":"footprint_estimate","id":"s_00027","in_steam":false,"in_uten":false,"name":"Five Boroughs Brewing Co.","region":"nyc","sources":["osm_overpass"],"steam_heated":false},"type":"Feature"},{"geometry":{"coordinates":[-74.011767,40.650996],"type":"Point"},"properties":{"cat":"hotel","demand_kwh":810250.4189193249,"demand_source":"footprint_estimate","id":"s_00028","in_steam":false,"in_uten":false,"name":"Quality Inn","region":"nyc","sources":["osm_overpass"],"steam_heated":false},"type":"Feature"},{"geometry":{"coordinates":[-74.003284,40.65108],"type":"Point"},"properties":{"cat":"hotel","demand_kwh":630704.9041016959,"demand_source":"footprint_estimate","id":"s_00029","in_steam":false,"in_uten":false,"name":"Phoenix Hotel","region":"nyc","sources":["osm_overpass"],"steam_heated":false},"type":"Feature"},{"geometry":{"coordinates":[-74.004503,40.651864],"type":"Point"},"properties":{"cat":"hotel","demand_kwh":616690.6150062103,"demand_source":"footprint_estimate","id":"s_00030","in_steam":false,"in_uten":false,"name":"Wyndham Garden","region":"nyc","sources":["osm_overpass"],"steam_heated":false},"type":"Feature"},{"geometry":{"coordinates":[-74.007635,40.652184],"type":"Point"},"properties":{"cat":"school","demand_kwh":2493970.9066640004,"demand_source":"ll84_fuel","id":"s_00031","in_steam":false,"in_uten":false,"name":"M.S. 136 - Charles O. Dewey Middle School","region":"nyc","sources":["osm_overpass"],"steam_heated":false},"type":"Feature"},{"geometry":{"coordinates":[-74.004989,40.652224],"type":"Point"},"properties":{"cat":"hotel","demand_kwh":507838.5291259736,"demand_source":"footprint_estimate","id":"s_00032","in_steam":false,"in_uten":false,"name":"Days Inn","region":"nyc","sources":["osm_overpass"],"steam_heated":false},"type":"Feature"},{"geometry":{"coordinates":[-74.004594,40.652935],"type":"Point"},"properties":{"cat":"school","demand_kwh":908402.9302142002,"demand_source":"ll84_fuel","id":"s_00033","in_steam":false,"in_uten":false,"name":"P.S. 24","region":"nyc","sources":["osm_overpass"],"steam_heated":false},"type":"Feature"},{"geometry":{"coordinates":[-74.003298,40.65661],"type":"Point"},"properties":{"cat":"hotel","demand_kwh":547357.510779798,"demand_source":"footprint_estimate","id":"s_00034","in_steam":false,"in_uten":false,"name":"Hotel BPM","region":"nyc","sources":["osm_overpass"],"steam_heated":false},"type":"Feature"},{"geometry":{"coordinates":[-74.002832,40.657243],"type":"Point"},"properties":{"cat":"hotel","demand_kwh":365474.52272158116,"demand_source":"footprint_estimate","id":"s_00035","in_steam":false,"in_uten":false,"name":"L Hotel","region":"nyc","sources":["osm_overpass"],"steam_heated":false},"type":"Feature"},{"geometry":{"coordinates":[-74.007321,40.657617],"type":"Point"},"properties":{"cat":"brewery","demand_kwh":600000.0,"demand_source":"category_default","id":"s_00036","in_steam":false,"in_uten":false,"name":"Brooklyn Kura","region":"nyc","sources":["osm_overpass"],"steam_heated":false},"type":"Feature"},{"geometry":{"coordinates":[-74.001356,40.657681],"type":"Point"},"properties":{"cat":"hotel","demand_kwh":1066576.2244138867,"demand_source":"footprint_estimate","id":"s_00037","in_steam":false,"in_uten":false,"name":"GLo Best Western Brooklyn","region":"nyc","sources":["osm_overpass"],"steam_heated":false},"type":"Feature"},{"geometry":{"coordinates":[-74.000457,40.658611],"type":"Point"},"properties":{"cat":"hotel","demand_kwh":1116984.8526477814,"demand_source":"footprint_estimate","id":"s_00038","in_steam":false,"in_uten":false,"name":"Liberty View Brooklyn Hotel","region":"nyc","sources":["osm_overpass"],"steam_heated":false},"type":"Feature"},{"geometry":{"coordinates":[-73.757012,40.658643],"type":"Point"},"properties":{"cat":"pool","demand_kwh":5614.825364411809,"demand_source":"footprint_estimate","id":"s_00039","in_steam":false,"in_uten":false,"name":"Unnamed pool","region":"nyc","sources":["osm_overpass"],"steam_heated":false},"type":"Feature"},{"geometry":{"coordinates":[-73.996101,40.659111],"type":"Point"},"properties":{"cat":"greenhouse","demand_kwh":81699.08826860774,"demand_source":"footprint_estimate","id":"s_00040","in_steam":false,"in_uten":false,"name":"McGovern Weir Greenhouse","region":"nyc","sources":["osm_overpass"],"steam_heated":false},"type":"Feature"},{"geometry":{"coordinates":[-73.998643,40.660324],"type":"Point"},"properties":{"cat":"hotel","demand_kwh":2102036.6378112696,"demand_source":"footprint_estimate","id":"s_00041","in_steam":false,"in_uten":false,"name":"Brooklyn Way Hotel Prospect Park","region":"nyc","sources":["osm_overpass"],"steam_heated":false},"type":"Feature"},{"geometry":{"coordinates":[-73.988559,40.660684],"type":"Point"},"properties":{"cat":"school","demand_kwh":3431956.1305472,"demand_source":"ll84_fuel","id":"s_00042","in_steam":false,"in_uten":false,"name":"Unnamed school","region":"nyc","sources":["osm_overpass"],"steam_heated":false},"type":"Feature"},{"geometry":{"coordinates":[-73.767146,40.661456],"type":"Point"},"properties":{"cat":"school","demand_kwh":1244115.6434858001,"demand_source":"ll84_fuel","id":"s_00043","in_steam":false,"in_uten":false,"name":"P.S. 52Q","region":"nyc","sources":["osm_overpass"],"steam_heated":false},"type":"Feature"},{"geometry":{"coordinates":[-73.756216,40.66175],"type":"Point"},"properties":{"cat":"pool","demand_kwh":5482.166419085115,"demand_source":"footprint_estimate","id":"s_00044","in_steam":false,"in_uten":false,"name":"Unnamed pool","region":"nyc","sources":["osm_overpass"],"steam_heated":false},"type":"Feature"},{"geometry":{"coordinates":[-73.758071,40.662171],"type":"Point"},"properties":{"cat":"pool","demand_kwh":8369.913377333432,"demand_source":"footprint_estimate","id":"s_00045","in_steam":false,"in_uten":false,"name":"Unnamed pool","region":"nyc","sources":["osm_overpass"],"steam_heated":false},"type":"Feature"},{"geometry":{"coordinates":[-73.766218,40.662366],"type":"Point"},"properties":{"cat":"pool","demand_kwh":5582.205569371581,"demand_source":"footprint_estimate","id":"s_00046","in_steam":false,"in_uten":false,"name":"Unnamed pool","region":"nyc","sources":["osm_overpass"],"steam_heated":false},"type":"Feature"},{"geometry":{"coordinates":[-73.994758,40.662609],"type":"Point"},"properties":{"cat":"school","demand_kwh":2147836.709838733,"demand_source":"footprint_estimate","id":"s_00047","in_steam":false,"in_uten":false,"name":"Al-Noor School","region":"nyc","sources":["osm_overpass"],"steam_heated":false},"type":"Feature"},{"geometry":{"coordinates":[-73.758534,40.663362],"type":"Point"},"properties":{"cat":"pool","demand_kwh":5478.790640924126,"demand_source":"footprint_estimate","id":"s_00048","in_steam":false,"in_uten":false,"name":"Unnamed pool","region":"nyc","sources":["osm_overpass"],"steam_heated":false},"type":"Feature"},{"geometry":{"coordinates":[-73.997549,40.663562],"type":"Point"},"properties":{"cat":"hotel","demand_kwh":724272.1753003076,"demand_source":"footprint_estimate","id":"s_00049","in_steam":false,"in_uten":false,"name":"Essence Hotel","region":"nyc","sources":["osm_overpass"],"steam_heated":false},"type":"Feature"},{"geometry":{"coordinates":[-73.996111,40.663657],"type":"Point"},"properties":{"cat":"hotel","demand_kwh":309131.2908,"demand_source":"ll84_fuel","id":"s_00050","in_steam":false,"in_uten":false,"name":"Comfort Inn","region":"nyc","sources":["osm_overpass"],"steam_heated":false},"type":"Feature"},{"geometry":{"coordinates":[-73.754326,40.663676],"type":"Point"},"properties":{"cat":"pool","demand_kwh":4040.717396349646,"demand_source":"footprint_estimate","id":"s_00051","in_steam":false,"in_uten":false,"name":"Unnamed pool","region":"nyc","sources":["osm_overpass"],"steam_heated":false},"type":"Feature"},{"geometry":{"coordinates":[-73.759249,40.665033],"type":"Point"},"properties":{"cat":"school","demand_kwh":2531657.2582392,"demand_source":"ll84_fuel","id":"s_00052","in_steam":false,"in_uten":false,"name":"Unnamed school","region":"nyc","sources":["osm_overpass"],"steam_heated":false},"type":"Feature"},{"geometry":{"coordinates":[-73.992094,40.665449],"type":"Point"},"properties":{"cat":"residential_multifamily","demand_kwh":2733509.022536287,"demand_source":"footprint_estimate","id":"s_00053","in_steam":false,"in_uten":false,"name":"Unnamed residential multifamily","region":"nyc","sources":["osm_overpass"],"steam_heated":false},"type":"Feature"},{"geometry":{"coordinates":[-73.780192,40.666367],"type":"Point"},"properties":{"cat":"hotel","demand_kwh":390927.40690000006,"demand_source":"ll84_fuel","id":"s_00054","in_steam":false,"in_uten":false,"name":"Marriott","region":"nyc","sources":["osm_overpass"],"steam_heated":false},"type":"Feature"},{"geometry":{"coordinates":[-74.017538,40.693026],"type":"Point"},"properties":{"cat":"pool","demand_kwh":89387.57454794832,"demand_source":"footprint_estimate","id":"s_00055","in_steam":false,"in_uten":false,"name":"Unnamed pool","region":"nyc","sources":["osm_overpass"],"steam_heated":false},"type":"Feature"},{"geometry":{"coordinates":[-73.936238,40.696553],"type":"Point"},"properties":{"cat":"residential_multifamily","demand_kwh":2699613.324779193,"demand_source":"footprint_estimate","id":"s_00056","in_steam":false,"in_uten":false,"name":"Unnamed residential multifamily","region":"nyc","sources":["osm_overpass"],"steam_heated":false},"type":"Feature"},{"geometry":{"coordinates":[-73.925732,40.699439],"type":"Point"},"properties":{"cat":"pool","demand_kwh":6488.666757871397,"demand_source":"footprint_estimate","id":"s_00057","in_steam":false,"in_uten":false,"name":"Unnamed pool","region":"nyc","sources":["osm_overpass"],"steam_heated":false},"type":"Feature"},{"geometry":{"coordinates":[-73.942768,40.699499],"type":"Point"},"properties":{"cat":"hospital","demand_kwh":54202466.2813631,"demand_source":"ll84_fuel","id":"s_00058","in_steam":false,"in_uten":false,"name":"NYC Health + Hospitals/Woodhull","region":"nyc","sources":["osm_overpass"],"steam_heated":false},"type":"Feature"},{"geometry":{"coordinates":[-73.929216,40.699565],"type":"Point"},"properties":{"cat":"residential_multifamily","demand_kwh":1675334.3059644476,"demand_source":"footprint_estimate","id":"s_00059","in_steam":false,"in_uten":false,"name":"Unnamed residential multifamily","region":"nyc","sources":["osm_overpass"],"steam_heated":false},"type":"Feature"},{"geometry":{"coordinates":[-73.935469,40.699573],"type":"Point"},"properties":{"cat":"residential_multifamily","demand_kwh":1456650.2736649476,"demand_source":"footprint_estimate","id":"s_00060","in_steam":false,"in_uten":false,"name":"Unnamed residential multifamily","region":"nyc","sources":["osm_overpass"],"steam_heated":false},"type":"Feature"},{"geometry":{"coordinates":[-73.944536,40.700026],"type":"Point"},"properties":{"cat":"pool","demand_kwh":3157.6665175380185,"demand_source":"footprint_estimate","id":"s_00061","in_steam":false,"in_uten":false,"name":"Unnamed pool","region":"nyc","sources":["osm_overpass"],"steam_heated":false},"type":"Feature"},{"geometry":{"coordinates":[-73.99638,40.700479],"type":"Point"},"properties":{"cat":"residential_multifamily","demand_kwh":1064735.6882280484,"demand_source":"footprint_estimate","id":"s_00062","in_steam":false,"in_uten":false,"name":"Unnamed residential multifamily","region":"nyc","sources":["osm_overpass"],"steam_heated":false},"type":"Feature"},{"geometry":{"coordinates":[-73.937645,40.700664],"type":"Point"},"properties":{"cat":"school","demand_kwh":1435696.2734142002,"demand_source":"ll84_fuel","id":"s_00063","in_steam":false,"in_uten":false,"name":"P.S. 120 - Carlos Tapia School","region":"nyc","sources":["osm_overpass"],"steam_heated":false},"type":"Feature"},{"geometry":{"coordinates":[-73.929258,40.700823],"type":"Point"},"properties":{"cat":"pool","demand_kwh":5290.818568319082,"demand_source":"footprint_estimate","id":"s_00064","in_steam":false,"in_uten":false,"name":"Unnamed pool","region":"nyc","sources":["osm_overpass"],"steam_heated":false},"type":"Feature"},{"geometry":{"coordinates":[-73.92771,40.700949],"type":"Point"},"properties":{"cat":"school","demand_kwh":2457329.118747,"demand_source":"ll84_fuel","id":"s_00065","in_steam":false,"in_uten":false,"name":"Enrico Fermi Campus","region":"nyc","sources":["osm_overpass"],"steam_heated":false},"type":"Feature"},{"geometry":{"coordinates":[-74.011976,40.701058],"type":"Point"},"properties":{"cat":"hotel","demand_kwh":1500000.0,"demand_source":"category_default","id":"s_00066","in_steam":false,"in_uten":false,"name":"Casa Cipriani New York","region":"nyc","sources":["osm_overpass"],"steam_heated":false},"type":"Feature"},{"geometry":{"coordinates":[-73.932335,40.701224],"type":"Point"},"properties":{"cat":"school","demand_kwh":1922626.6475960002,"demand_source":"ll84_fuel","id":"s_00067","in_steam":false,"in_uten":false,"name":"P.S. 145 - Magnet School of Leadership Through Engineering","region":"nyc","sources":["osm_overpass"],"steam_heated":false},"type":"Feature"},{"geometry":{"coordinates":[-73.942403,40.701354],"type":"Point"},"properties":{"cat":"university","demand_kwh":5000000.0,"demand_source":"category_default","id":"s_00068","in_steam":false,"in_uten":false,"name":"Boricua College","region":"nyc","sources":["osm_overpass"],"steam_heated":false},"type":"Feature"},{"geometry":{"coordinates":[-73.995852,40.701604],"type":"Point"},"properties":{"cat":"residential_multifamily","demand_kwh":3960735.1582588395,"demand_source":"footprint_estimate","id":"s_00069","in_steam":false,"in_uten":false,"name":"Pierhouse","region":"nyc","sources":["osm_overpass"],"steam_heated":false},"type":"Feature"},{"geometry":{"coordinates":[-73.939441,40.702076],"type":"Point"},"properties":{"cat":"pool","demand_kwh":149242.95090958476,"demand_source":"footprint_estimate","id":"s_00070","in_steam":false,"in_uten":false,"name":"Bushwick Pool","region":"nyc","sources":["osm_overpass"],"steam_heated":false},"type":"Feature"},{"geometry":{"coordinates":[-73.990797,40.702146],"type":"Point"},"properties":{"cat":"residential_multifamily","demand_kwh":8983340.991564661,"demand_source":"footprint_estimate","id":"s_00071","in_steam":false,"in_uten":false,"name":"Olympia Dumbo","region":"nyc","sources":["osm_overpass"],"steam_heated":false},"type":"Feature"},{"geometry":{"coordinates":[-74.012041,40.702195],"type":"Point"},"properties":{"cat":"office","demand_kwh":16728701.380708313,"demand_source":"footprint_estimate","id":"s_00072","in_steam":true,"in_uten":false,"name":"One New York Plaza","region":"nyc","sources":["osm_overpass"],"steam_heated":false},"type":"Feature"},{"geometry":{"coordinates":[-73.945299,40.702272],"type":"Point"},"properties":{"cat":"residential_multifamily","demand_kwh":1162612.6863071,"demand_source":"ll84_fuel","id":"s_00073","in_steam":false,"in_uten":false,"name":"Unnamed residential multifamily","region":"nyc","sources":["osm_overpass"],"steam_heated":false},"type":"Feature"},{"geometry":{"coordinates":[-73.995518,40.702294],"type":"Point"},"properties":{"cat":"hotel","demand_kwh":2669763.5864859447,"demand_source":"footprint_estimate","id":"s_00074","in_steam":false,"in_uten":false,"name":"1 Hotel Brooklyn Bridge","region":"nyc","sources":["osm_overpass"],"steam_heated":false},"type":"Feature"},{"geometry":{"coordinates":[-73.9413,40.702745],"type":"Point"},"properties":{"cat":"school","demand_kwh":793620.4714731001,"demand_source":"ll84_fuel","id":"s_00075","in_steam":false,"in_uten":false,"name":"P.S. 257 - John F. Hylan School","region":"nyc","sources":["osm_overpass"],"steam_heated":false},"type":"Feature"},{"geometry":{"coordinates":[-73.930644,40.702824],"type":"Point"},"properties":{"cat":"residential_multifamily","demand_kwh":1437940.749466857,"demand_source":"footprint_estimate","id":"s_00076","in_steam":false,"in_uten":false,"name":"Unnamed residential multifamily","region":"nyc","sources":["osm_overpass"],"steam_heated":false},"type":"Feature"},{"geometry":{"coordinates":[-74.012235,40.702978],"type":"Point"},"properties":{"cat":"hotel","demand_kwh":942172.6809454,"demand_source":"ll84_fuel","id":"s_00077","in_steam":true,"in_uten":false,"name":"Hilton Garden Inn","region":"nyc","sources":["osm_overpass"],"steam_heated":false},"type":"Feature"},{"geometry":{"coordinates":[-73.948503,40.703224],"type":"Point"},"properties":{"cat":"school","demand_kwh":2546716.0375109003,"demand_source":"ll84_fuel","id":"s_00078","in_steam":false,"in_uten":false,"name":"I.S. 318 - Eugenio Maria de Hostos Academy of the Arts and Sciences","region":"nyc","sources":["osm_overpass"],"steam_heated":false},"type":"Feature"},{"geometry":{"coordinates":[-74.011175,40.703403],"type":"Point"},"properties":{"cat":"brewery","demand_kwh":59813.73802870512,"demand_source":"footprint_estimate","id":"s_00079","in_steam":true,"in_uten":false,"name":"The Porterhouse at Fraunces Tavern","region":"nyc","sources":["osm_overpass"],"steam_heated":false},"type":"Feature"},{"geometry":{"coordinates":[-73.930974,40.703519],"type":"Point"},"properties":{"cat":"brewery","demand_kwh":600000.0,"demand_source":"category_default","id":"s_00080","in_steam":false,"in_uten":false,"name":"Unnamed brewery","region":"nyc","sources":["osm_overpass"],"steam_heated":false},"type":"Feature"},{"geometry":{"coordinates":[-73.992061,40.703634],"type":"Point"},"properties":{"cat":"pool","demand_kwh":24446.272725146264,"demand_source":"footprint_estimate","id":"s_00081","in_steam":false,"in_uten":false,"name":"Unnamed pool","region":"nyc","sources":["osm_overpass"],"steam_heated":false},"type":"Feature"},{"geometry":{"coordinates":[-73.991201,40.703645],"type":"Point"},"properties":{"cat":"residential_multifamily","demand_kwh":1750615.3740151227,"demand_source":"footprint_estimate","id":"s_00082","in_steam":false,"in_uten":false,"name":"Sweeney Building","region":"nyc","sources":["osm_overpass"],"steam_heated":false},"type":"Feature"},{"geometry":{"coordinates":[-73.933146,40.70381],"type":"Point"},"properties":{"cat":"hotel","demand_kwh":519263.1978,"demand_source":"ll84_fuel","id":"s_00083","in_steam":false,"in_uten":false,"name":"Bogart Hotel","region":"nyc","sources":["osm_overpass"],"steam_heated":false},"type":"Feature"},{"geometry":{"coordinates":[-74.012313,40.703878],"type":"Point"},"properties":{"cat":"hotel","demand_kwh":2492576.613161154,"demand_source":"footprint_estimate","id":"s_00084","in_steam":true,"in_uten":false,"name":"DoubleTree by Hilton","region":"nyc","sources":["osm_overpass"],"steam_heated":false},"type":"Feature"},{"geometry":{"coordinates":[-73.987066,40.704106],"type":"Point"},"properties":{"cat":"office","demand_kwh":2953808.8371558487,"demand_source":"footprint_estimate","id":"s_00085","in_steam":false,"in_uten":false,"name":"Unnamed office","region":"nyc","sources":["osm_overpass"],"steam_heated":false},"type":"Feature"},{"geometry":{"coordinates":[-74.007,40.704249],"type":"Point"},"properties":{"cat":"office","demand_kwh":7396414.534912258,"demand_source":"footprint_estimate","id":"s_00086","in_steam":true,"in_uten":false,"name":"111 Wall Street","region":"nyc","sources":["osm_overpass"],"steam_heated":false},"type":"Feature"},{"geometry":{"coordinates":[-73.947183,40.704355],"type":"Point"},"properties":{"cat":"pool","demand_kwh":101942.88867712021,"demand_source":"footprint_estimate","id":"s_00087","in_steam":false,"in_uten":false,"name":"Unnamed pool","region":"nyc","sources":["osm_overpass"],"steam_heated":false},"type":"Feature"},{"geometry":{"coordinates":[-74.010272,40.704584],"type":"Point"},"properties":{"cat":"hotel","demand_kwh":506777.11139023304,"demand_source":"footprint_estimate","id":"s_00088","in_steam":true,"in_uten":false,"name":"Wall Street Inn","region":"nyc","sources":["osm_overpass"],"steam_heated":false},"type":"Feature"},{"geometry":{"coordinates":[-73.943985,40.70475],"type":"Point"},"properties":{"cat":"pool","demand_kwh":8736.332284659147,"demand_source":"footprint_estimate","id":"s_00089","in_steam":false,"in_uten":false,"name":"Unnamed pool","region":"nyc","sources":["osm_overpass"],"steam_heated":false},"type":"Feature"},{"geometry":{"coordinates":[-73.948342,40.704983],"type":"Point"},"properties":{"cat":"residential_multifamily","demand_kwh":2103136.019549041,"demand_source":"footprint_estimate","id":"s_00090","in_steam":false,"in_uten":false,"name":"Unnamed residential multifamily","region":"nyc","sources":["osm_overpass"],"steam_heated":false},"type":"Feature"},{"geometry":{"coordinates":[-74.007892,40.705039],"type":"Point"},"properties":{"cat":"hotel","demand_kwh":1500000.0,"demand_source":"category_default","id":"s_00091","in_steam":true,"in_uten":false,"name":"Hyatt Centric","region":"nyc","sources":["osm_overpass"],"steam_heated":false},"type":"Feature"},{"geometry":{"coordinates":[-73.945389,40.705137],"type":"Point"},"properties":{"cat":"pool","demand_kwh":153803.4271761775,"demand_source":"footprint_estimate","id":"s_00092","in_steam":false,"in_uten":false,"name":"Unnamed pool","region":"nyc","sources":["osm_overpass"],"steam_heated":false},"type":"Feature"},{"geometry":{"coordinates":[-74.0062,40.705188],"type":"Point"},"properties":{"cat":"hotel","demand_kwh":1500000.0,"demand_source":"category_default","id":"s_00093","in_steam":true,"in_uten":false,"name":"Eurostars Wall Street","region":"nyc","sources":["osm_overpass"],"steam_heated":false},"type":"Feature"},{"geometry":{"coordinates":[-74.013153,40.705348],"type":"Point"},"properties":{"cat":"university","demand_kwh":3606170.6039138003,"demand_source":"ll84_fuel","id":"s_00094","in_steam":true,"in_uten":false,"name":"New York Film Academy","region":"nyc","sources":["osm_overpass"],"steam_heated":false},"type":"Feature"},{"geometry":{"coordinates":[-74.007574,40.705483],"type":"Point"},"properties":{"cat":"hotel","demand_kwh":1500000.0,"demand_source":"category_default","id":"s_00095","in_steam":true,"in_uten":false,"name":"The Wall Street Hotel","region":"nyc","sources":["osm_overpass"],"steam_heated":false},"type":"Feature"},{"geometry":{"coordinates":[-74.015476,40.705701],"type":"Point"},"properties":{"cat":"hotel","demand_kwh":1500000.0,"demand_source":"category_default","id":"s_00096","in_steam":true,"in_uten":false,"name":"Sonder at Battery Park","region":"nyc","sources":["osm_overpass"],"steam_heated":false},"type":"Feature"},{"geometry":{"coordinates":[-74.01557,40.705957],"type":"Point"},"properties":{"cat":"pool","demand_kwh":29897.712760418653,"demand_source":"footprint_estimate","id":"s_00097","in_steam":true,"in_uten":false,"name":"Unnamed pool","region":"nyc","sources":["osm_overpass"],"steam_heated":false},"type":"Feature"},{"geometry":{"coordinates":[-74.005049,40.70598],"type":"Point"},"properties":{"cat":"hotel","demand_kwh":1500000.0,"demand_source":"category_default","id":"s_00098","in_steam":true,"in_uten":false,"name":"Fairfield Inn New York Manhattan/Financial District","region":"nyc","sources":["osm_overpass"],"steam_heated":false},"type":"Feature"},{"geometry":{"coordinates":[-73.92362,40.706031],"type":"Point"},"properties":{"cat":"brewery","demand_kwh":600000.0,"demand_source":"category_default","id":"s_00099","in_steam":false,"in_uten":false,"name":"Kings County Brewers Collective","region":"nyc","sources":["osm_overpass"],"steam_heated":false},"type":"Feature"},{"geometry":{"coordinates":[-73.949212,40.706131],"type":"Point"},"properties":{"cat":"pool","demand_kwh":92236.81874610484,"demand_source":"footprint_estimate","id":"s_00100","in_steam":false,"in_uten":false,"name":"Unnamed pool","region":"nyc","sources":["osm_overpass"],"steam_heated":false},"type":"Feature"},{"geometry":{"coordinates":[-74.006804,40.70615],"type":"Point"},"properties":{"cat":"office","demand_kwh":3181257.407273054,"demand_source":"footprint_estimate","id":"s_00101","in_steam":true,"in_uten":false,"name":"Unnamed office","region":"nyc","sources":["osm_overpass"],"steam_heated":false},"type":"Feature"},{"geometry":{"coordinates":[-74.007442,40.706395],"type":"Point"},"properties":{"cat":"hotel","demand_kwh":1500000.0,"demand_source":"category_default","id":"s_00102","in_steam":true,"in_uten":false,"name":"Mint House","region":"nyc","sources":["osm_overpass"],"steam_heated":false},"type":"Feature"},{"geometry":{"coordinates":[-74.012381,40.706654],"type":"Point"},"properties":{"cat":"university","demand_kwh":5000000.0,"demand_source":"category_default","id":"s_00103","in_steam":true,"in_uten":false,"name":"The King's College","region":"nyc","sources":["osm_overpass"],"steam_heated":false},"type":"Feature"},{"geometry":{"coordinates":[-74.018109,40.706657],"type":"Point"},"properties":{"cat":"residential_multifamily","demand_kwh":2087314.8296513746,"demand_source":"footprint_estimate","id":"s_00104","in_steam":true,"in_uten":false,"name":"South Cove Plaza","region":"nyc","sources":["osm_overpass"],"steam_heated":false},"type":"Feature"},{"geometry":{"coordinates":[-73.945648,40.706715],"type":"Point"},"properties":{"cat":"school","demand_kwh":1259973.1877680002,"demand_source":"ll84_fuel","id":"s_00105","in_steam":false,"in_uten":false,"name":"P.S. 250 - The George H. Lindsay School","region":"nyc","sources":["osm_overpass"],"steam_heated":false},"type":"Feature"},{"geometry":{"coordinates":[-74.016968,40.706969],"type":"Point"},"properties":{"cat":"residential_multifamily","demand_kwh":1715603.4713784792,"demand_source":"footprint_estimate","id":"s_00106","in_steam":true,"in_uten":false,"name":"The Visionaire","region":"nyc","sources":["osm_overpass"],"steam_heated":false},"type":"Feature"},{"geometry":{"coordinates":[-74.006335,40.707224],"type":"Point"},"properties":{"cat":"hotel","demand_kwh":4457385.622686893,"demand_source":"footprint_estimate","id":"s_00107","in_steam":true,"in_uten":false,"name":"Courtyard New York Downtown Financial District","region":"nyc","sources":["osm_overpass"],"steam_heated":false},"type":"Feature"},{"geometry":{"coordinates":[-73.934092,40.707238],"type":"Point"},"properties":{"cat":"hotel","demand_kwh":1249881.2428305857,"demand_source":"footprint_estimate","id":"s_00108","in_steam":false,"in_uten":false,"name":"Nova Hotel","region":"nyc","sources":["osm_overpass"],"steam_heated":false},"type":"Feature"},{"geometry":{"coordinates":[-74.017653,40.707289],"type":"Point"},"properties":{"cat":"residential_multifamily","demand_kwh":1950256.0040423002,"demand_source":"ll84_fuel","id":"s_00109","in_steam":true,"in_uten":false,"name":"Riverwatch","region":"nyc","sources":["osm_overpass"],"steam_heated":false},"type":"Feature"},{"geometry":{"coordinates":[-74.013296,40.707756],"type":"Point"},"properties":{"cat":"hotel","demand_kwh":1780420.648905784,"demand_source":"footprint_estimate","id":"s_00110","in_steam":true,"in_uten":false,"name":"Hotel Indigo","region":"nyc","sources":["osm_overpass"],"steam_heated":false},"type":"Feature"},{"geometry":{"coordinates":[-74.014088,40.707876],"type":"Point"},"properties":{"cat":"residential_multifamily","demand_kwh":8105971.689137101,"demand_source":"ll84_fuel","id":"s_00111","in_steam":true,"in_uten":false,"name":"Greenwich Club Residences","region":"nyc","sources":["osm_overpass"],"steam_heated":false},"type":"Feature"},{"geometry":{"coordinates":[-74.001418,40.708008],"type":"Point"},"properties":{"cat":"hotel","demand_kwh":1500000.0,"demand_source":"category_default","id":"s_00112","in_steam":true,"in_uten":false,"name":"33 Hotel, New York City, Seaport","region":"nyc","sources":["osm_overpass"],"steam_heated":false},"type":"Feature"},{"geometry":{"coordinates":[-74.013619,40.708272],"type":"Point"},"properties":{"cat":"hotel","demand_kwh":1500000.0,"demand_source":"category_default","id":"s_00113","in_steam":true,"in_uten":false,"name":"Courtyard New York Downtown Manhattan/World Trade Center Area","region":"nyc","sources":["osm_overpass"],"steam_heated":false},"type":"Feature"},{"geometry":{"coordinates":[-73.939121,40.708828],"type":"Point"},"properties":{"cat":"school","demand_kwh":2332330.6445524003,"demand_source":"ll84_fuel","id":"s_00114","in_steam":false,"in_uten":false,"name":"P.S. 196 - The Ten Eyck School","region":"nyc","sources":["osm_overpass"],"steam_heated":false},"type":"Feature"},{"geometry":{"coordinates":[-74.002036,40.708891],"type":"Point"},"properties":{"cat":"hotel","demand_kwh":471140.98373763263,"demand_source":"footprint_estimate","id":"s_00115","in_steam":true,"in_uten":false,"name":"Hampton Inn Manhattan-Seaport-Financial District","region":"nyc","sources":["osm_overpass"],"steam_heated":false},"type":"Feature"},{"geometry":{"coordinates":[-74.009209,40.70906],"type":"Point"},"properties":{"cat":"hotel","demand_kwh":876604.9469087273,"demand_source":"footprint_estimate","id":"s_00116","in_steam":true,"in_uten":false,"name":"Holiday Inn","region":"nyc","sources":["osm_overpass"],"steam_heated":false},"type":"Feature"},{"geometry":{"coordinates":[-74.013679,40.709208],"type":"Point"},"properties":{"cat":"hotel","demand_kwh":1516161.944496492,"demand_source":"footprint_estimate","id":"s_00117","in_steam":true,"in_uten":false,"name":"The Washington New York City","region":"nyc","sources":["osm_overpass"],"steam_heated":false},"type":"Feature"},{"geometry":{"coordinates":[-74.012665,40.709336],"type":"Point"},"properties":{"cat":"hotel","demand_kwh":3493699.2151574004,"demand_source":"ll84_fuel","id":"s_00118","in_steam":true,"in_uten":false,"name":"The Cloud One New York-Downtown","region":"nyc","sources":["osm_overpass"],"steam_heated":false},"type":"Feature"},{"geometry":{"coordinates":[-74.014343,40.709428],"type":"Point"},"properties":{"cat":"hotel","demand_kwh":3400066.5362365544,"demand_source":"footprint_estimate","id":"s_00119","in_steam":true,"in_uten":false,"name":"Marriott Downtown","region":"nyc","sources":["osm_overpass"],"steam_heated":false},"type":"Feature"},{"geometry":{"coordinates":[-74.009795,40.709566],"type":"Point"},"properties":{"cat":"hotel","demand_kwh":1500000.0,"demand_source":"category_default","id":"s_00120","in_steam":true,"in_uten":false,"name":"Residence Inn New York Downtown Manhattan/World Trade Center Area","region":"nyc","sources":["osm_overpass"],"steam_heated":false},"type":"Feature"},{"geometry":{"coordinates":[-74.008699,40.709629],"type":"Point"},"properties":{"cat":"hotel","demand_kwh":1500000.0,"demand_source":"category_default","id":"s_00121","in_steam":true,"in_uten":false,"name":"The Artezen","region":"nyc","sources":["osm_overpass"],"steam_heated":false},"type":"Feature"},{"geometry":{"coordinates":[-74.010857,40.709737],"type":"Point"},"properties":{"cat":"office","demand_kwh":16981936.544438526,"demand_source":"footprint_estimate","id":"s_00122","in_steam":true,"in_uten":false,"name":"One Liberty Plaza","region":"nyc","sources":["osm_overpass"],"steam_heated":false},"type":"Feature"},{"geometry":{"coordinates":[-73.944484,40.709791],"type":"Point"},"properties":{"cat":"school","demand_kwh":2837470.9853192,"demand_source":"ll84_fuel","id":"s_00123","in_steam":false,"in_uten":false,"name":"The Brooklyn Latin School","region":"nyc","sources":["osm_overpass"],"steam_heated":false},"type":"Feature"},{"geometry":{"coordinates":[-74.013878,40.709825],"type":"Point"},"properties":{"cat":"hotel","demand_kwh":1500000.0,"demand_source":"category_default","id":"s_00124","in_steam":true,"in_uten":false,"name":"World Center Hotel","region":"nyc","sources":["osm_overpass"],"steam_heated":false},"type":"Feature"},{"geometry":{"coordinates":[-74.003235,40.710158],"type":"Point"},"properties":{"cat":"office","demand_kwh":7557448.5171539,"demand_source":"ll84_fuel","id":"s_00125","in_steam":true,"in_uten":false,"name":"New York City Department of Housing Preservation and Development","region":"nyc","sources":["osm_overpass"],"steam_heated":false},"type":"Feature"},{"geometry":{"coordinates":[-74.004957,40.710305],"type":"Point"},"properties":{"cat":"hospital","demand_kwh":9647596.581317484,"demand_source":"footprint_estimate","id":"s_00126","in_steam":true,"in_uten":false,"name":"NewYork-Presbyterian Lower Manhattan Hospital","region":"nyc","sources":["osm_overpass"],"steam_heated":false},"type":"Feature"},{"geometry":{"coordinates":[-74.004956,40.710307],"type":"Point"},"properties":{"cat":"university","demand_kwh":3622608.7009477587,"demand_source":"footprint_estimate","id":"s_00127","in_steam":true,"in_uten":false,"name":"Weill Medical College of Cornell University","region":"nyc","sources":["osm_overpass"],"steam_heated":false},"type":"Feature"},{"geometry":{"coordinates":[-74.006666,40.710406],"type":"Point"},"properties":{"cat":"hotel","demand_kwh":732580.7072024792,"demand_source":"footprint_estimate","id":"s_00128","in_steam":true,"in_uten":false,"name":"Aloft Manhattan Downtown","region":"nyc","sources":["osm_overpass"],"steam_heated":false},"type":"Feature"},{"geometry":{"coordinates":[-73.922788,40.710513],"type":"Point"},"properties":{"cat":"brewery","demand_kwh":600000.0,"demand_source":"category_default","id":"s_00129","in_steam":false,"in_uten":false,"name":"Honey's","region":"nyc","sources":["osm_overpass"],"steam_heated":false},"type":"Feature"},{"geometry":{"coordinates":[-74.008398,40.710862],"type":"Point"},"properties":{"cat":"residential_multifamily","demand_kwh":1911346.722817663,"demand_source":"footprint_estimate","id":"s_00130","in_steam":true,"in_uten":false,"name":"Unnamed residential multifamily","region":"nyc","sources":["osm_overpass"],"steam_heated":false},"type":"Feature"},{"geometry":{"coordinates":[-74.016498,40.710904],"type":"Point"},"properties":{"cat":"residential_multifamily","demand_kwh":1179136.3547006622,"demand_source":"footprint_estimate","id":"s_00131","in_steam":true,"in_uten":false,"name":"Gateway Plaza 100","region":"nyc","sources":["osm_overpass"],"steam_heated":false},"type":"Feature"},{"geometry":{"coordinates":[-73.916779,40.710914],"type":"Point"},"properties":{"cat":"pool","demand_kwh":1294.0976899117231,"demand_source":"footprint_estimate","id":"s_00132","in_steam":false,"in_uten":false,"name":"Unnamed pool","region":"nyc","sources":["osm_overpass"],"steam_heated":false},"type":"Feature"},{"geometry":{"coordinates":[-74.006936,40.711033],"type":"Point"},"properties":{"cat":"hotel","demand_kwh":1500000.0,"demand_source":"category_default","id":"s_00133","in_steam":true,"in_uten":false,"name":"The Beekman, A Thompson Hotel","region":"nyc","sources":["osm_overpass"],"steam_heated":false},"type":"Feature"},{"geometry":{"coordinates":[-73.939004,40.711062],"type":"Point"},"properties":{"cat":"school","demand_kwh":4665319.262806901,"demand_source":"ll84_fuel","id":"s_00134","in_steam":false,"in_uten":false,"name":"Grand Street Educational Campus","region":"nyc","sources":["osm_overpass"],"steam_heated":false},"type":"Feature"},{"geometry":{"coordinates":[-74.015374,40.71113],"type":"Point"},"properties":{"cat":"brewery","demand_kwh":600000.0,"demand_source":"category_default","id":"s_00135","in_steam":true,"in_uten":false,"name":"Sixpoint Brewery at Brookfield Place","region":"nyc","sources":["osm_overpass"],"steam_heated":false},"type":"Feature"},{"geometry":{"coordinates":[-74.00484,40.711193],"type":"Point"},"properties":{"cat":"university","demand_kwh":6688021.834393521,"demand_source":"footprint_estimate","id":"s_00136","in_steam":true,"in_uten":false,"name":"Pace University","region":"nyc","sources":["osm_overpass"],"steam_heated":false},"type":"Feature"},{"geometry":{"coordinates":[-73.917411,40.711333],"type":"Point"},"properties":{"cat":"residential_multifamily","demand_kwh":791907.2077142001,"demand_source":"ll84_fuel","id":"s_00137","in_steam":false,"in_uten":false,"name":"Unnamed residential multifamily","region":"nyc","sources":["osm_overpass"],"steam_heated":false},"type":"Feature"},{"geometry":{"coordinates":[-73.949497,40.712221],"type":"Point"},"properties":{"cat":"pool","demand_kwh":4821.187594998628,"demand_source":"footprint_estimate","id":"s_00138","in_steam":false,"in_uten":false,"name":"Unnamed pool","region":"nyc","sources":["osm_overpass"],"steam_heated":false},"type":"Feature"},{"geometry":{"coordinates":[-73.992681,40.712355],"type":"Point"},"properties":{"cat":"hotel","demand_kwh":1500000.0,"demand_source":"category_default","id":"s_00139","in_steam":true,"in_uten":false,"name":"Madison Les Hotel","region":"nyc","sources":["osm_overpass"],"steam_heated":false},"type":"Feature"},{"geometry":{"coordinates":[-73.999902,40.712429],"type":"Point"},"properties":{"cat":"residential_multifamily","demand_kwh":1499976.4141260367,"demand_source":"footprint_estimate","id":"s_00140","in_steam":true,"in_uten":false,"name":"Chatham Green","region":"nyc","sources":["osm_overpass"],"steam_heated":false},"type":"Feature"},{"geometry":{"coordinates":[-74.009211,40.712755],"type":"Point"},"properties":{"cat":"hotel","demand_kwh":1500000.0,"demand_source":"category_default","id":"s_00141","in_steam":true,"in_uten":false,"name":"Four Seasons Private Residences New York Downtown;Four Seasons Hotel New York Downtown","region":"nyc","sources":["osm_overpass"],"steam_heated":false},"type":"Feature"},{"geometry":{"coordinates":[-73.992887,40.713251],"type":"Point"},"properties":{"cat":"hotel","demand_kwh":1500000.0,"demand_source":"category_default","id":"s_00142","in_steam":true,"in_uten":false,"name":"Fairfield Inn & Suites","region":"nyc","sources":["osm_overpass"],"steam_heated":false},"type":"Feature"},{"geometry":{"coordinates":[-74.00555,40.713388],"type":"Point"},"properties":{"cat":"office","demand_kwh":2581839.000201635,"demand_source":"footprint_estimate","id":"s_00143","in_steam":true,"in_uten":false,"name":"Tweed Courthouse","region":"nyc","sources":["osm_overpass"],"steam_heated":false},"type":"Feature"},{"geometry":{"coordinates":[-74.012077,40.713396],"type":"Point"},"properties":{"cat":"office","demand_kwh":14619769.52226162,"demand_source":"footprint_estimate","id":"s_00144","in_steam":true,"in_uten":false,"name":"7 World Trade Center","region":"nyc","sources":["osm_overpass"],"steam_heated":false},"type":"Feature"},{"geometry":{"coordinates":[-73.942959,40.713469],"type":"Point"},"properties":{"cat":"pool","demand_kwh":2034.9065449088812,"demand_source":"footprint_estimate","id":"s_00145","in_steam":false,"in_uten":false,"name":"Unnamed pool","region":"nyc","sources":["osm_overpass"],"steam_heated":false},"type":"Feature"},{"geometry":{"coordinates":[-73.993627,40.713636],"type":"Point"},"properties":{"cat":"hotel","demand_kwh":1500000.0,"demand_source":"category_default","id":"s_00146","in_steam":true,"in_uten":false,"name":"Hotel91","region":"nyc","sources":["osm_overpass"],"steam_heated":false},"type":"Feature"},{"geometry":{"coordinates":[-73.993784,40.714134],"type":"Point"},"properties":{"cat":"hotel","demand_kwh":268111.171637848,"demand_source":"footprint_estimate","id":"s_00147","in_steam":true,"in_uten":false,"name":"Hotel Mimosa","region":"nyc","sources":["osm_overpass"],"steam_heated":false},"type":"Feature"},{"geometry":{"coordinates":[-73.936521,40.714382],"type":"Point"},"properties":{"cat":"brewery","demand_kwh":600000.0,"demand_source":"category_default","id":"s_00148","in_steam":false,"in_uten":false,"name":"Grimm Artisanal Ales","region":"nyc","sources":["osm_overpass"],"steam_heated":false},"type":"Feature"},{"geometry":{"coordinates":[-74.012157,40.714486],"type":"Point"},"properties":{"cat":"office","demand_kwh":10885580.975996107,"demand_source":"footprint_estimate","id":"s_00149","in_steam":true,"in_uten":false,"name":"Unnamed office","region":"nyc","sources":["osm_overpass"],"steam_heated":false},"type":"Feature"},{"geometry":{"coordinates":[-73.995981,40.714649],"type":"Point"},"properties":{"cat":"residential_multifamily","demand_kwh":1127204.9910640002,"demand_source":"ll84_fuel","id":"s_00150","in_steam":true,"in_uten":false,"name":"Confucius Plaza","region":"nyc","sources":["osm_overpass"],"steam_heated":false},"type":"Feature"},{"geometry":{"coordinates":[-74.005147,40.714725],"type":"Point"},"properties":{"cat":"office","demand_kwh":2879747.055185102,"demand_source":"footprint_estimate","id":"s_00151","in_steam":true,"in_uten":false,"name":"Ted Weiss Federal Building","region":"nyc","sources":["osm_overpass"],"steam_heated":false},"type":"Feature"},{"geometry":{"coordinates":[-73.993082,40.714741],"type":"Point"},"properties":{"cat":"hotel","demand_kwh":223400.0200862065,"demand_source":"footprint_estimate","id":"s_00152","in_steam":true,"in_uten":false,"name":"Hotel Richland","region":"nyc","sources":["osm_overpass"],"steam_heated":false},"type":"Feature"},{"geometry":{"coordinates":[-73.987844,40.714778],"type":"Point"},"properties":{"cat":"residential_multifamily","demand_kwh":5265257.741927239,"demand_source":"footprint_estimate","id":"s_00153","in_steam":true,"in_uten":false,"name":"Unnamed residential multifamily","region":"nyc","sources":["osm_overpass"],"steam_heated":false},"type":"Feature"},{"geometry":{"coordinates":[-73.923393,40.714884],"type":"Point"},"properties":{"cat":"office","demand_kwh":4420182.5398350675,"demand_source":"footprint_estimate","id":"s_00154","in_steam":false,"in_uten":false,"name":"MTA NYC Transit Consolidated Revenue Facility","region":"nyc","sources":["osm_overpass"],"steam_heated":false},"type":"Feature"},{"geometry":{"coordinates":[-73.98518,40.714924],"type":"Point"},"properties":{"cat":"residential_multifamily","demand_kwh":1414261.9165160973,"demand_source":"footprint_estimate","id":"s_00155","in_steam":true,"in_uten":false,"name":"Unnamed residential multifamily","region":"nyc","sources":["osm_overpass"],"steam_heated":false},"type":"Feature"},{"geometry":{"coordinates":[-74.015694,40.714956],"type":"Point"},"properties":{"cat":"hotel","demand_kwh":1500000.0,"demand_source":"category_default","id":"s_00156","in_steam":true,"in_uten":false,"name":"Conrad","region":"nyc","sources":["osm_overpass"],"steam_heated":false},"type":"Feature"},{"geometry":{"coordinates":[-73.999365,40.715213],"type":"Point"},"properties":{"cat":"hotel","demand_kwh":1279766.4411234,"demand_source":"ll84_fuel","id":"s_00157","in_steam":true,"in_uten":false,"name":"Hotel Mulberry","region":"nyc","sources":["osm_overpass"],"steam_heated":false},"type":"Feature"},{"geometry":{"coordinates":[-73.986369,40.715262],"type":"Point"},"properties":{"cat":"residential_multifamily","demand_kwh":4926696.8712804,"demand_source":"footprint_estimate","id":"s_00158","in_steam":true,"in_uten":false,"name":"Unnamed residential multifamily","region":"nyc","sources":["osm_overpass"],"steam_heated":false},"type":"Feature"},{"geometry":{"coordinates":[-73.9938,40.715277],"type":"Point"},"properties":{"cat":"hotel","demand_kwh":319225.5059459,"demand_source":"ll84_fuel","id":"s_00159","in_steam":true,"in_uten":false,"name":"Canal Loft Hotel","region":"nyc","sources":["osm_overpass"],"steam_heated":false},"type":"Feature"},{"geometry":{"coordinates":[-74.00419,40.715456],"type":"Point"},"properties":{"cat":"office","demand_kwh":3476314.8986904323,"demand_source":"footprint_estimate","id":"s_00160","in_steam":true,"in_uten":false,"name":"Javits Federal Building","region":"nyc","sources":["osm_overpass"],"steam_heated":false},"type":"Feature"},{"geometry":{"coordinates":[-74.010475,40.715566],"type":"Point"},"properties":{"cat":"hotel","demand_kwh":1296573.8208264112,"demand_source":"footprint_estimate","id":"s_00161","in_steam":true,"in_uten":false,"name":"Warren Street Hotel","region":"nyc","sources":["osm_overpass"],"steam_heated":false},"type":"Feature"},{"geometry":{"coordinates":[-74.008857,40.715575],"type":"Point"},"properties":{"cat":"hotel","demand_kwh":19670710.5231144,"demand_source":"ll84_fuel","id":"s_00162","in_steam":true,"in_uten":false,"name":"The Frederick Hotel","region":"nyc","sources":["osm_overpass"],"steam_heated":false},"type":"Feature"},{"geometry":{"coordinates":[-74.012111,40.715629],"type":"Point"},"properties":{"cat":"residential_multifamily","demand_kwh":5442505.563297942,"demand_source":"footprint_estimate","id":"s_00163","in_steam":true,"in_uten":false,"name":"Unnamed residential multifamily","region":"nyc","sources":["osm_overpass"],"steam_heated":false},"type":"Feature"},{"geometry":{"coordinates":[-73.988329,40.715632],"type":"Point"},"properties":{"cat":"residential_multifamily","demand_kwh":21288008.564056702,"demand_source":"ll84_fuel","id":"s_00164","in_steam":true,"in_uten":false,"name":"Unnamed residential multifamily","region":"nyc","sources":["osm_overpass"],"steam_heated":false},"type":"Feature"},{"geometry":{"coordinates":[-73.996807,40.71598],"type":"Point"},"properties":{"cat":"hotel","demand_kwh":1621203.4171670002,"demand_source":"ll84_fuel","id":"s_00165","in_steam":true,"in_uten":false,"name":"Hotel 50 Bowery","region":"nyc","sources":["osm_overpass"],"steam_heated":false},"type":"Feature"},{"geometry":{"coordinates":[-74.007339,40.715988],"type":"Point"},"properties":{"cat":"hotel","demand_kwh":1500000.0,"demand_source":"category_default","id":"s_00166","in_steam":true,"in_uten":false,"name":"Duane Street Hotel","region":"nyc","sources":["osm_overpass"],"steam_heated":false},"type":"Feature"},{"geometry":{"coordinates":[-73.995222,40.71604],"type":"Point"},"properties":{"cat":"hotel","demand_kwh":1500000.0,"demand_source":"category_default","id":"s_00167","in_steam":true,"in_uten":false,"name":"Leon Hotel","region":"nyc","sources":["osm_overpass"],"steam_heated":false},"type":"Feature"},{"geometry":{"coordinates":[-73.994945,40.716679],"type":"Point"},"properties":{"cat":"hotel","demand_kwh":787692.0261354,"demand_source":"ll84_fuel","id":"s_00168","in_steam":true,"in_uten":false,"name":"Hotel MB","region":"nyc","sources":["osm_overpass"],"steam_heated":false},"type":"Feature"},{"geometry":{"coordinates":[-73.98756,40.716969],"type":"Point"},"properties":{"cat":"residential_multifamily","demand_kwh":5001257.602982223,"demand_source":"footprint_estimate","id":"s_00169","in_steam":true,"in_uten":false,"name":"CPC One","region":"nyc","sources":["osm_overpass"],"steam_heated":false},"type":"Feature"},{"geometry":{"coordinates":[-73.994976,40.71747],"type":"Point"},"properties":{"cat":"hotel","demand_kwh":1500000.0,"demand_source":"category_default","id":"s_00170","in_steam":true,"in_uten":false,"name":"World Hotel","region":"nyc","sources":["osm_overpass"],"steam_heated":false},"type":"Feature"},{"geometry":{"coordinates":[-73.995266,40.717922],"type":"Point"},"properties":{"cat":"hotel","demand_kwh":1500000.0,"demand_source":"category_default","id":"s_00171","in_steam":true,"in_uten":false,"name":"U.S. Pacific","region":"nyc","sources":["osm_overpass"],"steam_heated":false},"type":"Feature"},{"geometry":{"coordinates":[-74.013826,40.718015],"type":"Point"},"properties":{"cat":"school","demand_kwh":223378.71620000002,"demand_source":"ll84_fuel","id":"s_00172","in_steam":true,"in_uten":false,"name":"Stuyvesant High School","region":"nyc","sources":["osm_overpass"],"steam_heated":false},"type":"Feature"},{"geometry":{"coordinates":[-73.990638,40.718042],"type":"Point"},"properties":{"cat":"hotel","demand_kwh":376823.2487218268,"demand_source":"footprint_estimate","id":"s_00173","in_steam":true,"in_uten":false,"name":"The Allen Hotel","region":"nyc","sources":["osm_overpass"],"steam_heated":false},"type":"Feature"},{"geometry":{"coordinates":[-74.001214,40.718242],"type":"Point"},"properties":{"cat":"hotel","demand_kwh":607518.7924320158,"demand_source":"footprint_estimate","id":"s_00174","in_steam":true,"in_uten":false,"name":"Best Western Plus Soho Hotel","region":"nyc","sources":["osm_overpass"],"steam_heated":false},"type":"Feature"},{"geometry":{"coordinates":[-74.00214,40.718348],"type":"Point"},"properties":{"cat":"hotel","demand_kwh":1161379.121161,"demand_source":"ll84_fuel","id":"s_00175","in_steam":true,"in_uten":false,"name":"Walker Hotel Tribeca","region":"nyc","sources":["osm_overpass"],"steam_heated":false},"type":"Feature"},{"geometry":{"coordinates":[-73.989734,40.718572],"type":"Point"},"properties":{"cat":"hotel","demand_kwh":380464.0892364085,"demand_source":"footprint_estimate","id":"s_00176","in_steam":true,"in_uten":false,"name":"Blue Moon Hotel","region":"nyc","sources":["osm_overpass"],"steam_heated":false},"type":"Feature"},{"geometry":{"coordinates":[-74.000409,40.71878],"type":"Point"},"properties":{"cat":"hotel","demand_kwh":1500000.0,"demand_source":"category_default","id":"s_00177","in_steam":true,"in_uten":false,"name":"JG Sohotel","region":"nyc","sources":["osm_overpass"],"steam_heated":false},"type":"Feature"},{"geometry":{"coordinates":[-74.001668,40.719021],"type":"Point"},"properties":{"cat":"hotel","demand_kwh":1500000.0,"demand_source":"category_default","id":"s_00178","in_steam":true,"in_uten":false,"name":"Soho Garden Hotel","region":"nyc","sources":["osm_overpass"],"steam_heated":false},"type":"Feature"},{"geometry":{"coordinates":[-73.994228,40.719191],"type":"Point"},"properties":{"cat":"hotel","demand_kwh":1500000.0,"demand_source":"category_default","id":"s_00179","in_steam":true,"in_uten":false,"name":"Moxy","region":"nyc","sources":["osm_overpass"],"steam_heated":false},"type":"Feature"},{"geometry":{"coordinates":[-73.996808,40.719283],"type":"Point"},"properties":{"cat":"hotel","demand_kwh":677588.064917,"demand_source":"ll84_fuel","id":"s_00180","in_steam":true,"in_uten":false,"name":"NobleDen","region":"nyc","sources":["osm_overpass"],"steam_heated":false},"type":"Feature"},{"geometry":{"coordinates":[-74.004836,40.719385],"type":"Point"},"properties":{"cat":"hotel","demand_kwh":303253.8691234,"demand_source":"ll84_fuel","id":"s_00181","in_steam":true,"in_uten":false,"name":"Roxy Hotel","region":"nyc","sources":["osm_overpass"],"steam_heated":false},"type":"Feature"},{"geometry":{"coordinates":[-73.989937,40.719493],"type":"Point"},"properties":{"cat":"hotel","demand_kwh":1500000.0,"demand_source":"category_default","id":"s_00182","in_steam":true,"in_uten":false,"name":"Sago Hotel","region":"nyc","sources":["osm_overpass"],"steam_heated":false},"type":"Feature"},{"geometry":{"coordinates":[-73.994728,40.719533],"type":"Point"},"properties":{"cat":"hotel","demand_kwh":1500000.0,"demand_source":"category_default","id":"s_00183","in_steam":true,"in_uten":false,"name":"Sohotel","region":"nyc","sources":["osm_overpass"],"steam_heated":false},"type":"Feature"},{"geometry":{"coordinates":[-73.939497,40.719602],"type":"Point"},"properties":{"cat":"brewery","demand_kwh":600000.0,"demand_source":"category_default","id":"s_00184","in_steam":false,"in_uten":false,"name":"18th Ward Brewing","region":"nyc","sources":["osm_overpass"],"steam_heated":false},"type":"Feature"},{"geometry":{"coordinates":[-73.999784,40.719761],"type":"Point"},"properties":{"cat":"hotel","demand_kwh":2104464.3372791,"demand_source":"ll84_fuel","id":"s_00185","in_steam":true,"in_uten":false,"name":"NoMo SoHo","region":"nyc","sources":["osm_overpass"],"steam_heated":false},"type":"Feature"},{"geometry":{"coordinates":[-73.988093,40.719778],"type":"Point"},"properties":{"cat":"hotel","demand_kwh":900424.2979368428,"demand_source":"footprint_estimate","id":"s_00186","in_steam":true,"in_uten":false,"name":"Hotel on Rivington","region":"nyc","sources":["osm_overpass"],"steam_heated":false},"type":"Feature"},{"geometry":{"coordinates":[-73.998914,40.719837],"type":"Point"},"properties":{"cat":"hotel","demand_kwh":1500000.0,"demand_source":"category_default","id":"s_00187","in_steam":true,"in_uten":false,"name":"The SoLita SoHo Hotel","region":"nyc","sources":["osm_overpass"],"steam_heated":false},"type":"Feature"},{"geometry":{"coordinates":[-73.935045,40.71993],"type":"Point"},"properties":{"cat":"office","demand_kwh":2453387.0103809237,"demand_source":"footprint_estimate","id":"s_00188","in_steam":false,"in_uten":false,"name":"National Grid - Meter Operations","region":"nyc","sources":["osm_overpass"],"steam_heated":false},"type":"Feature"},{"geometry":{"coordinates":[-73.988024,40.720321],"type":"Point"},"properties":{"cat":"hotel","demand_kwh":223804.60101552308,"demand_source":"footprint_estimate","id":"s_00189","in_steam":true,"in_uten":false,"name":"The Redford Hotel","region":"nyc","sources":["osm_overpass"],"steam_heated":false},"type":"Feature"},{"geometry":{"coordinates":[-73.993471,40.72058],"type":"Point"},"properties":{"cat":"hotel","demand_kwh":1498472.0816142003,"demand_source":"ll84_fuel","id":"s_00190","in_steam":true,"in_uten":false,"name":"citizenM","region":"nyc","sources":["osm_overpass"],"steam_heated":false},"type":"Feature"},{"geometry":{"coordinates":[-73.995317,40.720614],"type":"Point"},"properties":{"cat":"hotel","demand_kwh":872186.7106963,"demand_source":"ll84_fuel","id":"s_00191","in_steam":true,"in_uten":false,"name":"Nolitan Hotel","region":"nyc","sources":["osm_overpass"],"steam_heated":false},"type":"Feature"},{"geometry":{"coordinates":[-74.011167,40.72065],"type":"Point"},"properties":{"cat":"office","demand_kwh":96078812.9136231,"demand_source":"ll84_fuel","id":"s_00192","in_steam":true,"in_uten":false,"name":"Unnamed office","region":"nyc","sources":["osm_overpass"],"steam_heated":false},"type":"Feature"},{"geometry":{"coordinates":[-74.005584,40.720833],"type":"Point"},"properties":{"cat":"hotel","demand_kwh":1124899.1927953775,"demand_source":"footprint_estimate","id":"s_00193","in_steam":true,"in_uten":false,"name":"AMTD Idea Tribeca Hotel","region":"nyc","sources":["osm_overpass"],"steam_heated":false},"type":"Feature"},{"geometry":{"coordinates":[-74.004268,40.720859],"type":"Point"},"properties":{"cat":"hotel","demand_kwh":1500000.0,"demand_source":"category_default","id":"s_00194","in_steam":true,"in_uten":false,"name":"Sheraton","region":"nyc","sources":["osm_overpass"],"steam_heated":false},"type":"Feature"},{"geometry":{"coordinates":[-74.010924,40.721128],"type":"Point"},"properties":{"cat":"office","demand_kwh":96078812.9136231,"demand_source":"ll84_fuel","id":"s_00195","in_steam":true,"in_uten":false,"name":"Unnamed office","region":"nyc","sources":["osm_overpass"],"steam_heated":false},"type":"Feature"},{"geometry":{"coordinates":[-73.988855,40.721147],"type":"Point"},"properties":{"cat":"hotel","demand_kwh":1500000.0,"demand_source":"category_default","id":"s_00196","in_steam":true,"in_uten":false,"name":"Orchard Street Hotel","region":"nyc","sources":["osm_overpass"],"steam_heated":false},"type":"Feature"},{"geometry":{"coordinates":[-73.992679,40.721296],"type":"Point"},"properties":{"cat":"hotel","demand_kwh":373083.66183660005,"demand_source":"ll84_fuel","id":"s_00197","in_steam":true,"in_uten":false,"name":"Off Soho Suites Hotel","region":"nyc","sources":["osm_overpass"],"steam_heated":false},"type":"Feature"},{"geometry":{"coordinates":[-73.992792,40.72188],"type":"Point"},"properties":{"cat":"hotel","demand_kwh":965219.2861647002,"demand_source":"ll84_fuel","id":"s_00198","in_steam":true,"in_uten":false,"name":"Untitled","region":"nyc","sources":["osm_overpass"],"steam_heated":false},"type":"Feature"},{"geometry":{"coordinates":[-74.004356,40.722004],"type":"Point"},"properties":{"cat":"hotel","demand_kwh":425974.6248131001,"demand_source":"ll84_fuel","id":"s_00199","in_steam":true,"in_uten":false,"name":"Soho Grand Hotel","region":"nyc","sources":["osm_overpass"],"steam_heated":false},"type":"Feature"},{"geometry":{"coordinates":[-73.998248,40.722181],"type":"Point"},"properties":{"cat":"hotel","demand_kwh":1500000.0,"demand_source":"category_default","id":"s_00200","in_steam":true,"in_uten":false,"name":"49 Crosby","region":"nyc","sources":["osm_overpass"],"steam_heated":false},"type":"Feature"},{"geometry":{"coordinates":[-74.004844,40.72263],"type":"Point"},"properties":{"cat":"hotel","demand_kwh":624440.0200593,"demand_source":"ll84_fuel","id":"s_00201","in_steam":true,"in_uten":false,"name":"Modernhaus SoHo","region":"nyc","sources":["osm_overpass"],"steam_heated":false},"type":"Feature"},{"geometry":{"coordinates":[-73.992915,40.722641],"type":"Point"},"properties":{"cat":"hotel","demand_kwh":1500000.0,"demand_source":"category_default","id":"s_00202","in_steam":true,"in_uten":false,"name":"Sunshine Hotel","region":"nyc","sources":["osm_overpass"],"steam_heated":false},"type":"Feature"},{"geometry":{"coordinates":[-73.989337,40.722942],"type":"Point"},"properties":{"cat":"hotel","demand_kwh":1500000.0,"demand_source":"category_default","id":"s_00203","in_steam":true,"in_uten":false,"name":"The Ridge","region":"nyc","sources":["osm_overpass"],"steam_heated":false},"type":"Feature"},{"geometry":{"coordinates":[-73.997412,40.723004],"type":"Point"},"properties":{"cat":"hotel","demand_kwh":1482742.4042093002,"demand_source":"ll84_fuel","id":"s_00204","in_steam":true,"in_uten":false,"name":"Crosby Street Hotel","region":"nyc","sources":["osm_overpass"],"steam_heated":false},"type":"Feature"},{"geometry":{"coordinates":[-73.992022,40.723051],"type":"Point"},"properties":{"cat":"hotel","demand_kwh":3328446.981408298,"demand_source":"footprint_estimate","id":"s_00205","in_steam":true,"in_uten":false,"name":"PUBLIC, an Ian Schrager hotel","region":"nyc","sources":["osm_overpass"],"steam_heated":false},"type":"Feature"},{"geometry":{"coordinates":[-73.990208,40.723191],"type":"Point"},"properties":{"cat":"hotel","demand_kwh":1500000.0,"demand_source":"category_default","id":"s_00206","in_steam":true,"in_uten":false,"name":"The Gatsby Hotel","region":"nyc","sources":["osm_overpass"],"steam_heated":false},"type":"Feature"},{"geometry":{"coordinates":[-73.991881,40.723458],"type":"Point"},"properties":{"cat":"residential_multifamily","demand_kwh":9518099.761855006,"demand_source":"footprint_estimate","id":"s_00207","in_steam":true,"in_uten":false,"name":"Avalon Chrystie Place","region":"nyc","sources":["osm_overpass"],"steam_heated":false},"type":"Feature"},{"geometry":{"coordinates":[-74.005259,40.72382],"type":"Point"},"properties":{"cat":"hotel","demand_kwh":1500000.0,"demand_source":"category_default","id":"s_00208","in_steam":true,"in_uten":false,"name":"SoHo 54 Hotel","region":"nyc","sources":["osm_overpass"],"steam_heated":false},"type":"Feature"},{"geometry":{"coordinates":[-74.010764,40.723908],"type":"Point"},"properties":{"cat":"residential_multifamily","demand_kwh":1691415.371065659,"demand_source":"footprint_estimate","id":"s_00209","in_steam":true,"in_uten":false,"name":"Truffles Tribeca","region":"nyc","sources":["osm_overpass"],"steam_heated":false},"type":"Feature"},{"geometry":{"coordinates":[-74.003072,40.72394],"type":"Point"},"properties":{"cat":"hotel","demand_kwh":850636.6211056709,"demand_source":"footprint_estimate","id":"s_00210","in_steam":true,"in_uten":false,"name":"Sixty SoHo","region":"nyc","sources":["osm_overpass"],"steam_heated":false},"type":"Feature"},{"geometry":{"coordinates":[-74.005641,40.724033],"type":"Point"},"properties":{"cat":"residential_multifamily","demand_kwh":5875698.762137094,"demand_source":"footprint_estimate","id":"s_00211","in_steam":true,"in_uten":false,"name":"565 Broome SoHo","region":"nyc","sources":["osm_overpass"],"steam_heated":false},"type":"Feature"},{"geometry":{"coordinates":[-73.991808,40.724399],"type":"Point"},"properties":{"cat":"residential_multifamily","demand_kwh":2521407.129536271,"demand_source":"footprint_estimate","id":"s_00212","in_steam":true,"in_uten":false,"name":"Avalon Bowery Place","region":"nyc","sources":["osm_overpass"],"steam_heated":false},"type":"Feature"},{"geometry":{"coordinates":[-74.008279,40.72446],"type":"Point"},"properties":{"cat":"hotel","demand_kwh":2585484.7002891,"demand_source":"ll84_fuel","id":"s_00213","in_steam":true,"in_uten":false,"name":"Arlo Soho","region":"nyc","sources":["osm_overpass"],"steam_heated":false},"type":"Feature"},{"geometry":{"coordinates":[-73.998643,40.724912],"type":"Point"},"properties":{"cat":"hotel","demand_kwh":1500000.0,"demand_source":"category_default","id":"s_00214","in_steam":true,"in_uten":false,"name":"Mercer Hotel","region":"nyc","sources":["osm_overpass"],"steam_heated":false},"type":"Feature"},{"geometry":{"coordinates":[-74.005496,40.725321],"type":"Point"},"properties":{"cat":"hotel","demand_kwh":2489327.3145136423,"demand_source":"footprint_estimate","id":"s_00215","in_steam":true,"in_uten":false,"name":"The Dominick","region":"nyc","sources":["osm_overpass"],"steam_heated":false},"type":"Feature"},{"geometry":{"coordinates":[-74.002307,40.72558],"type":"Point"},"properties":{"cat":"pool","demand_kwh":25556.600140035152,"demand_source":"footprint_estimate","id":"s_00216","in_steam":true,"in_uten":false,"name":"Vesuvio Pool","region":"nyc","sources":["osm_overpass"],"steam_heated":false},"type":"Feature"},{"geometry":{"coordinates":[-73.990571,40.725639],"type":"Point"},"properties":{"cat":"greenhouse","demand_kwh":15941.082422807813,"demand_source":"footprint_estimate","id":"s_00217","in_steam":true,"in_uten":false,"name":"Unnamed greenhouse","region":"nyc","sources":["osm_overpass"],"steam_heated":false},"type":"Feature"},{"geometry":{"coordinates":[-73.991475,40.726023],"type":"Point"},"properties":{"cat":"hotel","demand_kwh":5448425.0794775,"demand_source":"ll84_fuel","id":"s_00218","in_steam":true,"in_uten":false,"name":"The Bowery Hotel","region":"nyc","sources":["osm_overpass"],"steam_heated":false},"type":"Feature"},{"geometry":{"coordinates":[-73.992151,40.726083],"type":"Point"},"properties":{"cat":"hotel","demand_kwh":1500000.0,"demand_source":"category_default","id":"s_00219","in_steam":true,"in_uten":false,"name":"Now Now","region":"nyc","sources":["osm_overpass"],"steam_heated":false},"type":"Feature"},{"geometry":{"coordinates":[-74.008725,40.726386],"type":"Point"},"properties":{"cat":"hotel","demand_kwh":832424.6304061264,"demand_source":"footprint_estimate","id":"s_00220","in_steam":true,"in_uten":false,"name":"Unnamed hotel","region":"nyc","sources":["osm_overpass"],"steam_heated":false},"type":"Feature"},{"geometry":{"coordinates":[-74.006122,40.72694],"type":"Point"},"properties":{"cat":"hotel","demand_kwh":590100.3981281072,"demand_source":"footprint_estimate","id":"s_00221","in_steam":true,"in_uten":false,"name":"Four Points by Sheraton","region":"nyc","sources":["osm_overpass"],"steam_heated":false},"type":"Feature"},{"geometry":{"coordinates":[-74.005803,40.727552],"type":"Point"},"properties":{"cat":"hotel","demand_kwh":436082.0490273647,"demand_source":"footprint_estimate","id":"s_00222","in_steam":true,"in_uten":false,"name":"Courtyard","region":"nyc","sources":["osm_overpass"],"steam_heated":false},"type":"Feature"},{"geometry":{"coordinates":[-74.006264,40.728324],"type":"Point"},"properties":{"cat":"office","demand_kwh":8084048.70134566,"demand_source":"footprint_estimate","id":"s_00223","in_steam":true,"in_uten":false,"name":"Federal Building","region":"nyc","sources":["osm_overpass"],"steam_heated":false},"type":"Feature"},{"geometry":{"coordinates":[-73.995715,40.728699],"type":"Point"},"properties":{"cat":"university","demand_kwh":366608845.99202603,"demand_source":"ll84_fuel","id":"s_00224","in_steam":true,"in_uten":false,"name":"NYU Courant Institute of Mathematics, Computing, and Data Science","region":"nyc","sources":["osm_overpass"],"steam_heated":false},"type":"Feature"},{"geometry":{"coordinates":[-73.996496,40.729269],"type":"Point"},"properties":{"cat":"university","demand_kwh":145376304.06726784,"demand_source":"footprint_estimate","id":"s_00225","in_steam":true,"in_uten":false,"name":"New York University","region":"nyc","sources":["osm_overpass"],"steam_heated":false},"type":"Feature"},{"geometry":{"coordinates":[-74.005708,40.72972],"type":"Point"},"properties":{"cat":"pool","demand_kwh":1017100.5316249001,"demand_source":"ll84_fuel","id":"s_00226","in_steam":true,"in_uten":false,"name":"Unnamed pool","region":"nyc","sources":["osm_overpass"],"steam_heated":false},"type":"Feature"},{"geometry":{"coordinates":[-73.993434,40.731296],"type":"Point"},"properties":{"cat":"residential_multifamily","demand_kwh":2919163.8441510126,"demand_source":"footprint_estimate","id":"s_00227","in_steam":true,"in_uten":false,"name":"Unnamed residential multifamily","region":"nyc","sources":["osm_overpass"],"steam_heated":false},"type":"Feature"},{"geometry":{"coordinates":[-73.994096,40.731681],"type":"Point"},"properties":{"cat":"residential_multifamily","demand_kwh":3097916.8233785,"demand_source":"ll84_fuel","id":"s_00228","in_steam":true,"in_uten":false,"name":"Unnamed residential multifamily","region":"nyc","sources":["osm_overpass"],"steam_heated":false},"type":"Feature"},{"geometry":{"coordinates":[-73.99704,40.731989],"type":"Point"},"properties":{"cat":"residential_multifamily","demand_kwh":1751164.4259592658,"demand_source":"footprint_estimate","id":"s_00229","in_steam":true,"in_uten":false,"name":"Unnamed residential multifamily","region":"nyc","sources":["osm_overpass"],"steam_heated":false},"type":"Feature"},{"geometry":{"coordinates":[-73.995007,40.732053],"type":"Point"},"properties":{"cat":"residential_multifamily","demand_kwh":7921851.064285301,"demand_source":"ll84_fuel","id":"s_00230","in_steam":true,"in_uten":false,"name":"Unnamed residential multifamily","region":"nyc","sources":["osm_overpass"],"steam_heated":false},"type":"Feature"},{"geometry":{"coordinates":[-73.997198,40.732452],"type":"Point"},"properties":{"cat":"university","demand_kwh":5000000.0,"demand_source":"category_default","id":"s_00231","in_steam":true,"in_uten":false,"name":"New York Studio School of Drawing, Painting and Sculpture","region":"nyc","sources":["osm_overpass"],"steam_heated":false},"type":"Feature"},{"geometry":{"coordinates":[-73.996791,40.732655],"type":"Point"},"properties":{"cat":"hotel","demand_kwh":381374.2301272,"demand_source":"ll84_fuel","id":"s_00232","in_steam":true,"in_uten":false,"name":"Unnamed hotel","region":"nyc","sources":["osm_overpass"],"steam_heated":false},"type":"Feature"},{"geometry":{"coordinates":[-73.993771,40.733026],"type":"Point"},"properties":{"cat":"university","demand_kwh":5000000.0,"demand_source":"category_default","id":"s_00233","in_steam":true,"in_uten":false,"name":"Institute of Audio Research","region":"nyc","sources":["osm_overpass"],"steam_heated":false},"type":"Feature"},{"geometry":{"coordinates":[-73.990226,40.733405],"type":"Point"},"properties":{"cat":"hotel","demand_kwh":362400.4360194644,"demand_source":"footprint_estimate","id":"s_00234","in_steam":true,"in_uten":false,"name":"Hyatt Union Square New York","region":"nyc","sources":["osm_overpass"],"steam_heated":false},"type":"Feature"},{"geometry":{"coordinates":[-74.00922,40.733782],"type":"Point"},"properties":{"cat":"residential_multifamily","demand_kwh":1367412.798627941,"demand_source":"footprint_estimate","id":"s_00235","in_steam":true,"in_uten":false,"name":"Unnamed residential multifamily","region":"nyc","sources":["osm_overpass"],"steam_heated":false},"type":"Feature"},{"geometry":{"coordinates":[-73.999461,40.734608],"type":"Point"},"properties":{"cat":"greenhouse","demand_kwh":205837.244566,"demand_source":"ll84_fuel","id":"s_00236","in_steam":true,"in_uten":false,"name":"Unnamed greenhouse","region":"nyc","sources":["osm_overpass"],"steam_heated":false},"type":"Feature"},{"geometry":{"coordinates":[-73.989216,40.734647],"type":"Point"},"properties":{"cat":"residential_multifamily","demand_kwh":22905603.148050252,"demand_source":"footprint_estimate","id":"s_00237","in_steam":true,"in_uten":false,"name":"Zeckendorf Towers","region":"nyc","sources":["osm_overpass"],"steam_heated":false},"type":"Feature"},{"geometry":{"coordinates":[-73.991524,40.734648],"type":"Point"},"properties":{"cat":"office","demand_kwh":3301132.9288418004,"demand_source":"ll84_fuel","id":"s_00238","in_steam":true,"in_uten":false,"name":"Unnamed office","region":"nyc","sources":["osm_overpass"],"steam_heated":false},"type":"Feature"},{"geometry":{"coordinates":[-73.994275,40.734701],"type":"Point"},"properties":{"cat":"university","demand_kwh":5000000.0,"demand_source":"category_default","id":"s_00239","in_steam":true,"in_uten":false,"name":"Benjamin N. Cardozo School of Law","region":"nyc","sources":["osm_overpass"],"steam_heated":false},"type":"Feature"},{"geometry":{"coordinates":[-73.994533,40.735357],"type":"Point"},"properties":{"cat":"university","demand_kwh":5000000.0,"demand_source":"category_default","id":"s_00240","in_steam":true,"in_uten":false,"name":"Parsons School of Design","region":"nyc","sources":["osm_overpass"],"steam_heated":false},"type":"Feature"},{"geometry":{"coordinates":[-73.997354,40.735426],"type":"Point"},"properties":{"cat":"university","demand_kwh":1733629.2919971002,"demand_source":"ll84_fuel","id":"s_00241","in_steam":true,"in_uten":false,"name":"The New School","region":"nyc","sources":["osm_overpass"],"steam_heated":false},"type":"Feature"},{"geometry":{"coordinates":[-73.999469,40.735429],"type":"Point"},"properties":{"cat":"school","demand_kwh":870350.5329600001,"demand_source":"ll84_fuel","id":"s_00242","in_steam":true,"in_uten":false,"name":"P.S. 41 - The Greenwich Village School","region":"nyc","sources":["osm_overpass"],"steam_heated":false},"type":"Feature"},{"geometry":{"coordinates":[-73.993501,40.735466],"type":"Point"},"properties":{"cat":"university","demand_kwh":3763504.5393656003,"demand_source":"ll84_fuel","id":"s_00243","in_steam":true,"in_uten":false,"name":"Parsons School of Design","region":"nyc","sources":["osm_overpass"],"steam_heated":false},"type":"Feature"},{"geometry":{"coordinates":[-73.996643,40.736166],"type":"Point"},"properties":{"cat":"hotel","demand_kwh":632563.1861947001,"demand_source":"ll84_fuel","id":"s_00244","in_steam":true,"in_uten":false,"name":"Walker Hotel","region":"nyc","sources":["osm_overpass"],"steam_heated":false},"type":"Feature"},{"geometry":{"coordinates":[-73.995325,40.736273],"type":"Point"},"properties":{"cat":"residential_multifamily","demand_kwh":1460037.7647999767,"demand_source":"footprint_estimate","id":"s_00245","in_steam":true,"in_uten":false,"name":"Unnamed residential multifamily","region":"nyc","sources":["osm_overpass"],"steam_heated":false},"type":"Feature"},{"geometry":{"coordinates":[-73.993669,40.736284],"type":"Point"},"properties":{"cat":"university","demand_kwh":949365.1415061001,"demand_source":"ll84_fuel","id":"s_00246","in_steam":true,"in_uten":false,"name":"Student Study Center","region":"nyc","sources":["osm_overpass"],"steam_heated":false},"type":"Feature"},{"geometry":{"coordinates":[-73.997944,40.736463],"type":"Point"},"properties":{"cat":"residential_multifamily","demand_kwh":1377926.5326982364,"demand_source":"footprint_estimate","id":"s_00247","in_steam":true,"in_uten":false,"name":"Unnamed residential multifamily","region":"nyc","sources":["osm_overpass"],"steam_heated":false},"type":"Feature"},{"geometry":{"coordinates":[-73.988545,40.736575],"type":"Point"},"properties":{"cat":"hotel","demand_kwh":1460224.5071439072,"demand_source":"footprint_estimate","id":"s_00248","in_steam":true,"in_uten":false,"name":"W Hotels","region":"nyc","sources":["osm_overpass"],"steam_heated":false},"type":"Feature"},{"geometry":{"coordinates":[-73.996316,40.736584],"type":"Point"},"properties":{"cat":"university","demand_kwh":2023139.1269803047,"demand_source":"footprint_estimate","id":"s_00249","in_steam":true,"in_uten":false,"name":"The New School","region":"nyc","sources":["osm_overpass"],"steam_heated":false},"type":"Feature"},{"geometry":{"coordinates":[-73.992236,40.736792],"type":"Point"},"properties":{"cat":"university","demand_kwh":5000000.0,"demand_source":"category_default","id":"s_00250","in_steam":true,"in_uten":false,"name":"The New School","region":"nyc","sources":["osm_overpass"],"steam_heated":false},"type":"Feature"},{"geometry":{"coordinates":[-73.996778,40.736833],"type":"Point"},"properties":{"cat":"residential_multifamily","demand_kwh":1868599.901753217,"demand_source":"footprint_estimate","id":"s_00251","in_steam":true,"in_uten":false,"name":"Unnamed residential multifamily","region":"nyc","sources":["osm_overpass"],"steam_heated":false},"type":"Feature"},{"geometry":{"coordinates":[-74.009293,40.737196],"type":"Point"},"properties":{"cat":"residential_multifamily","demand_kwh":1456477.6372163491,"demand_source":"footprint_estimate","id":"s_00252","in_steam":true,"in_uten":false,"name":"Superior Ink","region":"nyc","sources":["osm_overpass"],"steam_heated":false},"type":"Feature"},{"geometry":{"coordinates":[-74.000833,40.737778],"type":"Point"},"properties":{"cat":"hospital","demand_kwh":8000000.0,"demand_source":"category_default","id":"s_00253","in_steam":true,"in_uten":false,"name":"Lenox Health Greenwich Village","region":"nyc","sources":["osm_overpass"],"steam_heated":false},"type":"Feature"},{"geometry":{"coordinates":[-73.994572,40.738673],"type":"Point"},"properties":{"cat":"hotel","demand_kwh":1500000.0,"demand_source":"category_default","id":"s_00254","in_steam":true,"in_uten":false,"name":"Chelsea Inn","region":"nyc","sources":["osm_overpass"],"steam_heated":false},"type":"Feature"},{"geometry":{"coordinates":[-73.999081,40.738748],"type":"Point"},"properties":{"cat":"residential_multifamily","demand_kwh":1429996.953492458,"demand_source":"footprint_estimate","id":"s_00255","in_steam":true,"in_uten":false,"name":"Unnamed residential multifamily","region":"nyc","sources":["osm_overpass"],"steam_heated":false},"type":"Feature"},{"geometry":{"coordinates":[-73.989774,40.739705],"type":"Point"},"properties":{"cat":"university","demand_kwh":5000000.0,"demand_source":"category_default","id":"s_00256","in_steam":true,"in_uten":false,"name":"Stanford in New York Center","region":"nyc","sources":["osm_overpass"],"steam_heated":false},"type":"Feature"},{"geometry":{"coordinates":[-74.005711,40.739869],"type":"Point"},"properties":{"cat":"hotel","demand_kwh":4191796.4765757,"demand_source":"ll84_fuel","id":"s_00257","in_steam":true,"in_uten":false,"name":"Hotel Gansevoort","region":"nyc","sources":["osm_overpass"],"steam_heated":false},"type":"Feature"},{"geometry":{"coordinates":[-74.003092,40.740247],"type":"Point"},"properties":{"cat":"hotel","demand_kwh":243911.7035059724,"demand_source":"footprint_estimate","id":"s_00258","in_steam":true,"in_uten":false,"name":"Hotel 309","region":"nyc","sources":["osm_overpass"],"steam_heated":false},"type":"Feature"},{"geometry":{"coordinates":[-74.006031,40.740586],"type":"Point"},"properties":{"cat":"hotel","demand_kwh":963806.1537287012,"demand_source":"footprint_estimate","id":"s_00259","in_steam":true,"in_uten":false,"name":"Soho House New York","region":"nyc","sources":["osm_overpass"],"steam_heated":false},"type":"Feature"},{"geometry":{"coordinates":[-74.008146,40.740841],"type":"Point"},"properties":{"cat":"hotel","demand_kwh":3921314.7555027623,"demand_source":"footprint_estimate","id":"s_00260","in_steam":true,"in_uten":false,"name":"The Standard","region":"nyc","sources":["osm_overpass"],"steam_heated":false},"type":"Feature"},{"geometry":{"coordinates":[-74.000992,40.741225],"type":"Point"},"properties":{"cat":"residential_multifamily","demand_kwh":1339220.4240185022,"demand_source":"footprint_estimate","id":"s_00261","in_steam":true,"in_uten":false,"name":"Grand Chelsea","region":"nyc","sources":["osm_overpass"],"steam_heated":false},"type":"Feature"},{"geometry":{"coordinates":[-74.003435,40.742295],"type":"Point"},"properties":{"cat":"hotel","demand_kwh":4206445.710580051,"demand_source":"footprint_estimate","id":"s_00262","in_steam":true,"in_uten":false,"name":"Dream Downtown","region":"nyc","sources":["osm_overpass"],"steam_heated":false},"type":"Feature"},{"geometry":{"coordinates":[-73.992514,40.742332],"type":"Point"},"properties":{"cat":"residential_multifamily","demand_kwh":3042321.0788359004,"demand_source":"ll84_fuel","id":"s_00263","in_steam":true,"in_uten":false,"name":"The Caroline","region":"nyc","sources":["osm_overpass"],"steam_heated":false},"type":"Feature"},{"geometry":{"coordinates":[-74.002365,40.742572],"type":"Point"},"properties":{"cat":"school","demand_kwh":2127473.4294104003,"demand_source":"ll84_fuel","id":"s_00264","in_steam":true,"in_uten":false,"name":"Unnamed school","region":"nyc","sources":["osm_overpass"],"steam_heated":false},"type":"Feature"},{"geometry":{"coordinates":[-73.992285,40.742962],"type":"Point"},"properties":{"cat":"university","demand_kwh":5000000.0,"demand_source":"category_default","id":"s_00265","in_steam":true,"in_uten":false,"name":"Project Management Academy New York","region":"nyc","sources":["osm_overpass"],"steam_heated":false},"type":"Feature"},{"geometry":{"coordinates":[-73.990867,40.743213],"type":"Point"},"properties":{"cat":"hotel","demand_kwh":1500000.0,"demand_source":"category_default","id":"s_00266","in_steam":true,"in_uten":false,"name":"Wyndham Garden Manhattan Chelsea West","region":"nyc","sources":["osm_overpass"],"steam_heated":false},"type":"Feature"},{"geometry":{"coordinates":[-73.990036,40.743283],"type":"Point"},"properties":{"cat":"hotel","demand_kwh":1500000.0,"demand_source":"category_default","id":"s_00267","in_steam":true,"in_uten":false,"name":"Heritage Hotel","region":"nyc","sources":["osm_overpass"],"steam_heated":false},"type":"Feature"},{"geometry":{"coordinates":[-74.007972,40.743381],"type":"Point"},"properties":{"cat":"office","demand_kwh":3042210.1444485784,"demand_source":"footprint_estimate","id":"s_00268","in_steam":true,"in_uten":false,"name":"Unnamed office","region":"nyc","sources":["osm_overpass"],"steam_heated":false},"type":"Feature"},{"geometry":{"coordinates":[-74.006345,40.743481],"type":"Point"},"properties":{"cat":"residential_multifamily","demand_kwh":2928349.533384042,"demand_source":"footprint_estimate","id":"s_00269","in_steam":true,"in_uten":false,"name":"The Caledonia","region":"nyc","sources":["osm_overpass"],"steam_heated":false},"type":"Feature"},{"geometry":{"coordinates":[-73.993848,40.743519],"type":"Point"},"properties":{"cat":"hotel","demand_kwh":1500000.0,"demand_source":"category_default","id":"s_00270","in_steam":true,"in_uten":false,"name":"The Townhouse Inn of Chelsea","region":"nyc","sources":["osm_overpass"],"steam_heated":false},"type":"Feature"},{"geometry":{"coordinates":[-73.993094,40.743636],"type":"Point"},"properties":{"cat":"hotel","demand_kwh":889910.4994520545,"demand_source":"footprint_estimate","id":"s_00271","in_steam":true,"in_uten":false,"name":"Hampton Inn Manhattan-Chelsea","region":"nyc","sources":["osm_overpass"],"steam_heated":false},"type":"Feature"},{"geometry":{"coordinates":[-73.991742,40.743694],"type":"Point"},"properties":{"cat":"residential_multifamily","demand_kwh":1536418.2717107423,"demand_source":"footprint_estimate","id":"s_00272","in_steam":true,"in_uten":false,"name":"The Vanguard Chelsea","region":"nyc","sources":["osm_overpass"],"steam_heated":false},"type":"Feature"},{"geometry":{"coordinates":[-73.996008,40.744088],"type":"Point"},"properties":{"cat":"hotel","demand_kwh":1500000.0,"demand_source":"category_default","id":"s_00273","in_steam":true,"in_uten":false,"name":"Chelsea Savoy Hotel","region":"nyc","sources":["osm_overpass"],"steam_heated":false},"type":"Feature"},{"geometry":{"coordinates":[-73.994317,40.74415],"type":"Point"},"properties":{"cat":"hotel","demand_kwh":639299.9788194895,"demand_source":"footprint_estimate","id":"s_00274","in_steam":true,"in_uten":false,"name":"Hyatt Place","region":"nyc","sources":["osm_overpass"],"steam_heated":false},"type":"Feature"},{"geometry":{"coordinates":[-73.992737,40.74431],"type":"Point"},"properties":{"cat":"hotel","demand_kwh":2333194.3247894,"demand_source":"ll84_fuel","id":"s_00275","in_steam":true,"in_uten":false,"name":"Renaissance New York Chelsea Hotel","region":"nyc","sources":["osm_overpass"],"steam_heated":false},"type":"Feature"},{"geometry":{"coordinates":[-73.991221,40.744342],"type":"Point"},"properties":{"cat":"residential_multifamily","demand_kwh":1801091.220505773,"demand_source":"footprint_estimate","id":"s_00276","in_steam":true,"in_uten":false,"name":"Chelsea Landmark","region":"nyc","sources":["osm_overpass"],"steam_heated":false},"type":"Feature"},{"geometry":{"coordinates":[-73.996818,40.744374],"type":"Point"},"properties":{"cat":"hotel","demand_kwh":1500000.0,"demand_source":"category_default","id":"s_00277","in_steam":true,"in_uten":false,"name":"Hotel Chelsea","region":"nyc","sources":["osm_overpass"],"steam_heated":false},"type":"Feature"},{"geometry":{"coordinates":[-73.989109,40.744469],"type":"Point"},"properties":{"cat":"hotel","demand_kwh":1500000.0,"demand_source":"category_default","id":"s_00278","in_steam":true,"in_uten":false,"name":"Broadway Plaza Hotel","region":"nyc","sources":["osm_overpass"],"steam_heated":false},"type":"Feature"},{"geometry":{"coordinates":[-73.999381,40.744653],"type":"Point"},"properties":{"cat":"hotel","demand_kwh":1500000.0,"demand_source":"category_default","id":"s_00279","in_steam":true,"in_uten":false,"name":"The GEM Hotel Chelsea","region":"nyc","sources":["osm_overpass"],"steam_heated":false},"type":"Feature"},{"geometry":{"coordinates":[-74.00735,40.74472],"type":"Point"},"properties":{"cat":"hotel","demand_kwh":1500000.0,"demand_source":"category_default","id":"s_00280","in_steam":true,"in_uten":false,"name":"faena hotel","region":"nyc","sources":["osm_overpass"],"steam_heated":false},"type":"Feature"},{"geometry":{"coordinates":[-74.007574,40.744774],"type":"Point"},"properties":{"cat":"residential_multifamily","demand_kwh":19639031.97805013,"demand_source":"footprint_estimate","id":"s_00281","in_steam":true,"in_uten":false,"name":"One High Line","region":"nyc","sources":["osm_overpass"],"steam_heated":false},"type":"Feature"},{"geometry":{"coordinates":[-73.99997,40.744884],"type":"Point"},"properties":{"cat":"hotel","demand_kwh":1500000.0,"demand_source":"category_default","id":"s_00282","in_steam":true,"in_uten":false,"name":"Colonial House","region":"nyc","sources":["osm_overpass"],"steam_heated":false},"type":"Feature"},{"geometry":{"coordinates":[-73.994251,40.744908],"type":"Point"},"properties":{"cat":"hotel","demand_kwh":528846.6260014102,"demand_source":"footprint_estimate","id":"s_00283","in_steam":true,"in_uten":false,"name":"The Chelsean New York Hotel","region":"nyc","sources":["osm_overpass"],"steam_heated":false},"type":"Feature"},{"geometry":{"coordinates":[-73.988512,40.744957],"type":"Point"},"properties":{"cat":"hotel","demand_kwh":2159797.6953554004,"demand_source":"ll84_fuel","id":"s_00284","in_steam":true,"in_uten":false,"name":"The Ned","region":"nyc","sources":["osm_overpass"],"steam_heated":false},"type":"Feature"},{"geometry":{"coordinates":[-73.987794,40.744993],"type":"Point"},"properties":{"cat":"hotel","demand_kwh":1500000.0,"demand_source":"category_default","id":"s_00285","in_steam":true,"in_uten":false,"name":"The Fifth Avenue Hotel","region":"nyc","sources":["osm_overpass"],"steam_heated":false},"type":"Feature"},{"geometry":{"coordinates":[-73.990021,40.745138],"type":"Point"},"properties":{"cat":"hotel","demand_kwh":540757.7869246,"demand_source":"ll84_fuel","id":"s_00286","in_steam":true,"in_uten":false,"name":"Senton Hotel","region":"nyc","sources":["osm_overpass"],"steam_heated":false},"type":"Feature"},{"geometry":{"coordinates":[-74.00679,40.745164],"type":"Point"},"properties":{"cat":"residential_multifamily","demand_kwh":2636844.229526748,"demand_source":"footprint_estimate","id":"s_00287","in_steam":true,"in_uten":false,"name":"Lantern House","region":"nyc","sources":["osm_overpass"],"steam_heated":false},"type":"Feature"},{"geometry":{"coordinates":[-73.99224,40.745416],"type":"Point"},"properties":{"cat":"hotel","demand_kwh":1189436.181742698,"demand_source":"footprint_estimate","id":"s_00288","in_steam":true,"in_uten":false,"name":"Holiday Inn Manhattan","region":"nyc","sources":["osm_overpass"],"steam_heated":false},"type":"Feature"},{"geometry":{"coordinates":[-73.993604,40.745587],"type":"Point"},"properties":{"cat":"hotel","demand_kwh":1500000.0,"demand_source":"category_default","id":"s_00289","in_steam":true,"in_uten":false,"name":"Hilton New York Fashion District","region":"nyc","sources":["osm_overpass"],"steam_heated":false},"type":"Feature"},{"geometry":{"coordinates":[-73.988261,40.745664],"type":"Point"},"properties":{"cat":"hotel","demand_kwh":1958234.3931037001,"demand_source":"ll84_fuel","id":"s_00290","in_steam":true,"in_uten":false,"name":"Ace Hotel New York","region":"nyc","sources":["osm_overpass"],"steam_heated":false},"type":"Feature"},{"geometry":{"coordinates":[-73.989031,40.745694],"type":"Point"},"properties":{"cat":"hotel","demand_kwh":7886704.874224216,"demand_source":"footprint_estimate","id":"s_00291","in_steam":true,"in_uten":false,"name":"The Ritz-Carlton","region":"nyc","sources":["osm_overpass"],"steam_heated":false},"type":"Feature"},{"geometry":{"coordinates":[-74.005017,40.745931],"type":"Point"},"properties":{"cat":"hotel","demand_kwh":1500000.0,"demand_source":"category_default","id":"s_00292","in_steam":true,"in_uten":false,"name":"The High Line Hotel","region":"nyc","sources":["osm_overpass"],"steam_heated":false},"type":"Feature"},{"geometry":{"coordinates":[-73.989544,40.746159],"type":"Point"},"properties":{"cat":"hotel","demand_kwh":608050.4346837001,"demand_source":"ll84_fuel","id":"s_00293","in_steam":true,"in_uten":false,"name":"Made Hotel","region":"nyc","sources":["osm_overpass"],"steam_heated":false},"type":"Feature"},{"geometry":{"coordinates":[-73.991448,40.746178],"type":"Point"},"properties":{"cat":"hotel","demand_kwh":706710.2133342437,"demand_source":"footprint_estimate","id":"s_00294","in_steam":true,"in_uten":false,"name":"Fairfield Inn","region":"nyc","sources":["osm_overpass"],"steam_heated":false},"type":"Feature"},{"geometry":{"coordinates":[-73.990958,40.746458],"type":"Point"},"properties":{"cat":"hotel","demand_kwh":41128.9393838,"demand_source":"ll84_fuel","id":"s_00295","in_steam":true,"in_uten":false,"name":"Moxy NYC Chelsea","region":"nyc","sources":["osm_overpass"],"steam_heated":false},"type":"Feature"},{"geometry":{"coordinates":[-73.988899,40.746581],"type":"Point"},"properties":{"cat":"hotel","demand_kwh":17981517.97927872,"demand_source":"footprint_estimate","id":"s_00296","in_steam":true,"in_uten":false,"name":"Virgin Hotel","region":"nyc","sources":["osm_overpass"],"steam_heated":false},"type":"Feature"},{"geometry":{"coordinates":[-73.996767,40.746788],"type":"Point"},"properties":{"cat":"residential_multifamily","demand_kwh":2939710.2188231796,"demand_source":"footprint_estimate","id":"s_00297","in_steam":true,"in_uten":false,"name":"Unnamed residential multifamily","region":"nyc","sources":["osm_overpass"],"steam_heated":false},"type":"Feature"},{"geometry":{"coordinates":[-73.992151,40.746875],"type":"Point"},"properties":{"cat":"hotel","demand_kwh":1500000.0,"demand_source":"category_default","id":"s_00298","in_steam":true,"in_uten":false,"name":"Hotel Hayden","region":"nyc","sources":["osm_overpass"],"steam_heated":false},"type":"Feature"},{"geometry":{"coordinates":[-73.991409,40.746964],"type":"Point"},"properties":{"cat":"hotel","demand_kwh":1356620.261759162,"demand_source":"footprint_estimate","id":"s_00299","in_steam":true,"in_uten":false,"name":"DoubleTree","region":"nyc","sources":["osm_overpass"],"steam_heated":false},"type":"Feature"},{"geometry":{"coordinates":[-73.99015,40.747096],"type":"Point"},"properties":{"cat":"hotel","demand_kwh":3085141.7604111135,"demand_source":"footprint_estimate","id":"s_00300","in_steam":true,"in_uten":false,"name":"Eventi","region":"nyc","sources":["osm_overpass"],"steam_heated":false},"type":"Feature"},{"geometry":{"coordinates":[-73.994882,40.747241],"type":"Point"},"properties":{"cat":"university","demand_kwh":13991348.410499096,"demand_source":"footprint_estimate","id":"s_00301","in_steam":true,"in_uten":false,"name":"Fashion Institute of Technology","region":"nyc","sources":["osm_overpass"],"steam_heated":false},"type":"Feature"},{"geometry":{"coordinates":[-73.989866,40.747786],"type":"Point"},"properties":{"cat":"residential_multifamily","demand_kwh":2356720.797343366,"demand_source":"footprint_estimate","id":"s_00302","in_steam":true,"in_uten":false,"name":"EOS","region":"nyc","sources":["osm_overpass"],"steam_heated":false},"type":"Feature"},{"geometry":{"coordinates":[-73.99019,40.748044],"type":"Point"},"properties":{"cat":"hotel","demand_kwh":469667.8394280374,"demand_source":"footprint_estimate","id":"s_00303","in_steam":true,"in_uten":false,"name":"Hampton Inn Manhattan-Madison Square Garden Area","region":"nyc","sources":["osm_overpass"],"steam_heated":false},"type":"Feature"},{"geometry":{"coordinates":[-73.991191,40.748224],"type":"Point"},"properties":{"cat":"hotel","demand_kwh":1294260.8164608479,"demand_source":"footprint_estimate","id":"s_00304","in_steam":true,"in_uten":false,"name":"Courtyard Marriot","region":"nyc","sources":["osm_overpass"],"steam_heated":false},"type":"Feature"},{"geometry":{"coordinates":[-73.994617,40.74834],"type":"Point"},"properties":{"cat":"hotel","demand_kwh":1077456.7538510263,"demand_source":"footprint_estimate","id":"s_00305","in_steam":true,"in_uten":false,"name":"Holiday Inn Express","region":"nyc","sources":["osm_overpass"],"steam_heated":false},"type":"Feature"},{"geometry":{"coordinates":[-73.990094,40.748387],"type":"Point"},"properties":{"cat":"university","demand_kwh":2607056.455008,"demand_source":"ll84_fuel","id":"s_00306","in_steam":true,"in_uten":false,"name":"CUNY School of Professional Studies","region":"nyc","sources":["osm_overpass"],"steam_heated":false},"type":"Feature"},{"geometry":{"coordinates":[-74.000237,40.748991],"type":"Point"},"properties":{"cat":"school","demand_kwh":1898461.8006691001,"demand_source":"ll84_fuel","id":"s_00307","in_steam":true,"in_uten":false,"name":"P.S. 33 - Chelsea Prep","region":"nyc","sources":["osm_overpass"],"steam_heated":false},"type":"Feature"},{"geometry":{"coordinates":[-73.992104,40.749914],"type":"Point"},"properties":{"cat":"office","demand_kwh":6799260.367505774,"demand_source":"footprint_estimate","id":"s_00308","in_steam":true,"in_uten":false,"name":"PENN 2","region":"nyc","sources":["osm_overpass"],"steam_heated":false},"type":"Feature"},{"geometry":{"coordinates":[-73.99565,40.749951],"type":"Point"},"properties":{"cat":"hotel","demand_kwh":51300.847964286804,"demand_source":"footprint_estimate","id":"s_00309","in_steam":true,"in_uten":false,"name":"Midtown West Hotel","region":"nyc","sources":["osm_overpass"],"steam_heated":false},"type":"Feature"},{"geometry":{"coordinates":[-74.003397,40.750445],"type":"Point"},"properties":{"cat":"hotel","demand_kwh":444340.56378430006,"demand_source":"ll84_fuel","id":"s_00310","in_steam":true,"in_uten":false,"name":"Hotel Alameda High Line","region":"nyc","sources":["osm_overpass"],"steam_heated":false},"type":"Feature"},{"geometry":{"coordinates":[-73.995675,40.750536],"type":"Point"},"properties":{"cat":"university","demand_kwh":5000000.0,"demand_source":"category_default","id":"s_00311","in_steam":true,"in_uten":false,"name":"Touro College","region":"nyc","sources":["osm_overpass"],"steam_heated":false},"type":"Feature"},{"geometry":{"coordinates":[-74.003009,40.750987],"type":"Point"},"properties":{"cat":"residential_multifamily","demand_kwh":2526267.3604037054,"demand_source":"footprint_estimate","id":"s_00312","in_steam":true,"in_uten":false,"name":"Unnamed residential multifamily","region":"nyc","sources":["osm_overpass"],"steam_heated":false},"type":"Feature"},{"geometry":{"coordinates":[-74.003696,40.751881],"type":"Point"},"properties":{"cat":"residential_multifamily","demand_kwh":7599726.0604009,"demand_source":"ll84_fuel","id":"s_00313","in_steam":true,"in_uten":false,"name":"Avalon West Chelsea","region":"nyc","sources":["osm_overpass"],"steam_heated":false},"type":"Feature"},{"geometry":{"coordinates":[-73.994641,40.752254],"type":"Point"},"properties":{"cat":"residential_multifamily","demand_kwh":7986712.8346349,"demand_source":"ll84_fuel","id":"s_00314","in_steam":true,"in_uten":false,"name":"The Olivia","region":"nyc","sources":["osm_overpass"],"steam_heated":false},"type":"Feature"},{"geometry":{"coordinates":[-73.995114,40.752265],"type":"Point"},"properties":{"cat":"hotel","demand_kwh":1152250.252582,"demand_source":"ll84_fuel","id":"s_00315","in_steam":true,"in_uten":false,"name":"Fairfield Inn & Suites New York Midtown Manhattan/Penn Station","region":"nyc","sources":["osm_overpass"],"steam_heated":false},"type":"Feature"},{"geometry":{"coordinates":[-73.998802,40.752267],"type":"Point"},"properties":{"cat":"residential_multifamily","demand_kwh":1417069.4292088598,"demand_source":"footprint_estimate","id":"s_00316","in_steam":true,"in_uten":false,"name":"The Eugene","region":"nyc","sources":["osm_overpass"],"steam_heated":false},"type":"Feature"},{"geometry":{"coordinates":[-74.00154,40.752686],"type":"Point"},"properties":{"cat":"office","demand_kwh":42688721.36177931,"demand_source":"ll84_fuel","id":"s_00317","in_steam":true,"in_uten":false,"name":"10 Hudson Yards","region":"nyc","sources":["osm_overpass"],"steam_heated":false},"type":"Feature"},{"geometry":{"coordinates":[-74.003298,40.752801],"type":"Point"},"properties":{"cat":"residential_multifamily","demand_kwh":1673806.201898614,"demand_source":"footprint_estimate","id":"s_00318","in_steam":true,"in_uten":false,"name":"The Ohm","region":"nyc","sources":["osm_overpass"],"steam_heated":false},"type":"Feature"},{"geometry":{"coordinates":[-73.999495,40.753059],"type":"Point"},"properties":{"cat":"office","demand_kwh":16793330.68231713,"demand_source":"footprint_estimate","id":"s_00319","in_steam":true,"in_uten":false,"name":"Five Manhattan West","region":"nyc","sources":["osm_overpass"],"steam_heated":false},"type":"Feature"},{"geometry":{"coordinates":[-73.998493,40.753159],"type":"Point"},"properties":{"cat":"hotel","demand_kwh":2465947.2043679757,"demand_source":"footprint_estimate","id":"s_00320","in_steam":true,"in_uten":false,"name":"Pendry Manhattan West","region":"nyc","sources":["osm_overpass"],"steam_heated":false},"type":"Feature"},{"geometry":{"coordinates":[-74.004794,40.753176],"type":"Point"},"properties":{"cat":"residential_multifamily","demand_kwh":30130954.88857627,"demand_source":"footprint_estimate","id":"s_00321","in_steam":true,"in_uten":false,"name":"601 West 29th Street","region":"nyc","sources":["osm_overpass"],"steam_heated":false},"type":"Feature"},{"geometry":{"coordinates":[-74.00059,40.753946],"type":"Point"},"properties":{"cat":"office","demand_kwh":4461216.809005681,"demand_source":"footprint_estimate","id":"s_00322","in_steam":true,"in_uten":false,"name":"30 Hudson Yards","region":"nyc","sources":["osm_overpass"],"steam_heated":false},"type":"Feature"},{"geometry":{"coordinates":[-74.002387,40.754449],"type":"Point"},"properties":{"cat":"pool","demand_kwh":47638796.907245204,"demand_source":"ll84_fuel","id":"s_00323","in_steam":true,"in_uten":false,"name":"Unnamed pool","region":"nyc","sources":["osm_overpass"],"steam_heated":false},"type":"Feature"},{"geometry":{"coordinates":[-74.002416,40.754471],"type":"Point"},"properties":{"cat":"hotel","demand_kwh":47638796.907245204,"demand_source":"ll84_fuel","id":"s_00324","in_steam":true,"in_uten":false,"name":"Equinox","region":"nyc","sources":["osm_overpass"],"steam_heated":false},"type":"Feature"},{"geometry":{"coordinates":[-74.001774,40.755228],"type":"Point"},"properties":{"cat":"office","demand_kwh":7524769.986984101,"demand_source":"ll84_fuel","id":"s_00325","in_steam":true,"in_uten":false,"name":"55 Hudson Yards","region":"nyc","sources":["osm_overpass"],"steam_heated":false},"type":"Feature"},{"geometry":{"coordinates":[-72.844255,40.826175],"type":"Point"},"properties":{"cat":"greenhouse","demand_kwh":257470.51458973438,"demand_source":"footprint_estimate","id":"s_00326","in_steam":false,"in_uten":false,"name":"Unnamed greenhouse","region":"upstate","sources":["osm_overpass"],"steam_heated":false},"type":"Feature"},{"geometry":{"coordinates":[-72.842981,40.826181],"type":"Point"},"properties":{"cat":"greenhouse","demand_kwh":71094.84857907519,"demand_source":"footprint_estimate","id":"s_00327","in_steam":false,"in_uten":false,"name":"Unnamed greenhouse","region":"upstate","sources":["osm_overpass"],"steam_heated":false},"type":"Feature"},{"geometry":{"coordinates":[-72.919203,40.82699],"type":"Point"},"properties":{"cat":"greenhouse","demand_kwh":87986.42300703796,"demand_source":"footprint_estimate","id":"s_00328","in_steam":false,"in_uten":false,"name":"Unnamed greenhouse","region":"upstate","sources":["osm_overpass"],"steam_heated":false},"type":"Feature"},{"geometry":{"coordinates":[-72.880073,40.827508],"type":"Point"},"properties":{"cat":"university","demand_kwh":37798842.58366004,"demand_source":"footprint_estimate","id":"s_00329","in_steam":false,"in_uten":false,"name":"Dowling College Sports Complex","region":"upstate","sources":["osm_overpass"],"steam_heated":false},"type":"Feature"},{"geometry":{"coordinates":[-72.835745,40.827979],"type":"Point"},"properties":{"cat":"greenhouse","demand_kwh":189541.85875235125,"demand_source":"footprint_estimate","id":"s_00330","in_steam":false,"in_uten":false,"name":"Unnamed greenhouse","region":"upstate","sources":["osm_overpass"],"steam_heated":false},"type":"Feature"},{"geometry":{"coordinates":[-72.92141,40.82805],"type":"Point"},"properties":{"cat":"greenhouse","demand_kwh":195103.54739576578,"demand_source":"footprint_estimate","id":"s_00331","in_steam":false,"in_uten":false,"name":"Unnamed greenhouse","region":"upstate","sources":["osm_overpass"],"steam_heated":false},"type":"Feature"},{"geometry":{"coordinates":[-72.834571,40.828205],"type":"Point"},"properties":{"cat":"greenhouse","demand_kwh":188292.52510219812,"demand_source":"footprint_estimate","id":"s_00332","in_steam":false,"in_uten":false,"name":"Unnamed greenhouse","region":"upstate","sources":["osm_overpass"],"steam_heated":false},"type":"Feature"},{"geometry":{"coordinates":[-72.920811,40.828346],"type":"Point"},"properties":{"cat":"greenhouse","demand_kwh":147992.95517150313,"demand_source":"footprint_estimate","id":"s_00333","in_steam":false,"in_uten":false,"name":"Unnamed greenhouse","region":"upstate","sources":["osm_overpass"],"steam_heated":false},"type":"Feature"},{"geometry":{"coordinates":[-72.836068,40.828414],"type":"Point"},"properties":{"cat":"greenhouse","demand_kwh":64732.79448872199,"demand_source":"footprint_estimate","id":"s_00334","in_steam":false,"in_uten":false,"name":"Unnamed greenhouse","region":"upstate","sources":["osm_overpass"],"steam_heated":false},"type":"Feature"},{"geometry":{"coordinates":[-72.835264,40.828424],"type":"Point"},"properties":{"cat":"greenhouse","demand_kwh":54053.886107727885,"demand_source":"footprint_estimate","id":"s_00335","in_steam":false,"in_uten":false,"name":"Unnamed greenhouse","region":"upstate","sources":["osm_overpass"],"steam_heated":false},"type":"Feature"},{"geometry":{"coordinates":[-72.827431,40.832295],"type":"Point"},"properties":{"cat":"greenhouse","demand_kwh":48928.628885233775,"demand_source":"footprint_estimate","id":"s_00336","in_steam":false,"in_uten":false,"name":"Unnamed greenhouse","region":"upstate","sources":["osm_overpass"],"steam_heated":false},"type":"Feature"},{"geometry":{"coordinates":[-72.826657,40.83234],"type":"Point"},"properties":{"cat":"greenhouse","demand_kwh":32087.664163904265,"demand_source":"footprint_estimate","id":"s_00337","in_steam":false,"in_uten":false,"name":"Unnamed greenhouse","region":"upstate","sources":["osm_overpass"],"steam_heated":false},"type":"Feature"},{"geometry":{"coordinates":[-72.82604,40.832376],"type":"Point"},"properties":{"cat":"greenhouse","demand_kwh":47206.35179853998,"demand_source":"footprint_estimate","id":"s_00338","in_steam":false,"in_uten":false,"name":"Unnamed greenhouse","region":"upstate","sources":["osm_overpass"],"steam_heated":false},"type":"Feature"},{"geometry":{"coordinates":[-72.826396,40.832754],"type":"Point"},"properties":{"cat":"greenhouse","demand_kwh":29059.344564611092,"demand_source":"footprint_estimate","id":"s_00339","in_steam":false,"in_uten":false,"name":"Unnamed greenhouse","region":"upstate","sources":["osm_overpass"],"steam_heated":false},"type":"Feature"},{"geometry":{"coordinates":[-72.824105,40.833315],"type":"Point"},"properties":{"cat":"school","demand_kwh":102678049.03586805,"demand_source":"footprint_estimate","id":"s_00340","in_steam":false,"in_uten":false,"name":"Eastport South Manor Junior-Senior High School","region":"upstate","sources":["osm_overpass"],"steam_heated":false},"type":"Feature"},{"geometry":{"coordinates":[-72.828116,40.834242],"type":"Point"},"properties":{"cat":"greenhouse","demand_kwh":73781.36258043814,"demand_source":"footprint_estimate","id":"s_00341","in_steam":false,"in_uten":false,"name":"Unnamed greenhouse","region":"upstate","sources":["osm_overpass"],"steam_heated":false},"type":"Feature"},{"geometry":{"coordinates":[-72.828791,40.834503],"type":"Point"},"properties":{"cat":"greenhouse","demand_kwh":196326.18720502942,"demand_source":"footprint_estimate","id":"s_00342","in_steam":false,"in_uten":false,"name":"Unnamed greenhouse","region":"upstate","sources":["osm_overpass"],"steam_heated":false},"type":"Feature"},{"geometry":{"coordinates":[-72.827236,40.834628],"type":"Point"},"properties":{"cat":"greenhouse","demand_kwh":769524.8833453283,"demand_source":"footprint_estimate","id":"s_00343","in_steam":false,"in_uten":false,"name":"Unnamed greenhouse","region":"upstate","sources":["osm_overpass"],"steam_heated":false},"type":"Feature"},{"geometry":{"coordinates":[-72.828301,40.834785],"type":"Point"},"properties":{"cat":"greenhouse","demand_kwh":91483.97196216974,"demand_source":"footprint_estimate","id":"s_00344","in_steam":false,"in_uten":false,"name":"Unnamed greenhouse","region":"upstate","sources":["osm_overpass"],"steam_heated":false},"type":"Feature"},{"geometry":{"coordinates":[-72.828633,40.83529],"type":"Point"},"properties":{"cat":"greenhouse","demand_kwh":91493.85878676549,"demand_source":"footprint_estimate","id":"s_00345","in_steam":false,"in_uten":false,"name":"Unnamed greenhouse","region":"upstate","sources":["osm_overpass"],"steam_heated":false},"type":"Feature"},{"geometry":{"coordinates":[-72.829271,40.836948],"type":"Point"},"properties":{"cat":"greenhouse","demand_kwh":46308.67511397228,"demand_source":"footprint_estimate","id":"s_00346","in_steam":false,"in_uten":false,"name":"Unnamed greenhouse","region":"upstate","sources":["osm_overpass"],"steam_heated":false},"type":"Feature"},{"geometry":{"coordinates":[-72.829065,40.837427],"type":"Point"},"properties":{"cat":"greenhouse","demand_kwh":283499.69000300625,"demand_source":"footprint_estimate","id":"s_00347","in_steam":false,"in_uten":false,"name":"Unnamed greenhouse","region":"upstate","sources":["osm_overpass"],"steam_heated":false},"type":"Feature"},{"geometry":{"coordinates":[-72.828168,40.837456],"type":"Point"},"properties":{"cat":"greenhouse","demand_kwh":52649.467558041215,"demand_source":"footprint_estimate","id":"s_00348","in_steam":false,"in_uten":false,"name":"Unnamed greenhouse","region":"upstate","sources":["osm_overpass"],"steam_heated":false},"type":"Feature"},{"geometry":{"coordinates":[-72.825246,40.83947],"type":"Point"},"properties":{"cat":"school","demand_kwh":39859923.69367674,"demand_source":"footprint_estimate","id":"s_00349","in_steam":false,"in_uten":false,"name":"Dayton Avenue Elementary School","region":"upstate","sources":["osm_overpass"],"steam_heated":false},"type":"Feature"},{"geometry":{"coordinates":[-72.930579,40.843938],"type":"Point"},"properties":{"cat":"school","demand_kwh":32166693.88918558,"demand_source":"footprint_estimate","id":"s_00350","in_steam":false,"in_uten":false,"name":"Charles E. Walters Elementary School","region":"upstate","sources":["osm_overpass"],"steam_heated":false},"type":"Feature"},{"geometry":{"coordinates":[-72.899612,40.845983],"type":"Point"},"properties":{"cat":"hotel","demand_kwh":3837532.0012807846,"demand_source":"footprint_estimate","id":"s_00351","in_steam":false,"in_uten":false,"name":"Home2 Suites by Hilton Long Island Brookhaven","region":"upstate","sources":["osm_overpass"],"steam_heated":false},"type":"Feature"},{"geometry":{"coordinates":[-72.822555,40.855049],"type":"Point"},"properties":{"cat":"greenhouse","demand_kwh":102021.03816606104,"demand_source":"footprint_estimate","id":"s_00352","in_steam":false,"in_uten":false,"name":"Unnamed greenhouse","region":"upstate","sources":["osm_overpass"],"steam_heated":false},"type":"Feature"},{"geometry":{"coordinates":[-72.924424,40.864183],"type":"Point"},"properties":{"cat":"school","demand_kwh":92526475.41100055,"demand_source":"footprint_estimate","id":"s_00353","in_steam":false,"in_uten":false,"name":"Longwood High School","region":"upstate","sources":["osm_overpass"],"steam_heated":false},"type":"Feature"},{"geometry":{"coordinates":[-72.910592,40.864206],"type":"Point"},"properties":{"cat":"school","demand_kwh":70710799.1988051,"demand_source":"footprint_estimate","id":"s_00354","in_steam":false,"in_uten":false,"name":"Longwood Junior High School","region":"upstate","sources":["osm_overpass"],"steam_heated":false},"type":"Feature"},{"geometry":{"coordinates":[-72.881885,40.867254],"type":"Point"},"properties":{"cat":"pool","demand_kwh":436760.1777434349,"demand_source":"footprint_estimate","id":"s_00355","in_steam":false,"in_uten":false,"name":"478 - Pool/Gym","region":"upstate","sources":["osm_overpass"],"steam_heated":false},"type":"Feature"},{"geometry":{"coordinates":[-72.854866,40.8776],"type":"Point"},"properties":{"cat":"wwtp","demand_kwh":24220506.51474595,"demand_source":"footprint_estimate","id":"s_00356","in_steam":false,"in_uten":false,"name":"Unnamed wwtp","region":"upstate","sources":["osm_overpass"],"steam_heated":false},"type":"Feature"},{"geometry":{"coordinates":[-73.888904,40.950452],"type":"Point"},"properties":{"cat":"school","demand_kwh":9428154.677202702,"demand_source":"footprint_estimate","id":"s_00357","in_steam":false,"in_uten":false,"name":"Charles E. Gorton High School","region":"upstate","sources":["osm_overpass"],"steam_heated":false},"type":"Feature"},{"geometry":{"coordinates":[-73.897168,40.950935],"type":"Point"},"properties":{"cat":"greenhouse","demand_kwh":109384.13654062897,"demand_source":"footprint_estimate","id":"s_00358","in_steam":false,"in_uten":false,"name":"Unnamed greenhouse","region":"upstate","sources":["osm_overpass"],"steam_heated":false},"type":"Feature"},{"geometry":{"coordinates":[-73.846313,40.952587],"type":"Point"},"properties":{"cat":"school","demand_kwh":5731080.804462656,"demand_source":"footprint_estimate","id":"s_00359","in_steam":false,"in_uten":false,"name":"Montessori School 31","region":"upstate","sources":["osm_overpass"],"steam_heated":false},"type":"Feature"},{"geometry":{"coordinates":[-73.889378,40.952593],"type":"Point"},"properties":{"cat":"pool","demand_kwh":80724.92236495018,"demand_source":"footprint_estimate","id":"s_00360","in_steam":false,"in_uten":false,"name":"Unnamed pool","region":"upstate","sources":["osm_overpass"],"steam_heated":false},"type":"Feature"},{"geometry":{"coordinates":[-73.848775,40.954476],"type":"Point"},"properties":{"cat":"hotel","demand_kwh":1500000.0,"demand_source":"category_default","id":"s_00361","in_steam":false,"in_uten":false,"name":"Hampton Inn & Suites","region":"upstate","sources":["osm_overpass"],"steam_heated":false},"type":"Feature"},{"geometry":{"coordinates":[-73.843623,40.954826],"type":"Point"},"properties":{"cat":"school","demand_kwh":17289975.03984511,"demand_source":"footprint_estimate","id":"s_00362","in_steam":false,"in_uten":false,"name":"Roosevelt High School - Early College Studies","region":"upstate","sources":["osm_overpass"],"steam_heated":false},"type":"Feature"},{"geometry":{"coordinates":[-73.89677,40.955295],"type":"Point"},"properties":{"cat":"school","demand_kwh":5176392.446779758,"demand_source":"footprint_estimate","id":"s_00363","in_steam":false,"in_uten":false,"name":"Riverside High School","region":"upstate","sources":["osm_overpass"],"steam_heated":false},"type":"Feature"},{"geometry":{"coordinates":[-73.863376,40.955472],"type":"Point"},"properties":{"cat":"hotel","demand_kwh":1500000.0,"demand_source":"category_default","id":"s_00364","in_steam":false,"in_uten":false,"name":"Royal Regency Hotel","region":"upstate","sources":["osm_overpass"],"steam_heated":false},"type":"Feature"},{"geometry":{"coordinates":[-73.864896,40.955967],"type":"Point"},"properties":{"cat":"hotel","demand_kwh":1500000.0,"demand_source":"category_default","id":"s_00365","in_steam":false,"in_uten":false,"name":"Ramada Yonkers","region":"upstate","sources":["osm_overpass"],"steam_heated":false},"type":"Feature"},{"geometry":{"coordinates":[-73.887269,40.96051],"type":"Point"},"properties":{"cat":"school","demand_kwh":3875118.5309654474,"demand_source":"footprint_estimate","id":"s_00366","in_steam":false,"in_uten":false,"name":"School 16","region":"upstate","sources":["osm_overpass"],"steam_heated":false},"type":"Feature"},{"geometry":{"coordinates":[-73.837372,40.960581],"type":"Point"},"properties":{"cat":"school","demand_kwh":8309517.673702687,"demand_source":"footprint_estimate","id":"s_00367","in_steam":false,"in_uten":false,"name":"Kahlil Gibran School","region":"upstate","sources":["osm_overpass"],"steam_heated":false},"type":"Feature"},{"geometry":{"coordinates":[-73.843232,40.963164],"type":"Point"},"properties":{"cat":"school","demand_kwh":13496676.806670316,"demand_source":"footprint_estimate","id":"s_00368","in_steam":false,"in_uten":false,"name":"Family School 32","region":"upstate","sources":["osm_overpass"],"steam_heated":false},"type":"Feature"},{"geometry":{"coordinates":[-73.877977,40.963376],"type":"Point"},"properties":{"cat":"school","demand_kwh":2464011.2893755175,"demand_source":"footprint_estimate","id":"s_00369","in_steam":false,"in_uten":false,"name":"Unnamed school","region":"upstate","sources":["osm_overpass"],"steam_heated":false},"type":"Feature"},{"geometry":{"coordinates":[-73.877773,40.963903],"type":"Point"},"properties":{"cat":"school","demand_kwh":15126337.457148135,"demand_source":"footprint_estimate","id":"s_00370","in_steam":false,"in_uten":false,"name":"Cross Hill Academy","region":"upstate","sources":["osm_overpass"],"steam_heated":false},"type":"Feature"},{"geometry":{"coordinates":[-73.841192,40.964052],"type":"Point"},"properties":{"cat":"pool","demand_kwh":253265.01827389002,"demand_source":"footprint_estimate","id":"s_00371","in_steam":false,"in_uten":false,"name":"Unnamed pool","region":"upstate","sources":["osm_overpass"],"steam_heated":false},"type":"Feature"},{"geometry":{"coordinates":[-73.88275,40.964447],"type":"Point"},"properties":{"cat":"pool","demand_kwh":60049.771109223366,"demand_source":"footprint_estimate","id":"s_00372","in_steam":false,"in_uten":false,"name":"Unnamed pool","region":"upstate","sources":["osm_overpass"],"steam_heated":false},"type":"Feature"},{"geometry":{"coordinates":[-73.879913,40.965623],"type":"Point"},"properties":{"cat":"pool","demand_kwh":86708.30451101065,"demand_source":"footprint_estimate","id":"s_00373","in_steam":false,"in_uten":false,"name":"Unnamed pool","region":"upstate","sources":["osm_overpass"],"steam_heated":false},"type":"Feature"},{"geometry":{"coordinates":[-73.884369,40.96609],"type":"Point"},"properties":{"cat":"pool","demand_kwh":53424.3956822902,"demand_source":"footprint_estimate","id":"s_00374","in_steam":false,"in_uten":false,"name":"Unnamed pool","region":"upstate","sources":["osm_overpass"],"steam_heated":false},"type":"Feature"},{"geometry":{"coordinates":[-73.882342,40.966217],"type":"Point"},"properties":{"cat":"pool","demand_kwh":69589.72252784297,"demand_source":"footprint_estimate","id":"s_00375","in_steam":false,"in_uten":false,"name":"Unnamed pool","region":"upstate","sources":["osm_overpass"],"steam_heated":false},"type":"Feature"},{"geometry":{"coordinates":[-73.8865,40.96884],"type":"Point"},"properties":{"cat":"hospital","demand_kwh":70152365.12289383,"demand_source":"footprint_estimate","id":"s_00376","in_steam":false,"in_uten":false,"name":"Saint John's Riverside Hospital","region":"upstate","sources":["osm_overpass"],"steam_heated":false},"type":"Feature"},{"geometry":{"coordinates":[-73.876956,40.970728],"type":"Point"},"properties":{"cat":"hotel","demand_kwh":4224895.74208532,"demand_source":"footprint_estimate","id":"s_00377","in_steam":false,"in_uten":false,"name":"Hampton Inn & Suites Yonkers","region":"upstate","sources":["osm_overpass"],"steam_heated":false},"type":"Feature"},{"geometry":{"coordinates":[-73.873494,40.970794],"type":"Point"},"properties":{"cat":"office","demand_kwh":8861159.833044112,"demand_source":"footprint_estimate","id":"s_00378","in_steam":false,"in_uten":false,"name":"Consumer Reports","region":"upstate","sources":["osm_overpass"],"steam_heated":false},"type":"Feature"},{"geometry":{"coordinates":[-73.884958,40.971222],"type":"Point"},"properties":{"cat":"school","demand_kwh":14906898.483898602,"demand_source":"footprint_estimate","id":"s_00379","in_steam":false,"in_uten":false,"name":"William Boyce Thompson School","region":"upstate","sources":["osm_overpass"],"steam_heated":false},"type":"Feature"},{"geometry":{"coordinates":[-73.87953,40.97317],"type":"Point"},"properties":{"cat":"hotel","demand_kwh":2894728.9841875434,"demand_source":"footprint_estimate","id":"s_00380","in_steam":false,"in_uten":false,"name":"Courtyard","region":"upstate","sources":["osm_overpass"],"steam_heated":false},"type":"Feature"},{"geometry":{"coordinates":[-73.878603,40.973202],"type":"Point"},"properties":{"cat":"hotel","demand_kwh":4139894.0410541953,"demand_source":"footprint_estimate","id":"s_00381","in_steam":false,"in_uten":false,"name":"Residence Inn","region":"upstate","sources":["osm_overpass"],"steam_heated":false},"type":"Feature"},{"geometry":{"coordinates":[-73.88158,40.979149],"type":"Point"},"properties":{"cat":"pool","demand_kwh":57412.869532965124,"demand_source":"footprint_estimate","id":"s_00382","in_steam":false,"in_uten":false,"name":"Unnamed pool","region":"upstate","sources":["osm_overpass"],"steam_heated":false},"type":"Feature"},{"geometry":{"coordinates":[-73.880555,40.98974],"type":"Point"},"properties":{"cat":"pool","demand_kwh":30391.893373429775,"demand_source":"footprint_estimate","id":"s_00383","in_steam":false,"in_uten":false,"name":"Unnamed pool","region":"upstate","sources":["osm_overpass"],"steam_heated":false},"type":"Feature"},{"geometry":{"coordinates":[-73.880169,40.99035],"type":"Point"},"properties":{"cat":"pool","demand_kwh":52408.389694057405,"demand_source":"footprint_estimate","id":"s_00384","in_steam":false,"in_uten":false,"name":"Abandoned Swimming Pool","region":"upstate","sources":["osm_overpass"],"steam_heated":false},"type":"Feature"},{"geometry":{"coordinates":[-73.875492,40.993605],"type":"Point"},"properties":{"cat":"school","demand_kwh":5763933.107189722,"demand_source":"footprint_estimate","id":"s_00385","in_steam":false,"in_uten":false,"name":"Unnamed school","region":"upstate","sources":["osm_overpass"],"steam_heated":false},"type":"Feature"},{"geometry":{"coordinates":[-73.876026,40.995209],"type":"Point"},"properties":{"cat":"school","demand_kwh":11565948.140126593,"demand_source":"footprint_estimate","id":"s_00386","in_steam":false,"in_uten":false,"name":"Middle & High School Athletic Fields","region":"upstate","sources":["osm_overpass"],"steam_heated":false},"type":"Feature"},{"geometry":{"coordinates":[-73.917778,41.025216],"type":"Point"},"properties":{"cat":"pool","demand_kwh":77780.51005452871,"demand_source":"footprint_estimate","id":"s_00387","in_steam":false,"in_uten":false,"name":"Unnamed pool","region":"upstate","sources":["osm_overpass"],"steam_heated":false},"type":"Feature"},{"geometry":{"coordinates":[-73.938672,41.036367],"type":"Point"},"properties":{"cat":"wwtp","demand_kwh":4541017.472974211,"demand_source":"footprint_estimate","id":"s_00388","in_steam":false,"in_uten":false,"name":"Unnamed wwtp","region":"upstate","sources":["osm_overpass"],"steam_heated":false},"type":"Feature"},{"geometry":{"coordinates":[-73.948661,41.038863],"type":"Point"},"properties":{"cat":"hotel","demand_kwh":1500000.0,"demand_source":"category_default","id":"s_00389","in_steam":false,"in_uten":false,"name":"Residence Inn Orangeburg Rockland/Bergen","region":"upstate","sources":["osm_overpass"],"steam_heated":false},"type":"Feature"},{"geometry":{"coordinates":[-73.937145,41.04161],"type":"Point"},"properties":{"cat":"university","demand_kwh":111526107.60817453,"demand_source":"footprint_estimate","id":"s_00390","in_steam":false,"in_uten":false,"name":"Saint Thomas Aquinas College","region":"upstate","sources":["osm_overpass"],"steam_heated":false},"type":"Feature"},{"geometry":{"coordinates":[-73.996737,41.044033],"type":"Point"},"properties":{"cat":"pool","demand_kwh":37140.54311604705,"demand_source":"footprint_estimate","id":"s_00391","in_steam":false,"in_uten":false,"name":"Unnamed pool","region":"upstate","sources":["osm_overpass"],"steam_heated":false},"type":"Feature"},{"geometry":{"coordinates":[-73.917215,41.044435],"type":"Point"},"properties":{"cat":"pool","demand_kwh":18749.240140616894,"demand_source":"footprint_estimate","id":"s_00392","in_steam":false,"in_uten":false,"name":"Unnamed pool","region":"upstate","sources":["osm_overpass"],"steam_heated":false},"type":"Feature"},{"geometry":{"coordinates":[-73.943792,41.045867],"type":"Point"},"properties":{"cat":"hotel","demand_kwh":9047546.30354501,"demand_source":"footprint_estimate","id":"s_00393","in_steam":false,"in_uten":false,"name":"Holiday Inn","region":"upstate","sources":["osm_overpass"],"steam_heated":false},"type":"Feature"},{"geometry":{"coordinates":[-73.969044,41.046679],"type":"Point"},"properties":{"cat":"hospital","demand_kwh":8000000.0,"demand_source":"category_default","id":"s_00394","in_steam":false,"in_uten":false,"name":"Rockland Children's Psychiatric Center","region":"upstate","sources":["osm_overpass"],"steam_heated":false},"type":"Feature"},{"geometry":{"coordinates":[-74.00156,41.048397],"type":"Point"},"properties":{"cat":"hotel","demand_kwh":9685361.584140547,"demand_source":"footprint_estimate","id":"s_00395","in_steam":false,"in_uten":false,"name":"Hilton Pearl River","region":"upstate","sources":["osm_overpass"],"steam_heated":false},"type":"Feature"},{"geometry":{"coordinates":[-73.918978,41.048456],"type":"Point"},"properties":{"cat":"pool","demand_kwh":19870.26323750615,"demand_source":"footprint_estimate","id":"s_00396","in_steam":false,"in_uten":false,"name":"Unnamed pool","region":"upstate","sources":["osm_overpass"],"steam_heated":false},"type":"Feature"},{"geometry":{"coordinates":[-73.967704,41.049287],"type":"Point"},"properties":{"cat":"hospital","demand_kwh":8000000.0,"demand_source":"category_default","id":"s_00397","in_steam":false,"in_uten":false,"name":"Rockland Psychiatric Center","region":"upstate","sources":["osm_overpass"],"steam_heated":false},"type":"Feature"},{"geometry":{"coordinates":[-74.001275,41.051529],"type":"Point"},"properties":{"cat":"school","demand_kwh":2363175.407357812,"demand_source":"footprint_estimate","id":"s_00398","in_steam":false,"in_uten":false,"name":"Pearl River Middle School","region":"upstate","sources":["osm_overpass"],"steam_heated":false},"type":"Feature"},{"geometry":{"coordinates":[-73.954465,41.053232],"type":"Point"},"properties":{"cat":"university","demand_kwh":159813335.9459193,"demand_source":"footprint_estimate","id":"s_00399","in_steam":false,"in_uten":false,"name":"Dominican College","region":"upstate","sources":["osm_overpass"],"steam_heated":false},"type":"Feature"},{"geometry":{"coordinates":[-73.969351,41.06193],"type":"Point"},"properties":{"cat":"school","demand_kwh":4004990.8328384394,"demand_source":"footprint_estimate","id":"s_00400","in_steam":false,"in_uten":false,"name":"South Orangetown Middle School","region":"upstate","sources":["osm_overpass"],"steam_heated":false},"type":"Feature"},{"geometry":{"coordinates":[-73.992628,41.064299],"type":"Point"},"properties":{"cat":"pool","demand_kwh":273685.40438115597,"demand_source":"footprint_estimate","id":"s_00401","in_steam":false,"in_uten":false,"name":"Unnamed pool","region":"upstate","sources":["osm_overpass"],"steam_heated":false},"type":"Feature"},{"geometry":{"coordinates":[-73.918465,41.075734],"type":"Point"},"properties":{"cat":"pool","demand_kwh":77412.58226931095,"demand_source":"footprint_estimate","id":"s_00402","in_steam":false,"in_uten":false,"name":"Unnamed pool","region":"upstate","sources":["osm_overpass"],"steam_heated":false},"type":"Feature"},{"geometry":{"coordinates":[-73.92082,41.078823],"type":"Point"},"properties":{"cat":"pool","demand_kwh":25252.885066298768,"demand_source":"footprint_estimate","id":"s_00403","in_steam":false,"in_uten":false,"name":"Unnamed pool","region":"upstate","sources":["osm_overpass"],"steam_heated":false},"type":"Feature"},{"geometry":{"coordinates":[-73.924489,41.082132],"type":"Point"},"properties":{"cat":"pool","demand_kwh":17785.6867516879,"demand_source":"footprint_estimate","id":"s_00404","in_steam":false,"in_uten":false,"name":"Unnamed pool","region":"upstate","sources":["osm_overpass"],"steam_heated":false},"type":"Feature"},{"geometry":{"coordinates":[-73.999222,41.083132],"type":"Point"},"properties":{"cat":"pool","demand_kwh":1934810.2256281301,"demand_source":"footprint_estimate","id":"s_00405","in_steam":false,"in_uten":false,"name":"Unnamed pool","region":"upstate","sources":["osm_overpass"],"steam_heated":false},"type":"Feature"},{"geometry":{"coordinates":[-73.926972,41.084963],"type":"Point"},"properties":{"cat":"pool","demand_kwh":19751.089002401568,"demand_source":"footprint_estimate","id":"s_00406","in_steam":false,"in_uten":false,"name":"Unnamed pool","region":"upstate","sources":["osm_overpass"],"steam_heated":false},"type":"Feature"},{"geometry":{"coordinates":[-73.929685,41.085361],"type":"Point"},"properties":{"cat":"university","demand_kwh":114307375.79451743,"demand_source":"footprint_estimate","id":"s_00407","in_steam":false,"in_uten":false,"name":"Unnamed university","region":"upstate","sources":["osm_overpass"],"steam_heated":false},"type":"Feature"},{"geometry":{"coordinates":[-74.005166,41.086131],"type":"Point"},"properties":{"cat":"school","demand_kwh":2527302.2123933583,"demand_source":"footprint_estimate","id":"s_00408","in_steam":false,"in_uten":false,"name":"George W Miller Elementary School","region":"upstate","sources":["osm_overpass"],"steam_heated":false},"type":"Feature"},{"geometry":{"coordinates":[-74.001404,41.087394],"type":"Point"},"properties":{"cat":"school","demand_kwh":3257746.329616215,"demand_source":"footprint_estimate","id":"s_00409","in_steam":false,"in_uten":false,"name":"Nanuet Senior High School","region":"upstate","sources":["osm_overpass"],"steam_heated":false},"type":"Feature"},{"geometry":{"coordinates":[-73.995159,41.090225],"type":"Point"},"properties":{"cat":"hotel","demand_kwh":1500000.0,"demand_source":"category_default","id":"s_00410","in_steam":false,"in_uten":false,"name":"DoubleTree","region":"upstate","sources":["osm_overpass"],"steam_heated":false},"type":"Feature"},{"geometry":{"coordinates":[-73.975446,41.093055],"type":"Point"},"properties":{"cat":"school","demand_kwh":12017969.624768347,"demand_source":"footprint_estimate","id":"s_00411","in_steam":false,"in_uten":false,"name":"West Nyack Elementary School","region":"upstate","sources":["osm_overpass"],"steam_heated":false},"type":"Feature"},{"geometry":{"coordinates":[-73.949752,41.09664],"type":"Point"},"properties":{"cat":"hotel","demand_kwh":4607674.598066829,"demand_source":"footprint_estimate","id":"s_00412","in_steam":false,"in_uten":false,"name":"Tappan Zee Hotel","region":"upstate","sources":["osm_overpass"],"steam_heated":false},"type":"Feature"},{"geometry":{"coordinates":[-73.724133,42.611972],"type":"Point"},"properties":{"cat":"office","demand_kwh":9607504.13876921,"demand_source":"footprint_estimate","id":"s_00413","in_steam":false,"in_uten":false,"name":"General Dynamics (GDIT)","region":"upstate","sources":["osm_overpass"],"steam_heated":false},"type":"Feature"},{"geometry":{"coordinates":[-73.782802,42.620424],"type":"Point"},"properties":{"cat":"hotel","demand_kwh":10106192.45814532,"demand_source":"footprint_estimate","id":"s_00414","in_steam":false,"in_uten":false,"name":"Quality Inn","region":"upstate","sources":["osm_overpass"],"steam_heated":false},"type":"Feature"},{"geometry":{"coordinates":[-73.724554,42.621835],"type":"Point"},"properties":{"cat":"school","demand_kwh":13829667.297299149,"demand_source":"footprint_estimate","id":"s_00415","in_steam":false,"in_uten":false,"name":"Red Mill Elementary","region":"upstate","sources":["osm_overpass"],"steam_heated":false},"type":"Feature"},{"geometry":{"coordinates":[-73.778492,42.622314],"type":"Point"},"properties":{"cat":"hotel","demand_kwh":8770349.994319305,"demand_source":"footprint_estimate","id":"s_00416","in_steam":false,"in_uten":false,"name":"Comfort Inn Glenmont - Albany South","region":"upstate","sources":["osm_overpass"],"steam_heated":false},"type":"Feature"},{"geometry":{"coordinates":[-73.702338,42.624676],"type":"Point"},"properties":{"cat":"hotel","demand_kwh":1280233.4854945494,"demand_source":"footprint_estimate","id":"s_00417","in_steam":false,"in_uten":false,"name":"Hampton Inn & Suites Albany-East Greenbush","region":"upstate","sources":["osm_overpass"],"steam_heated":false},"type":"Feature"},{"geometry":{"coordinates":[-73.698944,42.62549],"type":"Point"},"properties":{"cat":"hotel","demand_kwh":1908687.4074563384,"demand_source":"footprint_estimate","id":"s_00418","in_steam":false,"in_uten":false,"name":"Fairfield Inn & Suites Albany East Greenbush","region":"upstate","sources":["osm_overpass"],"steam_heated":false},"type":"Feature"},{"geometry":{"coordinates":[-73.742309,42.626847],"type":"Point"},"properties":{"cat":"wwtp","demand_kwh":1286852.0687557757,"demand_source":"footprint_estimate","id":"s_00419","in_steam":false,"in_uten":false,"name":"East Greenbush Sewage Plant","region":"upstate","sources":["osm_overpass"],"steam_heated":false},"type":"Feature"},{"geometry":{"coordinates":[-73.739012,42.628083],"type":"Point"},"properties":{"cat":"university","demand_kwh":122345472.07484543,"demand_source":"footprint_estimate","id":"s_00420","in_steam":false,"in_uten":false,"name":"University at Albany Health Sciences Campus","region":"upstate","sources":["osm_overpass"],"steam_heated":false},"type":"Feature"},{"geometry":{"coordinates":[-73.765745,42.629066],"type":"Point"},"properties":{"cat":"office","demand_kwh":3252590.743803978,"demand_source":"footprint_estimate","id":"s_00421","in_steam":false,"in_uten":false,"name":"Center for Disability Services - Adult Services","region":"upstate","sources":["osm_overpass"],"steam_heated":false},"type":"Feature"},{"geometry":{"coordinates":[-73.774677,42.629624],"type":"Point"},"properties":{"cat":"hotel","demand_kwh":2777191.8451040983,"demand_source":"footprint_estimate","id":"s_00422","in_steam":false,"in_uten":false,"name":"Four Points by Sheraton Albany","region":"upstate","sources":["osm_overpass"],"steam_heated":false},"type":"Feature"},{"geometry":{"coordinates":[-73.777956,42.629651],"type":"Point"},"properties":{"cat":"office","demand_kwh":1329443.0153588578,"demand_source":"footprint_estimate","id":"s_00423","in_steam":false,"in_uten":false,"name":"New York State Thruway Authority","region":"upstate","sources":["osm_overpass"],"steam_heated":false},"type":"Feature"},{"geometry":{"coordinates":[-73.760889,42.630199],"type":"Point"},"properties":{"cat":"wwtp","demand_kwh":13770812.215967476,"demand_source":"footprint_estimate","id":"s_00424","in_steam":false,"in_uten":false,"name":"Albany County Water Purification District South Plant","region":"upstate","sources":["osm_overpass"],"steam_heated":false},"type":"Feature"},{"geometry":{"coordinates":[-73.807989,42.630311],"type":"Point"},"properties":{"cat":"office","demand_kwh":2322540.2395353466,"demand_source":"footprint_estimate","id":"s_00425","in_steam":false,"in_uten":false,"name":"Albany Medical Center: Corporate Finance","region":"upstate","sources":["osm_overpass"],"steam_heated":false},"type":"Feature"},{"geometry":{"coordinates":[-73.698229,42.630481],"type":"Point"},"properties":{"cat":"hotel","demand_kwh":4290680.005242233,"demand_source":"footprint_estimate","id":"s_00426","in_steam":false,"in_uten":false,"name":"Residence Inn Albany East Greenbush/Tech Valley","region":"upstate","sources":["osm_overpass"],"steam_heated":false},"type":"Feature"},{"geometry":{"coordinates":[-73.774683,42.631818],"type":"Point"},"properties":{"cat":"office","demand_kwh":2502842.629697621,"demand_source":"footprint_estimate","id":"s_00427","in_steam":false,"in_uten":false,"name":"New York State Thruway Authority","region":"upstate","sources":["osm_overpass"],"steam_heated":false},"type":"Feature"},{"geometry":{"coordinates":[-73.701776,42.632321],"type":"Point"},"properties":{"cat":"hotel","demand_kwh":2762834.486043267,"demand_source":"footprint_estimate","id":"s_00428","in_steam":false,"in_uten":false,"name":"Holiday Inn Express & Suites East Greenbush(Albany-Skyline)","region":"upstate","sources":["osm_overpass"],"steam_heated":false},"type":"Feature"},{"geometry":{"coordinates":[-73.750161,42.633012],"type":"Point"},"properties":{"cat":"wwtp","demand_kwh":416537.640465796,"demand_source":"footprint_estimate","id":"s_00429","in_steam":false,"in_uten":false,"name":"Unnamed wwtp","region":"upstate","sources":["osm_overpass"],"steam_heated":false},"type":"Feature"},{"geometry":{"coordinates":[-73.765725,42.636862],"type":"Point"},"properties":{"cat":"school","demand_kwh":3342590.1780992746,"demand_source":"footprint_estimate","id":"s_00430","in_steam":false,"in_uten":false,"name":"KIPP Albany Community Charter Elementary School","region":"upstate","sources":["osm_overpass"],"steam_heated":false},"type":"Feature"},{"geometry":{"coordinates":[-73.756027,42.641113],"type":"Point"},"properties":{"cat":"school","demand_kwh":5438062.303639278,"demand_source":"footprint_estimate","id":"s_00431","in_steam":false,"in_uten":false,"name":"Giffen Memorial Elementary School","region":"upstate","sources":["osm_overpass"],"steam_heated":false},"type":"Feature"},{"geometry":{"coordinates":[-73.778492,42.641379],"type":"Point"},"properties":{"cat":"school","demand_kwh":1863076.8371383846,"demand_source":"footprint_estimate","id":"s_00432","in_steam":false,"in_uten":false,"name":"Delaware Community School","region":"upstate","sources":["osm_overpass"],"steam_heated":false},"type":"Feature"},{"geometry":{"coordinates":[-73.769691,42.64151],"type":"Point"},"properties":{"cat":"school","demand_kwh":7113616.390944421,"demand_source":"footprint_estimate","id":"s_00433","in_steam":false,"in_uten":false,"name":"KIPP Albany Community Charter Middle School","region":"upstate","sources":["osm_overpass"],"steam_heated":false},"type":"Feature"},{"geometry":{"coordinates":[-73.789792,42.641614],"type":"Point"},"properties":{"cat":"school","demand_kwh":5477438.981615743,"demand_source":"footprint_estimate","id":"s_00434","in_steam":false,"in_uten":false,"name":"Albany School of Humanities","region":"upstate","sources":["osm_overpass"],"steam_heated":false},"type":"Feature"},{"geometry":{"coordinates":[-73.755848,42.641928],"type":"Point"},"properties":{"cat":"office","demand_kwh":3072503.7666776776,"demand_source":"footprint_estimate","id":"s_00435","in_steam":false,"in_uten":false,"name":"Unnamed office","region":"upstate","sources":["osm_overpass"],"steam_heated":false},"type":"Feature"},{"geometry":{"coordinates":[-73.795508,42.642646],"type":"Point"},"properties":{"cat":"school","demand_kwh":25555568.928532284,"demand_source":"footprint_estimate","id":"s_00436","in_steam":false,"in_uten":false,"name":"Stephen and Harriet Myers Middle School","region":"upstate","sources":["osm_overpass"],"steam_heated":false},"type":"Feature"},{"geometry":{"coordinates":[-73.770165,42.64279],"type":"Point"},"properties":{"cat":"school","demand_kwh":15749844.872166775,"demand_source":"footprint_estimate","id":"s_00437","in_steam":false,"in_uten":false,"name":"Green Tech High Charter School","region":"upstate","sources":["osm_overpass"],"steam_heated":false},"type":"Feature"},{"geometry":{"coordinates":[-73.758856,42.643499],"type":"Point"},"properties":{"cat":"greenhouse","demand_kwh":73240.48606008291,"demand_source":"footprint_estimate","id":"s_00438","in_steam":false,"in_uten":false,"name":"Unnamed greenhouse","region":"upstate","sources":["osm_overpass"],"steam_heated":false},"type":"Feature"},{"geometry":{"coordinates":[-73.783842,42.645109],"type":"Point"},"properties":{"cat":"school","demand_kwh":24672327.353415582,"demand_source":"footprint_estimate","id":"s_00439","in_steam":false,"in_uten":false,"name":"Albany Academy for Girls","region":"upstate","sources":["osm_overpass"],"steam_heated":false},"type":"Feature"},{"geometry":{"coordinates":[-73.772406,42.646249],"type":"Point"},"properties":{"cat":"hotel","demand_kwh":1389211.310500279,"demand_source":"footprint_estimate","id":"s_00440","in_steam":false,"in_uten":false,"name":"TownePlace Suites Albany Downtown/Medical Center","region":"upstate","sources":["osm_overpass"],"steam_heated":false},"type":"Feature"},{"geometry":{"coordinates":[-73.788607,42.646318],"type":"Point"},"properties":{"cat":"pool","demand_kwh":500000.0,"demand_source":"category_default","id":"s_00441","in_steam":false,"in_uten":false,"name":"Standish Pool","region":"upstate","sources":["osm_overpass"],"steam_heated":false},"type":"Feature"},{"geometry":{"coordinates":[-73.772582,42.646524],"type":"Point"},"properties":{"cat":"pool","demand_kwh":500000.0,"demand_source":"category_default","id":"s_00442","in_steam":false,"in_uten":false,"name":"Unnamed pool","region":"upstate","sources":["osm_overpass"],"steam_heated":false},"type":"Feature"},{"geometry":{"coordinates":[-73.777132,42.646565],"type":"Point"},"properties":{"cat":"school","demand_kwh":3175188.173762262,"demand_source":"footprint_estimate","id":"s_00443","in_steam":false,"in_uten":false,"name":"Albany Leadership Charter School for Girls High School","region":"upstate","sources":["osm_overpass"],"steam_heated":false},"type":"Feature"},{"geometry":{"coordinates":[-73.765001,42.646584],"type":"Point"},"properties":{"cat":"pool","demand_kwh":6666347.642551921,"demand_source":"footprint_estimate","id":"s_00444","in_steam":false,"in_uten":false,"name":"Lincoln Park Pool","region":"upstate","sources":["osm_overpass"],"steam_heated":false},"type":"Feature"},{"geometry":{"coordinates":[-73.78795,42.647002],"type":"Point"},"properties":{"cat":"school","demand_kwh":41410102.78739199,"demand_source":"footprint_estimate","id":"s_00445","in_steam":false,"in_uten":false,"name":"Albany Academy for Boys","region":"upstate","sources":["osm_overpass"],"steam_heated":false},"type":"Feature"},{"geometry":{"coordinates":[-73.767349,42.647054],"type":"Point"},"properties":{"cat":"wwtp","demand_kwh":414715.91256957036,"demand_source":"footprint_estimate","id":"s_00446","in_steam":false,"in_uten":false,"name":"Unnamed wwtp","region":"upstate","sources":["osm_overpass"],"steam_heated":false},"type":"Feature"},{"geometry":{"coordinates":[-73.768892,42.64739],"type":"Point"},"properties":{"cat":"school","demand_kwh":8441781.529966593,"demand_source":"footprint_estimate","id":"s_00447","in_steam":false,"in_uten":false,"name":"Thomas S. O'Brien Academy of Science and Technology","region":"upstate","sources":["osm_overpass"],"steam_heated":false},"type":"Feature"},{"geometry":{"coordinates":[-73.774189,42.647767],"type":"Point"},"properties":{"cat":"office","demand_kwh":2205047.25510478,"demand_source":"footprint_estimate","id":"s_00448","in_steam":false,"in_uten":false,"name":"New York State Office of Mental Health","region":"upstate","sources":["osm_overpass"],"steam_heated":false},"type":"Feature"},{"geometry":{"coordinates":[-73.707411,42.648257],"type":"Point"},"properties":{"cat":"office","demand_kwh":2477087.9132425413,"demand_source":"footprint_estimate","id":"s_00449","in_steam":false,"in_uten":false,"name":"New York Independent System Operator","region":"upstate","sources":["osm_overpass"],"steam_heated":false},"type":"Feature"},{"geometry":{"coordinates":[-73.807385,42.648531],"type":"Point"},"properties":{"cat":"pool","demand_kwh":500000.0,"demand_source":"category_default","id":"s_00450","in_steam":false,"in_uten":false,"name":"Albany Jewish Community Center Pool","region":"upstate","sources":["osm_overpass"],"steam_heated":false},"type":"Feature"},{"geometry":{"coordinates":[-73.752532,42.649183],"type":"Point"},"properties":{"cat":"hotel","demand_kwh":856055.2361445129,"demand_source":"footprint_estimate","id":"s_00451","in_steam":false,"in_uten":false,"name":"Fairfield Inn & Suites Albany Downtown","region":"upstate","sources":["osm_overpass"],"steam_heated":false},"type":"Feature"},{"geometry":{"coordinates":[-73.770105,42.649905],"type":"Point"},"properties":{"cat":"pool","demand_kwh":500000.0,"demand_source":"category_default","id":"s_00452","in_steam":false,"in_uten":false,"name":"William S. Hackett Middle School Pool","region":"upstate","sources":["osm_overpass"],"steam_heated":false},"type":"Feature"},{"geometry":{"coordinates":[-73.770075,42.649989],"type":"Point"},"properties":{"cat":"school","demand_kwh":11424214.144234657,"demand_source":"footprint_estimate","id":"s_00453","in_steam":false,"in_uten":false,"name":"William S. Hackett Middle School","region":"upstate","sources":["osm_overpass"],"steam_heated":false},"type":"Feature"},{"geometry":{"coordinates":[-73.755699,42.65064],"type":"Point"},"properties":{"cat":"hotel","demand_kwh":3552606.63788449,"demand_source":"footprint_estimate","id":"s_00454","in_steam":false,"in_uten":false,"name":"Renaissance Albany Hotel","region":"upstate","sources":["osm_overpass"],"steam_heated":false},"type":"Feature"},{"geometry":{"coordinates":[-73.753201,42.650711],"type":"Point"},"properties":{"cat":"hotel","demand_kwh":11328480.585092045,"demand_source":"footprint_estimate","id":"s_00455","in_steam":false,"in_uten":false,"name":"Hilton Albany","region":"upstate","sources":["osm_overpass"],"steam_heated":false},"type":"Feature"},{"geometry":{"coordinates":[-73.773027,42.650829],"type":"Point"},"properties":{"cat":"hospital","demand_kwh":122386075.66588326,"demand_source":"footprint_estimate","id":"s_00456","in_steam":false,"in_uten":false,"name":"Samuel S. Stratton Veterans Affairs Medical Center","region":"upstate","sources":["osm_overpass"],"steam_heated":false},"type":"Feature"},{"geometry":{"coordinates":[-73.752889,42.650833],"type":"Point"},"properties":{"cat":"pool","demand_kwh":500000.0,"demand_source":"category_default","id":"s_00457","in_steam":false,"in_uten":false,"name":"Unnamed pool","region":"upstate","sources":["osm_overpass"],"steam_heated":false},"type":"Feature"},{"geometry":{"coordinates":[-73.777516,42.650922],"type":"Point"},"properties":{"cat":"university","demand_kwh":20394946.234660596,"demand_source":"footprint_estimate","id":"s_00458","in_steam":false,"in_uten":false,"name":"Albany Law School","region":"upstate","sources":["osm_overpass"],"steam_heated":false},"type":"Feature"},{"geometry":{"coordinates":[-73.779769,42.651582],"type":"Point"},"properties":{"cat":"office","demand_kwh":2127198.6001751013,"demand_source":"footprint_estimate","id":"s_00459","in_steam":false,"in_uten":false,"name":"David Axelrod Institute Wadsworth Center","region":"upstate","sources":["osm_overpass"],"steam_heated":false},"type":"Feature"},{"geometry":{"coordinates":[-73.783274,42.651618],"type":"Point"},"properties":{"cat":"university","demand_kwh":44883000.58210194,"demand_source":"footprint_estimate","id":"s_00460","in_steam":false,"in_uten":false,"name":"Russell Sage College Albany Campus","region":"upstate","sources":["osm_overpass"],"steam_heated":false},"type":"Feature"},{"geometry":{"coordinates":[-73.776057,42.652121],"type":"Point"},"properties":{"cat":"pool","demand_kwh":500000.0,"demand_source":"category_default","id":"s_00461","in_steam":false,"in_uten":false,"name":"Unnamed pool","region":"upstate","sources":["osm_overpass"],"steam_heated":false},"type":"Feature"},{"geometry":{"coordinates":[-73.776298,42.652197],"type":"Point"},"properties":{"cat":"hotel","demand_kwh":3446738.161092001,"demand_source":"footprint_estimate","id":"s_00462","in_steam":false,"in_uten":false,"name":"Hilton Garden Inn Albany Medical Center","region":"upstate","sources":["osm_overpass"],"steam_heated":false},"type":"Feature"},{"geometry":{"coordinates":[-73.748805,42.652476],"type":"Point"},"properties":{"cat":"office","demand_kwh":5106313.159635868,"demand_source":"footprint_estimate","id":"s_00463","in_steam":false,"in_uten":false,"name":"625 Broadway","region":"upstate","sources":["osm_overpass"],"steam_heated":false},"type":"Feature"},{"geometry":{"coordinates":[-73.759299,42.652551],"type":"Point"},"properties":{"cat":"office","demand_kwh":4521888.222692013,"demand_source":"footprint_estimate","id":"s_00464","in_steam":false,"in_uten":false,"name":"Legislative Office Building","region":"upstate","sources":["osm_overpass"],"steam_heated":false},"type":"Feature"},{"geometry":{"coordinates":[-73.721406,42.653461],"type":"Point"},"properties":{"cat":"school","demand_kwh":39993733.54471542,"demand_source":"footprint_estimate","id":"s_00465","in_steam":false,"in_uten":false,"name":"Rensselaer City School District","region":"upstate","sources":["osm_overpass"],"steam_heated":false},"type":"Feature"},{"geometry":{"coordinates":[-73.751638,42.653467],"type":"Point"},"properties":{"cat":"hotel","demand_kwh":2326867.0907333493,"demand_source":"footprint_estimate","id":"s_00466","in_steam":false,"in_uten":false,"name":"Hampton Inn & Suites Albany - Downtown","region":"upstate","sources":["osm_overpass"],"steam_heated":false},"type":"Feature"},{"geometry":{"coordinates":[-73.757481,42.654021],"type":"Point"},"properties":{"cat":"office","demand_kwh":3595320.5615722574,"demand_source":"footprint_estimate","id":"s_00467","in_steam":false,"in_uten":false,"name":"New York State Education Department Building","region":"upstate","sources":["osm_overpass"],"steam_heated":false},"type":"Feature"},{"geometry":{"coordinates":[-73.747735,42.654069],"type":"Point"},"properties":{"cat":"brewery","demand_kwh":600000.0,"demand_source":"category_default","id":"s_00468","in_steam":false,"in_uten":false,"name":"Common Roots Albany Outpost","region":"upstate","sources":["osm_overpass"],"steam_heated":false},"type":"Feature"},{"geometry":{"coordinates":[-73.779959,42.654244],"type":"Point"},"properties":{"cat":"hospital","demand_kwh":86814104.36549224,"demand_source":"footprint_estimate","id":"s_00469","in_steam":false,"in_uten":false,"name":"Capital District Psychiatric Center","region":"upstate","sources":["osm_overpass"],"steam_heated":false},"type":"Feature"},{"geometry":{"coordinates":[-73.792643,42.654417],"type":"Point"},"properties":{"cat":"school","demand_kwh":3252227.5093093514,"demand_source":"footprint_estimate","id":"s_00470","in_steam":false,"in_uten":false,"name":"New Scotland Elementary","region":"upstate","sources":["osm_overpass"],"steam_heated":false},"type":"Feature"},{"geometry":{"coordinates":[-73.747559,42.654626],"type":"Point"},"properties":{"cat":"hotel","demand_kwh":1610466.753476411,"demand_source":"footprint_estimate","id":"s_00471","in_steam":false,"in_uten":false,"name":"Hyatt Place Albany/Downtown","region":"upstate","sources":["osm_overpass"],"steam_heated":false},"type":"Feature"},{"geometry":{"coordinates":[-73.804579,42.655347],"type":"Point"},"properties":{"cat":"hospital","demand_kwh":162527626.3852371,"demand_source":"footprint_estimate","id":"s_00472","in_steam":false,"in_uten":false,"name":"Saint Peter's Hospital","region":"upstate","sources":["osm_overpass"],"steam_heated":false},"type":"Feature"},{"geometry":{"coordinates":[-73.814125,42.657017],"type":"Point"},"properties":{"cat":"school","demand_kwh":7006838.473623097,"demand_source":"footprint_estimate","id":"s_00473","in_steam":false,"in_uten":false,"name":"Mater Christi School","region":"upstate","sources":["osm_overpass"],"steam_heated":false},"type":"Feature"},{"geometry":{"coordinates":[-73.806637,42.657614],"type":"Point"},"properties":{"cat":"university","demand_kwh":28583665.76117277,"demand_source":"footprint_estimate","id":"s_00474","in_steam":false,"in_uten":false,"name":"Maria College","region":"upstate","sources":["osm_overpass"],"steam_heated":false},"type":"Feature"},{"geometry":{"coordinates":[-73.807636,42.658306],"type":"Point"},"properties":{"cat":"university","demand_kwh":5000000.0,"demand_source":"category_default","id":"s_00475","in_steam":false,"in_uten":false,"name":"St. Peter\u2019s Hospital College of Nursing","region":"upstate","sources":["osm_overpass"],"steam_heated":false},"type":"Feature"},{"geometry":{"coordinates":[-73.773738,42.659596],"type":"Point"},"properties":{"cat":"hotel","demand_kwh":1500000.0,"demand_source":"category_default","id":"s_00476","in_steam":false,"in_uten":false,"name":"The Argus Hotel","region":"upstate","sources":["osm_overpass"],"steam_heated":false},"type":"Feature"},{"geometry":{"coordinates":[-73.727532,42.659742],"type":"Point"},"properties":{"cat":"school","demand_kwh":9467524.358677456,"demand_source":"footprint_estimate","id":"s_00477","in_steam":false,"in_uten":false,"name":"The Doane Stuart School","region":"upstate","sources":["osm_overpass"],"steam_heated":false},"type":"Feature"},{"geometry":{"coordinates":[-73.754902,42.660608],"type":"Point"},"properties":{"cat":"greenhouse","demand_kwh":18908.047790639102,"demand_source":"footprint_estimate","id":"s_00478","in_steam":false,"in_uten":false,"name":"Unnamed greenhouse","region":"upstate","sources":["osm_overpass"],"steam_heated":false},"type":"Feature"},{"geometry":{"coordinates":[-73.772062,42.660717],"type":"Point"},"properties":{"cat":"university","demand_kwh":29059123.2703954,"demand_source":"footprint_estimate","id":"s_00479","in_steam":false,"in_uten":false,"name":"University at Albany Downtown Campus","region":"upstate","sources":["osm_overpass"],"steam_heated":false},"type":"Feature"},{"geometry":{"coordinates":[-73.757129,42.660792],"type":"Point"},"properties":{"cat":"pool","demand_kwh":500000.0,"demand_source":"category_default","id":"s_00480","in_steam":false,"in_uten":false,"name":"Arbor Hill Community Center Pool","region":"upstate","sources":["osm_overpass"],"steam_heated":false},"type":"Feature"},{"geometry":{"coordinates":[-73.75713,42.661121],"type":"Point"},"properties":{"cat":"school","demand_kwh":2797071.7229032516,"demand_source":"footprint_estimate","id":"s_00481","in_steam":false,"in_uten":false,"name":"Edmund J. O'Neal Middle School of Excellence","region":"upstate","sources":["osm_overpass"],"steam_heated":false},"type":"Feature"},{"geometry":{"coordinates":[-73.766889,42.661626],"type":"Point"},"properties":{"cat":"school","demand_kwh":2008710.4180910066,"demand_source":"footprint_estimate","id":"s_00482","in_steam":false,"in_uten":false,"name":"Sheridan Preparatory Academy","region":"upstate","sources":["osm_overpass"],"steam_heated":false},"type":"Feature"},{"geometry":{"coordinates":[-73.743631,42.661778],"type":"Point"},"properties":{"cat":"brewery","demand_kwh":600000.0,"demand_source":"category_default","id":"s_00483","in_steam":false,"in_uten":false,"name":"Nine Pin Cider Works","region":"upstate","sources":["osm_overpass"],"steam_heated":false},"type":"Feature"},{"geometry":{"coordinates":[-73.750246,42.662224],"type":"Point"},"properties":{"cat":"school","demand_kwh":13576537.154675424,"demand_source":"footprint_estimate","id":"s_00484","in_steam":false,"in_uten":false,"name":"Arbor Hill Elementary School","region":"upstate","sources":["osm_overpass"],"steam_heated":false},"type":"Feature"},{"geometry":{"coordinates":[-73.76917,42.664174],"type":"Point"},"properties":{"cat":"school","demand_kwh":2279327.546927333,"demand_source":"footprint_estimate","id":"s_00485","in_steam":false,"in_uten":false,"name":"Tony Clement Center for Education","region":"upstate","sources":["osm_overpass"],"steam_heated":false},"type":"Feature"},{"geometry":{"coordinates":[-73.785725,42.664188],"type":"Point"},"properties":{"cat":"pool","demand_kwh":500000.0,"demand_source":"category_default","id":"s_00486","in_steam":false,"in_uten":false,"name":"Events & Athletics Center Pool","region":"upstate","sources":["osm_overpass"],"steam_heated":false},"type":"Feature"},{"geometry":{"coordinates":[-73.783415,42.664479],"type":"Point"},"properties":{"cat":"school","demand_kwh":8901980.88106133,"demand_source":"footprint_estimate","id":"s_00487","in_steam":false,"in_uten":false,"name":"LaSalle School","region":"upstate","sources":["osm_overpass"],"steam_heated":false},"type":"Feature"},{"geometry":{"coordinates":[-73.810755,42.665468],"type":"Point"},"properties":{"cat":"wwtp","demand_kwh":1661.1273810267448,"demand_source":"footprint_estimate","id":"s_00488","in_steam":false,"in_uten":false,"name":"Unnamed wwtp","region":"upstate","sources":["osm_overpass"],"steam_heated":false},"type":"Feature"},{"geometry":{"coordinates":[-73.74143,42.665895],"type":"Point"},"properties":{"cat":"brewery","demand_kwh":678471.948846057,"demand_source":"footprint_estimate","id":"s_00489","in_steam":false,"in_uten":false,"name":"Druthers","region":"upstate","sources":["osm_overpass"],"steam_heated":false},"type":"Feature"},{"geometry":{"coordinates":[-73.782815,42.666262],"type":"Point"},"properties":{"cat":"school","demand_kwh":40257701.271325685,"demand_source":"footprint_estimate","id":"s_00490","in_steam":false,"in_uten":false,"name":"Albany High School","region":"upstate","sources":["osm_overpass"],"steam_heated":false},"type":"Feature"},{"geometry":{"coordinates":[-73.7433,42.667125],"type":"Point"},"properties":{"cat":"brewery","demand_kwh":566911.3169193268,"demand_source":"footprint_estimate","id":"s_00491","in_steam":false,"in_uten":false,"name":"Fort Orange Brewing","region":"upstate","sources":["osm_overpass"],"steam_heated":false},"type":"Feature"},{"geometry":{"coordinates":[-73.790516,42.667286],"type":"Point"},"properties":{"cat":"school","demand_kwh":2258470.148719847,"demand_source":"footprint_estimate","id":"s_00492","in_steam":false,"in_uten":false,"name":"Pine Hills Elementary School","region":"upstate","sources":["osm_overpass"],"steam_heated":false},"type":"Feature"},{"geometry":{"coordinates":[-73.755667,42.668008],"type":"Point"},"properties":{"cat":"school","demand_kwh":4800831.7000977695,"demand_source":"footprint_estimate","id":"s_00493","in_steam":false,"in_uten":false,"name":"KIPP Capital High School","region":"upstate","sources":["osm_overpass"],"steam_heated":false},"type":"Feature"},{"geometry":{"coordinates":[-73.75515,42.6689],"type":"Point"},"properties":{"cat":"school","demand_kwh":3789053.2516121864,"demand_source":"footprint_estimate","id":"s_00494","in_steam":false,"in_uten":false,"name":"KIPP Tech Valley Primary School","region":"upstate","sources":["osm_overpass"],"steam_heated":false},"type":"Feature"},{"geometry":{"coordinates":[-73.756142,42.669814],"type":"Point"},"properties":{"cat":"school","demand_kwh":4179544.280352518,"demand_source":"footprint_estimate","id":"s_00495","in_steam":false,"in_uten":false,"name":"KIPP Tech Valley Middle School","region":"upstate","sources":["osm_overpass"],"steam_heated":false},"type":"Feature"},{"geometry":{"coordinates":[-73.773911,42.670658],"type":"Point"},"properties":{"cat":"pool","demand_kwh":17509.20367538929,"demand_source":"footprint_estimate","id":"s_00496","in_steam":false,"in_uten":false,"name":"Unnamed pool","region":"upstate","sources":["osm_overpass"],"steam_heated":false},"type":"Feature"},{"geometry":{"coordinates":[-73.782928,42.67091],"type":"Point"},"properties":{"cat":"greenhouse","demand_kwh":25373.5794918146,"demand_source":"footprint_estimate","id":"s_00497","in_steam":false,"in_uten":false,"name":"Unnamed greenhouse","region":"upstate","sources":["osm_overpass"],"steam_heated":false},"type":"Feature"},{"geometry":{"coordinates":[-73.805735,42.67182],"type":"Point"},"properties":{"cat":"school","demand_kwh":4058208.7008167584,"demand_source":"footprint_estimate","id":"s_00498","in_steam":false,"in_uten":false,"name":"All Saints Catholic Academy","region":"upstate","sources":["osm_overpass"],"steam_heated":false},"type":"Feature"},{"geometry":{"coordinates":[-73.808304,42.673134],"type":"Point"},"properties":{"cat":"office","demand_kwh":4335085.656314492,"demand_source":"footprint_estimate","id":"s_00499","in_steam":false,"in_uten":false,"name":"NYS Department of Education Records Center","region":"upstate","sources":["osm_overpass"],"steam_heated":false},"type":"Feature"},{"geometry":{"coordinates":[-73.740449,42.673329],"type":"Point"},"properties":{"cat":"school","demand_kwh":4749339.497779794,"demand_source":"footprint_estimate","id":"s_00500","in_steam":false,"in_uten":false,"name":"North Albany Middle School","region":"upstate","sources":["osm_overpass"],"steam_heated":false},"type":"Feature"},{"geometry":{"coordinates":[-73.736018,42.673573],"type":"Point"},"properties":{"cat":"office","demand_kwh":6113166.722204201,"demand_source":"footprint_estimate","id":"s_00501","in_steam":false,"in_uten":false,"name":"Albany Medical Center Administrative Satelite Office","region":"upstate","sources":["osm_overpass"],"steam_heated":false},"type":"Feature"},{"geometry":{"coordinates":[-73.748367,42.673714],"type":"Point"},"properties":{"cat":"hospital","demand_kwh":50449952.22118596,"demand_source":"footprint_estimate","id":"s_00502","in_steam":false,"in_uten":false,"name":"Samaritan Hospital Albany Memorial Campus","region":"upstate","sources":["osm_overpass"],"steam_heated":false},"type":"Feature"},{"geometry":{"coordinates":[-73.736639,42.674904],"type":"Point"},"properties":{"cat":"brewery","demand_kwh":600000.0,"demand_source":"category_default","id":"s_00503","in_steam":false,"in_uten":false,"name":"Perfect World Brewing","region":"upstate","sources":["osm_overpass"],"steam_heated":false},"type":"Feature"},{"geometry":{"coordinates":[-73.735268,42.675497],"type":"Point"},"properties":{"cat":"office","demand_kwh":2745220.4047966003,"demand_source":"footprint_estimate","id":"s_00504","in_steam":false,"in_uten":false,"name":"Albany Foam and Supply","region":"upstate","sources":["osm_overpass"],"steam_heated":false},"type":"Feature"},{"geometry":{"coordinates":[-73.729291,42.676149],"type":"Point"},"properties":{"cat":"wwtp","demand_kwh":9424681.129771471,"demand_source":"footprint_estimate","id":"s_00505","in_steam":false,"in_uten":false,"name":"Albany County Water Purification District North Plant","region":"upstate","sources":["osm_overpass"],"steam_heated":false},"type":"Feature"},{"geometry":{"coordinates":[-73.780318,42.677418],"type":"Point"},"properties":{"cat":"school","demand_kwh":4134455.344465971,"demand_source":"footprint_estimate","id":"s_00506","in_steam":false,"in_uten":false,"name":"Harriet Gibbons High School","region":"upstate","sources":["osm_overpass"],"steam_heated":false},"type":"Feature"},{"geometry":{"coordinates":[-73.782393,42.679939],"type":"Point"},"properties":{"cat":"office","demand_kwh":2607759.989947155,"demand_source":"footprint_estimate","id":"s_00507","in_steam":false,"in_uten":false,"name":"Spectrum News","region":"upstate","sources":["osm_overpass"],"steam_heated":false},"type":"Feature"},{"geometry":{"coordinates":[-73.788769,42.68057],"type":"Point"},"properties":{"cat":"university","demand_kwh":5000000.0,"demand_source":"category_default","id":"s_00508","in_steam":false,"in_uten":false,"name":"Mildred Elley - Albany Campus","region":"upstate","sources":["osm_overpass"],"steam_heated":false},"type":"Feature"},{"geometry":{"coordinates":[-73.783299,42.680765],"type":"Point"},"properties":{"cat":"pool","demand_kwh":26572.043692698935,"demand_source":"footprint_estimate","id":"s_00509","in_steam":false,"in_uten":false,"name":"Unnamed pool","region":"upstate","sources":["osm_overpass"],"steam_heated":false},"type":"Feature"},{"geometry":{"coordinates":[-73.741231,42.682444],"type":"Point"},"properties":{"cat":"greenhouse","demand_kwh":8365.628462471068,"demand_source":"footprint_estimate","id":"s_00510","in_steam":false,"in_uten":false,"name":"Unnamed greenhouse","region":"upstate","sources":["osm_overpass"],"steam_heated":false},"type":"Feature"},{"geometry":{"coordinates":[-73.713036,42.682968],"type":"Point"},"properties":{"cat":"wwtp","demand_kwh":8306298.389344662,"demand_source":"footprint_estimate","id":"s_00511","in_steam":false,"in_uten":false,"name":"Rensselaer County Wastewater Treatment Plant Sewer District One","region":"upstate","sources":["osm_overpass"],"steam_heated":false},"type":"Feature"},{"geometry":{"coordinates":[-73.732145,42.687324],"type":"Point"},"properties":{"cat":"school","demand_kwh":18507314.18069953,"demand_source":"footprint_estimate","id":"s_00512","in_steam":false,"in_uten":false,"name":"Menands School","region":"upstate","sources":["osm_overpass"],"steam_heated":false},"type":"Feature"},{"geometry":{"coordinates":[-73.815825,42.688448],"type":"Point"},"properties":{"cat":"hotel","demand_kwh":2059708.5470042378,"demand_source":"footprint_estimate","id":"s_00513","in_steam":false,"in_uten":false,"name":"Hilton Garden Inn Albany / SUNY Area","region":"upstate","sources":["osm_overpass"],"steam_heated":false},"type":"Feature"},{"geometry":{"coordinates":[-73.775636,42.690252],"type":"Point"},"properties":{"cat":"greenhouse","demand_kwh":165443.14916022122,"demand_source":"footprint_estimate","id":"s_00514","in_steam":false,"in_uten":false,"name":"Unnamed greenhouse","region":"upstate","sources":["osm_overpass"],"steam_heated":false},"type":"Feature"},{"geometry":{"coordinates":[-73.820535,42.690431],"type":"Point"},"properties":{"cat":"hotel","demand_kwh":847734.6940282825,"demand_source":"footprint_estimate","id":"s_00515","in_steam":false,"in_uten":false,"name":"Courtyard Albany Thruway","region":"upstate","sources":["osm_overpass"],"steam_heated":false},"type":"Feature"},{"geometry":{"coordinates":[-73.776108,42.690631],"type":"Point"},"properties":{"cat":"greenhouse","demand_kwh":824604.8684645444,"demand_source":"footprint_estimate","id":"s_00516","in_steam":false,"in_uten":false,"name":"Unnamed greenhouse","region":"upstate","sources":["osm_overpass"],"steam_heated":false},"type":"Feature"},{"geometry":{"coordinates":[-73.776679,42.690906],"type":"Point"},"properties":{"cat":"greenhouse","demand_kwh":308102.2327877581,"demand_source":"footprint_estimate","id":"s_00517","in_steam":false,"in_uten":false,"name":"Unnamed greenhouse","region":"upstate","sources":["osm_overpass"],"steam_heated":false},"type":"Feature"},{"geometry":{"coordinates":[-73.833919,42.691548],"type":"Point"},"properties":{"cat":"university","demand_kwh":118812393.09531134,"demand_source":"footprint_estimate","id":"s_00518","in_steam":false,"in_uten":false,"name":"Colleges of Nanoscale Science and Engineering at the University at Albany","region":"upstate","sources":["osm_overpass"],"steam_heated":false},"type":"Feature"},{"geometry":{"coordinates":[-73.809547,42.698371],"type":"Point"},"properties":{"cat":"university","demand_kwh":7919363.166573644,"demand_source":"footprint_estimate","id":"s_00519","in_steam":false,"in_uten":false,"name":"Bryant & Stratton College - Albany Campus","region":"upstate","sources":["osm_overpass"],"steam_heated":false},"type":"Feature"},{"geometry":{"coordinates":[-73.827964,42.702857],"type":"Point"},"properties":{"cat":"office","demand_kwh":7258676.512929797,"demand_source":"footprint_estimate","id":"s_00520","in_steam":false,"in_uten":false,"name":"Coca-Cola","region":"upstate","sources":["osm_overpass"],"steam_heated":false},"type":"Feature"},{"geometry":{"coordinates":[-73.814053,42.703086],"type":"Point"},"properties":{"cat":"greenhouse","demand_kwh":93390.6448572874,"demand_source":"footprint_estimate","id":"s_00521","in_steam":false,"in_uten":false,"name":"Unnamed greenhouse","region":"upstate","sources":["osm_overpass"],"steam_heated":false},"type":"Feature"},{"geometry":{"coordinates":[-73.815326,42.703946],"type":"Point"},"properties":{"cat":"hotel","demand_kwh":1180281.7717571184,"demand_source":"footprint_estimate","id":"s_00522","in_steam":false,"in_uten":false,"name":"SpringHill Suites Albany-Colonie","region":"upstate","sources":["osm_overpass"],"steam_heated":false},"type":"Feature"},{"geometry":{"coordinates":[-73.798054,42.704516],"type":"Point"},"properties":{"cat":"greenhouse","demand_kwh":78098.25555309653,"demand_source":"footprint_estimate","id":"s_00523","in_steam":false,"in_uten":false,"name":"Unnamed greenhouse","region":"upstate","sources":["osm_overpass"],"steam_heated":false},"type":"Feature"},{"geometry":{"coordinates":[-73.808886,42.705081],"type":"Point"},"properties":{"cat":"school","demand_kwh":12882969.946046099,"demand_source":"footprint_estimate","id":"s_00524","in_steam":false,"in_uten":false,"name":"Our Savior's Christian School","region":"upstate","sources":["osm_overpass"],"steam_heated":false},"type":"Feature"},{"geometry":{"coordinates":[-73.813278,42.705127],"type":"Point"},"properties":{"cat":"school","demand_kwh":18102054.86511737,"demand_source":"footprint_estimate","id":"s_00525","in_steam":false,"in_uten":false,"name":"Roessleville School","region":"upstate","sources":["osm_overpass"],"steam_heated":false},"type":"Feature"},{"geometry":{"coordinates":[-73.863032,42.705343],"type":"Point"},"properties":{"cat":"university","demand_kwh":5000000.0,"demand_source":"category_default","id":"s_00526","in_steam":false,"in_uten":false,"name":"Excelsior College","region":"upstate","sources":["osm_overpass"],"steam_heated":false},"type":"Feature"},{"geometry":{"coordinates":[-73.799879,42.706345],"type":"Point"},"properties":{"cat":"greenhouse","demand_kwh":19724.43892825395,"demand_source":"footprint_estimate","id":"s_00527","in_steam":false,"in_uten":false,"name":"Unnamed greenhouse","region":"upstate","sources":["osm_overpass"],"steam_heated":false},"type":"Feature"},{"geometry":{"coordinates":[-73.757082,42.706412],"type":"Point"},"properties":{"cat":"school","demand_kwh":9272327.230973504,"demand_source":"footprint_estimate","id":"s_00528","in_steam":false,"in_uten":false,"name":"Loudonville School","region":"upstate","sources":["osm_overpass"],"steam_heated":false},"type":"Feature"},{"geometry":{"coordinates":[-73.751206,42.70667],"type":"Point"},"properties":{"cat":"greenhouse","demand_kwh":72103.96586544812,"demand_source":"footprint_estimate","id":"s_00529","in_steam":false,"in_uten":false,"name":"Unnamed greenhouse","region":"upstate","sources":["osm_overpass"],"steam_heated":false},"type":"Feature"},{"geometry":{"coordinates":[-73.798622,42.707488],"type":"Point"},"properties":{"cat":"school","demand_kwh":40480277.150822856,"demand_source":"footprint_estimate","id":"s_00530","in_steam":false,"in_uten":false,"name":"Sand Creek Middle School","region":"upstate","sources":["osm_overpass"],"steam_heated":false},"type":"Feature"},{"geometry":{"coordinates":[-73.809107,42.708387],"type":"Point"},"properties":{"cat":"school","demand_kwh":66149084.15806487,"demand_source":"footprint_estimate","id":"s_00531","in_steam":false,"in_uten":false,"name":"Colonie Central High School","region":"upstate","sources":["osm_overpass"],"steam_heated":false},"type":"Feature"},{"geometry":{"coordinates":[-73.783408,42.709089],"type":"Point"},"properties":{"cat":"school","demand_kwh":19885418.365459554,"demand_source":"footprint_estimate","id":"s_00532","in_steam":false,"in_uten":false,"name":"Shaker Road Elementary School","region":"upstate","sources":["osm_overpass"],"steam_heated":false},"type":"Feature"},{"geometry":{"coordinates":[-73.821373,42.710471],"type":"Point"},"properties":{"cat":"hotel","demand_kwh":1097899.0225949138,"demand_source":"footprint_estimate","id":"s_00533","in_steam":false,"in_uten":false,"name":"Holiday Inn Express & Suites Albany Airport","region":"upstate","sources":["osm_overpass"],"steam_heated":false},"type":"Feature"},{"geometry":{"coordinates":[-73.811497,42.713028],"type":"Point"},"properties":{"cat":"hotel","demand_kwh":2126464.6642865147,"demand_source":"footprint_estimate","id":"s_00534","in_steam":false,"in_uten":false,"name":"Staybridge Suites Albany Wolf Rd-Colonie Center","region":"upstate","sources":["osm_overpass"],"steam_heated":false},"type":"Feature"},{"geometry":{"coordinates":[-73.818244,42.713369],"type":"Point"},"properties":{"cat":"hotel","demand_kwh":3140006.5492093563,"demand_source":"footprint_estimate","id":"s_00535","in_steam":false,"in_uten":false,"name":"Travelodge Inn and Suites Albany","region":"upstate","sources":["osm_overpass"],"steam_heated":false},"type":"Feature"},{"geometry":{"coordinates":[-73.786348,42.716118],"type":"Point"},"properties":{"cat":"pool","demand_kwh":26351.65168629028,"demand_source":"footprint_estimate","id":"s_00536","in_steam":false,"in_uten":false,"name":"Unnamed pool","region":"upstate","sources":["osm_overpass"],"steam_heated":false},"type":"Feature"},{"geometry":{"coordinates":[-73.787301,42.716671],"type":"Point"},"properties":{"cat":"greenhouse","demand_kwh":246068.3288834989,"demand_source":"footprint_estimate","id":"s_00537","in_steam":false,"in_uten":false,"name":"Unnamed greenhouse","region":"upstate","sources":["osm_overpass"],"steam_heated":false},"type":"Feature"},{"geometry":{"coordinates":[-73.83487,42.717749],"type":"Point"},"properties":{"cat":"hotel","demand_kwh":18397759.750825167,"demand_source":"footprint_estimate","id":"s_00538","in_steam":false,"in_uten":false,"name":"Days Inn","region":"upstate","sources":["osm_overpass"],"steam_heated":false},"type":"Feature"},{"geometry":{"coordinates":[-73.803028,42.717796],"type":"Point"},"properties":{"cat":"pool","demand_kwh":189070.58168649673,"demand_source":"footprint_estimate","id":"s_00539","in_steam":false,"in_uten":false,"name":"Goldfish Swim School","region":"upstate","sources":["osm_overpass"],"steam_heated":false},"type":"Feature"},{"geometry":{"coordinates":[-73.835653,42.718312],"type":"Point"},"properties":{"cat":"hotel","demand_kwh":7202092.61983037,"demand_source":"footprint_estimate","id":"s_00540","in_steam":false,"in_uten":false,"name":"Howard Johnson by Wyndham Albany","region":"upstate","sources":["osm_overpass"],"steam_heated":false},"type":"Feature"},{"geometry":{"coordinates":[-73.799717,42.718709],"type":"Point"},"properties":{"cat":"hotel","demand_kwh":955225.1634719968,"demand_source":"footprint_estimate","id":"s_00541","in_steam":false,"in_uten":false,"name":"Home2 Suites by Hilton","region":"upstate","sources":["osm_overpass"],"steam_heated":false},"type":"Feature"},{"geometry":{"coordinates":[-73.748931,42.718739],"type":"Point"},"properties":{"cat":"pool","demand_kwh":500000.0,"demand_source":"category_default","id":"s_00542","in_steam":false,"in_uten":false,"name":"Siena Swim Center","region":"upstate","sources":["osm_overpass"],"steam_heated":false},"type":"Feature"},{"geometry":{"coordinates":[-73.750045,42.718999],"type":"Point"},"properties":{"cat":"university","demand_kwh":382316195.21782017,"demand_source":"footprint_estimate","id":"s_00543","in_steam":false,"in_uten":false,"name":"Siena University","region":"upstate","sources":["osm_overpass"],"steam_heated":false},"type":"Feature"},{"geometry":{"coordinates":[-73.837007,42.719276],"type":"Point"},"properties":{"cat":"hotel","demand_kwh":814923.1599226221,"demand_source":"footprint_estimate","id":"s_00544","in_steam":false,"in_uten":false,"name":"Quality Inn Central","region":"upstate","sources":["osm_overpass"],"steam_heated":false},"type":"Feature"},{"geometry":{"coordinates":[-73.795976,42.719985],"type":"Point"},"properties":{"cat":"office","demand_kwh":2665228.840981722,"demand_source":"footprint_estimate","id":"s_00545","in_steam":false,"in_uten":false,"name":"Broadview Federal Credit Union","region":"upstate","sources":["osm_overpass"],"steam_heated":false},"type":"Feature"},{"geometry":{"coordinates":[-73.768655,42.720438],"type":"Point"},"properties":{"cat":"school","demand_kwh":20792731.226605922,"demand_source":"footprint_estimate","id":"s_00546","in_steam":false,"in_uten":false,"name":"Saint Gregory School For Boys","region":"upstate","sources":["osm_overpass"],"steam_heated":false},"type":"Feature"},{"geometry":{"coordinates":[-73.823188,42.720568],"type":"Point"},"properties":{"cat":"school","demand_kwh":15885615.4438743,"demand_source":"footprint_estimate","id":"s_00547","in_steam":false,"in_uten":false,"name":"Forest Park Elementary School","region":"upstate","sources":["osm_overpass"],"steam_heated":false},"type":"Feature"},{"geometry":{"coordinates":[-73.775513,42.720679],"type":"Point"},"properties":{"cat":"school","demand_kwh":18296088.398347646,"demand_source":"footprint_estimate","id":"s_00548","in_steam":false,"in_uten":false,"name":"Southgate Elementary School","region":"upstate","sources":["osm_overpass"],"steam_heated":false},"type":"Feature"},{"geometry":{"coordinates":[-73.799586,42.72092],"type":"Point"},"properties":{"cat":"hotel","demand_kwh":14655849.34737347,"demand_source":"footprint_estimate","id":"s_00549","in_steam":false,"in_uten":false,"name":"Marriott Albany","region":"upstate","sources":["osm_overpass"],"steam_heated":false},"type":"Feature"},{"geometry":{"coordinates":[-73.80403,42.722153],"type":"Point"},"properties":{"cat":"hotel","demand_kwh":2880295.1542999595,"demand_source":"footprint_estimate","id":"s_00550","in_steam":false,"in_uten":false,"name":"Fairfield Inn & Suites Albany Airport","region":"upstate","sources":["osm_overpass"],"steam_heated":false},"type":"Feature"},{"geometry":{"coordinates":[-73.703261,42.722183],"type":"Point"},"properties":{"cat":"pool","demand_kwh":59096.46736681461,"demand_source":"footprint_estimate","id":"s_00551","in_steam":false,"in_uten":false,"name":"Unnamed pool","region":"upstate","sources":["osm_overpass"],"steam_heated":false},"type":"Feature"},{"geometry":{"coordinates":[-73.758092,42.722714],"type":"Point"},"properties":{"cat":"greenhouse","demand_kwh":39201.04533433914,"demand_source":"footprint_estimate","id":"s_00552","in_steam":false,"in_uten":false,"name":"Unnamed greenhouse","region":"upstate","sources":["osm_overpass"],"steam_heated":false},"type":"Feature"},{"geometry":{"coordinates":[-73.797174,42.723218],"type":"Point"},"properties":{"cat":"hotel","demand_kwh":21735462.331165094,"demand_source":"footprint_estimate","id":"s_00553","in_steam":false,"in_uten":false,"name":"Radisson Hotel Albany","region":"upstate","sources":["osm_overpass"],"steam_heated":false},"type":"Feature"},{"geometry":{"coordinates":[-73.801792,42.72377],"type":"Point"},"properties":{"cat":"hotel","demand_kwh":2745189.6472916007,"demand_source":"footprint_estimate","id":"s_00554","in_steam":false,"in_uten":false,"name":"Red Roof Inn Albany Airport","region":"upstate","sources":["osm_overpass"],"steam_heated":false},"type":"Feature"},{"geometry":{"coordinates":[-73.79547,42.724709],"type":"Point"},"properties":{"cat":"hotel","demand_kwh":1220836.5417782217,"demand_source":"footprint_estimate","id":"s_00555","in_steam":false,"in_uten":false,"name":"Hampton Inn Albany-Wolf Road (Airport)","region":"upstate","sources":["osm_overpass"],"steam_heated":false},"type":"Feature"},{"geometry":{"coordinates":[-73.800121,42.724974],"type":"Point"},"properties":{"cat":"hotel","demand_kwh":9816970.106135309,"demand_source":"footprint_estimate","id":"s_00556","in_steam":false,"in_uten":false,"name":"Best Western Albany Airport Inn","region":"upstate","sources":["osm_overpass"],"steam_heated":false},"type":"Feature"},{"geometry":{"coordinates":[-73.794836,42.725248],"type":"Point"},"properties":{"cat":"hotel","demand_kwh":1500000.0,"demand_source":"category_default","id":"s_00557","in_steam":false,"in_uten":false,"name":"Residence Inn Albany Airport","region":"upstate","sources":["osm_overpass"],"steam_heated":false},"type":"Feature"},{"geometry":{"coordinates":[-73.795227,42.725626],"type":"Point"},"properties":{"cat":"hotel","demand_kwh":1500000.0,"demand_source":"category_default","id":"s_00558","in_steam":false,"in_uten":false,"name":"Courtyard Albany Airport","region":"upstate","sources":["osm_overpass"],"steam_heated":false},"type":"Feature"},{"geometry":{"coordinates":[-73.70163,42.727136],"type":"Point"},"properties":{"cat":"pool","demand_kwh":279464.7214859724,"demand_source":"footprint_estimate","id":"s_00559","in_steam":false,"in_uten":false,"name":"Veterans Memorial Swimming Pool","region":"upstate","sources":["osm_overpass"],"steam_heated":false},"type":"Feature"},{"geometry":{"coordinates":[-73.856835,42.727186],"type":"Point"},"properties":{"cat":"office","demand_kwh":5451739.540770203,"demand_source":"footprint_estimate","id":"s_00560","in_steam":false,"in_uten":false,"name":"Charter Communications (Spectrum)","region":"upstate","sources":["osm_overpass"],"steam_heated":false},"type":"Feature"},{"geometry":{"coordinates":[-73.848377,42.727382],"type":"Point"},"properties":{"cat":"office","demand_kwh":22011317.493112385,"demand_source":"footprint_estimate","id":"s_00561","in_steam":false,"in_uten":false,"name":"USPS Albany Processing and Distribution Center","region":"upstate","sources":["osm_overpass"],"steam_heated":false},"type":"Feature"},{"geometry":{"coordinates":[-73.793111,42.727835],"type":"Point"},"properties":{"cat":"office","demand_kwh":6168902.028361112,"demand_source":"footprint_estimate","id":"s_00562","in_steam":false,"in_uten":false,"name":"Times-Union","region":"upstate","sources":["osm_overpass"],"steam_heated":false},"type":"Feature"},{"geometry":{"coordinates":[-73.857794,42.72806],"type":"Point"},"properties":{"cat":"brewery","demand_kwh":244154.9042135477,"demand_source":"footprint_estimate","id":"s_00563","in_steam":false,"in_uten":false,"name":"Broken Loop Brewing","region":"upstate","sources":["osm_overpass"],"steam_heated":false},"type":"Feature"},{"geometry":{"coordinates":[-73.798901,42.728161],"type":"Point"},"properties":{"cat":"hotel","demand_kwh":8041650.10570094,"demand_source":"footprint_estimate","id":"s_00564","in_steam":false,"in_uten":false,"name":"The Desmond Hotel Albany","region":"upstate","sources":["osm_overpass"],"steam_heated":false},"type":"Feature"},{"geometry":{"coordinates":[-73.796283,42.729591],"type":"Point"},"properties":{"cat":"hotel","demand_kwh":1742498.636224866,"demand_source":"footprint_estimate","id":"s_00565","in_steam":false,"in_uten":false,"name":"Hotel Trilogy Albany Airport, Tapestry Collection by Hilton","region":"upstate","sources":["osm_overpass"],"steam_heated":false},"type":"Feature"},{"geometry":{"coordinates":[-73.715234,42.730727],"type":"Point"},"properties":{"cat":"school","demand_kwh":26095706.95552074,"demand_source":"footprint_estimate","id":"s_00566","in_steam":false,"in_uten":false,"name":"Watervliet Junior-Senior High School","region":"upstate","sources":["osm_overpass"],"steam_heated":false},"type":"Feature"},{"geometry":{"coordinates":[-73.83832,42.731919],"type":"Point"},"properties":{"cat":"school","demand_kwh":21287943.176165074,"demand_source":"footprint_estimate","id":"s_00567","in_steam":false,"in_uten":false,"name":"Saddlewood Elementary School","region":"upstate","sources":["osm_overpass"],"steam_heated":false},"type":"Feature"},{"geometry":{"coordinates":[-73.819415,42.731954],"type":"Point"},"properties":{"cat":"school","demand_kwh":75890886.26747824,"demand_source":"footprint_estimate","id":"s_00568","in_steam":false,"in_uten":false,"name":"Christian Brothers Academy","region":"upstate","sources":["osm_overpass"],"steam_heated":false},"type":"Feature"},{"geometry":{"coordinates":[-73.757202,42.735808],"type":"Point"},"properties":{"cat":"pool","demand_kwh":19438.359649537597,"demand_source":"footprint_estimate","id":"s_00569","in_steam":false,"in_uten":false,"name":"Unnamed pool","region":"upstate","sources":["osm_overpass"],"steam_heated":false},"type":"Feature"},{"geometry":{"coordinates":[-73.751174,42.736117],"type":"Point"},"properties":{"cat":"school","demand_kwh":3826759.985313413,"demand_source":"footprint_estimate","id":"s_00570","in_steam":false,"in_uten":false,"name":"Shaker Junior High School","region":"upstate","sources":["osm_overpass"],"steam_heated":false},"type":"Feature"},{"geometry":{"coordinates":[-73.777614,42.736152],"type":"Point"},"properties":{"cat":"greenhouse","demand_kwh":46029.376996913925,"demand_source":"footprint_estimate","id":"s_00571","in_steam":false,"in_uten":false,"name":"Unnamed greenhouse","region":"upstate","sources":["osm_overpass"],"steam_heated":false},"type":"Feature"},{"geometry":{"coordinates":[-73.749032,42.73619],"type":"Point"},"properties":{"cat":"school","demand_kwh":139514953.23236403,"demand_source":"footprint_estimate","id":"s_00572","in_steam":false,"in_uten":false,"name":"Unnamed school","region":"upstate","sources":["osm_overpass"],"steam_heated":false},"type":"Feature"},{"geometry":{"coordinates":[-73.771545,42.736291],"type":"Point"},"properties":{"cat":"greenhouse","demand_kwh":246692.54215043038,"demand_source":"footprint_estimate","id":"s_00573","in_steam":false,"in_uten":false,"name":"Unnamed greenhouse","region":"upstate","sources":["osm_overpass"],"steam_heated":false},"type":"Feature"},{"geometry":{"coordinates":[-73.75766,42.736319],"type":"Point"},"properties":{"cat":"pool","demand_kwh":21574.420946091413,"demand_source":"footprint_estimate","id":"s_00574","in_steam":false,"in_uten":false,"name":"Unnamed pool","region":"upstate","sources":["osm_overpass"],"steam_heated":false},"type":"Feature"},{"geometry":{"coordinates":[-73.772308,42.736527],"type":"Point"},"properties":{"cat":"greenhouse","demand_kwh":222730.33673735335,"demand_source":"footprint_estimate","id":"s_00575","in_steam":false,"in_uten":false,"name":"Unnamed greenhouse","region":"upstate","sources":["osm_overpass"],"steam_heated":false},"type":"Feature"},{"geometry":{"coordinates":[-73.710998,42.736953],"type":"Point"},"properties":{"cat":"school","demand_kwh":9669678.801224325,"demand_source":"footprint_estimate","id":"s_00576","in_steam":false,"in_uten":false,"name":"Watervliet Elementary School","region":"upstate","sources":["osm_overpass"],"steam_heated":false},"type":"Feature"},{"geometry":{"coordinates":[-73.742544,42.738933],"type":"Point"},"properties":{"cat":"greenhouse","demand_kwh":9115.49460249953,"demand_source":"footprint_estimate","id":"s_00577","in_steam":false,"in_uten":false,"name":"Unnamed greenhouse","region":"upstate","sources":["osm_overpass"],"steam_heated":false},"type":"Feature"},{"geometry":{"coordinates":[-73.742174,42.740758],"type":"Point"},"properties":{"cat":"greenhouse","demand_kwh":19826.03565743193,"demand_source":"footprint_estimate","id":"s_00578","in_steam":false,"in_uten":false,"name":"Unnamed greenhouse","region":"upstate","sources":["osm_overpass"],"steam_heated":false},"type":"Feature"},{"geometry":{"coordinates":[-73.701859,42.743147],"type":"Point"},"properties":{"cat":"school","demand_kwh":6217122.587232739,"demand_source":"footprint_estimate","id":"s_00579","in_steam":false,"in_uten":false,"name":"Maplewood School","region":"upstate","sources":["osm_overpass"],"steam_heated":false},"type":"Feature"},{"geometry":{"coordinates":[-73.860799,42.743401],"type":"Point"},"properties":{"cat":"school","demand_kwh":10146827.315497398,"demand_source":"footprint_estimate","id":"s_00580","in_steam":false,"in_uten":false,"name":"Maywood School","region":"upstate","sources":["osm_overpass"],"steam_heated":false},"type":"Feature"},{"geometry":{"coordinates":[-73.699715,42.744536],"type":"Point"},"properties":{"cat":"greenhouse","demand_kwh":41640.57076823665,"demand_source":"footprint_estimate","id":"s_00581","in_steam":false,"in_uten":false,"name":"Unnamed greenhouse","region":"upstate","sources":["osm_overpass"],"steam_heated":false},"type":"Feature"},{"geometry":{"coordinates":[-73.819224,42.745226],"type":"Point"},"properties":{"cat":"hotel","demand_kwh":2897730.54106459,"demand_source":"footprint_estimate","id":"s_00582","in_steam":false,"in_uten":false,"name":"Tru by Hilton Albany Airport","region":"upstate","sources":["osm_overpass"],"steam_heated":false},"type":"Feature"},{"geometry":{"coordinates":[-73.818798,42.74642],"type":"Point"},"properties":{"cat":"hotel","demand_kwh":2948520.3588623554,"demand_source":"footprint_estimate","id":"s_00583","in_steam":false,"in_uten":false,"name":"Hilton Garden Inn Albany Airport","region":"upstate","sources":["osm_overpass"],"steam_heated":false},"type":"Feature"},{"geometry":{"coordinates":[-73.704157,42.747939],"type":"Point"},"properties":{"cat":"office","demand_kwh":6329164.6997746825,"demand_source":"footprint_estimate","id":"s_00584","in_steam":false,"in_uten":false,"name":"Comfortex","region":"upstate","sources":["osm_overpass"],"steam_heated":false},"type":"Feature"},{"geometry":{"coordinates":[-73.85771,42.74872],"type":"Point"},"properties":{"cat":"school","demand_kwh":28799431.771425493,"demand_source":"footprint_estimate","id":"s_00585","in_steam":false,"in_uten":false,"name":"Lisha Kill Middle School","region":"upstate","sources":["osm_overpass"],"steam_heated":false},"type":"Feature"},{"geometry":{"coordinates":[-73.7591,42.750806],"type":"Point"},"properties":{"cat":"hotel","demand_kwh":2584521.968779899,"demand_source":"footprint_estimate","id":"s_00586","in_steam":false,"in_uten":false,"name":"La Quinta Inn & Suites Latham Albany Airport","region":"upstate","sources":["osm_overpass"],"steam_heated":false},"type":"Feature"},{"geometry":{"coordinates":[-73.771466,42.752965],"type":"Point"},"properties":{"cat":"hotel","demand_kwh":2957851.4637116343,"demand_source":"footprint_estimate","id":"s_00587","in_steam":false,"in_uten":false,"name":"Microtel Inn by Wyndham Albany Airport","region":"upstate","sources":["osm_overpass"],"steam_heated":false},"type":"Feature"},{"geometry":{"coordinates":[-73.741337,42.753421],"type":"Point"},"properties":{"cat":"school","demand_kwh":24162126.342959628,"demand_source":"footprint_estimate","id":"s_00588","in_steam":false,"in_uten":false,"name":"Latham Ridge School","region":"upstate","sources":["osm_overpass"],"steam_heated":false},"type":"Feature"},{"geometry":{"coordinates":[-73.815816,42.754212],"type":"Point"},"properties":{"cat":"hotel","demand_kwh":4376035.418536747,"demand_source":"footprint_estimate","id":"s_00589","in_steam":false,"in_uten":false,"name":"Baymont Latham Albany Airport","region":"upstate","sources":["osm_overpass"],"steam_heated":false},"type":"Feature"},{"geometry":{"coordinates":[-73.862702,42.754659],"type":"Point"},"properties":{"cat":"school","demand_kwh":34698048.21312234,"demand_source":"footprint_estimate","id":"s_00590","in_steam":false,"in_uten":false,"name":"Veeder Elementary School","region":"upstate","sources":["osm_overpass"],"steam_heated":false},"type":"Feature"},{"geometry":{"coordinates":[-73.769909,42.754916],"type":"Point"},"properties":{"cat":"hotel","demand_kwh":1500000.0,"demand_source":"category_default","id":"s_00591","in_steam":false,"in_uten":false,"name":"Quality Inn & Suites Albany Airport","region":"upstate","sources":["osm_overpass"],"steam_heated":false},"type":"Feature"},{"geometry":{"coordinates":[-73.769927,42.75515],"type":"Point"},"properties":{"cat":"pool","demand_kwh":36325.37975907326,"demand_source":"footprint_estimate","id":"s_00592","in_steam":false,"in_uten":false,"name":"Unnamed pool","region":"upstate","sources":["osm_overpass"],"steam_heated":false},"type":"Feature"},{"geometry":{"coordinates":[-73.748834,42.756535],"type":"Point"},"properties":{"cat":"pool","demand_kwh":23087.956823781133,"demand_source":"footprint_estimate","id":"s_00593","in_steam":false,"in_uten":false,"name":"Unnamed pool","region":"upstate","sources":["osm_overpass"],"steam_heated":false},"type":"Feature"},{"geometry":{"coordinates":[-73.7728,42.756561],"type":"Point"},"properties":{"cat":"hotel","demand_kwh":2860759.8087117076,"demand_source":"footprint_estimate","id":"s_00594","in_steam":false,"in_uten":false,"name":"TownePlace Suites Latham Albany Airport","region":"upstate","sources":["osm_overpass"],"steam_heated":false},"type":"Feature"},{"geometry":{"coordinates":[-73.784812,42.758423],"type":"Point"},"properties":{"cat":"office","demand_kwh":6984162.842617035,"demand_source":"footprint_estimate","id":"s_00595","in_steam":false,"in_uten":false,"name":"New York State United Teachers","region":"upstate","sources":["osm_overpass"],"steam_heated":false},"type":"Feature"},{"geometry":{"coordinates":[-73.85476,42.763615],"type":"Point"},"properties":{"cat":"greenhouse","demand_kwh":97166.84122122824,"demand_source":"footprint_estimate","id":"s_00596","in_steam":false,"in_uten":false,"name":"Unnamed greenhouse","region":"upstate","sources":["osm_overpass"],"steam_heated":false},"type":"Feature"},{"geometry":{"coordinates":[-73.813194,42.764144],"type":"Point"},"properties":{"cat":"office","demand_kwh":4297615.550733805,"demand_source":"footprint_estimate","id":"s_00597","in_steam":false,"in_uten":false,"name":"Regional Food Bank Albany County Distribution Center","region":"upstate","sources":["osm_overpass"],"steam_heated":false},"type":"Feature"},{"geometry":{"coordinates":[-73.721625,42.764638],"type":"Point"},"properties":{"cat":"pool","demand_kwh":57374.07172322273,"demand_source":"footprint_estimate","id":"s_00598","in_steam":false,"in_uten":false,"name":"Unnamed pool","region":"upstate","sources":["osm_overpass"],"steam_heated":false},"type":"Feature"},{"geometry":{"coordinates":[-73.778282,42.764811],"type":"Point"},"properties":{"cat":"school","demand_kwh":16914493.885927945,"demand_source":"footprint_estimate","id":"s_00599","in_steam":false,"in_uten":false,"name":"Forts Ferry School","region":"upstate","sources":["osm_overpass"],"steam_heated":false},"type":"Feature"},{"geometry":{"coordinates":[-73.709051,42.767169],"type":"Point"},"properties":{"cat":"pool","demand_kwh":364521.0792541504,"demand_source":"footprint_estimate","id":"s_00600","in_steam":false,"in_uten":false,"name":"Lansing pool","region":"upstate","sources":["osm_overpass"],"steam_heated":false},"type":"Feature"},{"geometry":{"coordinates":[-73.758893,42.768264],"type":"Point"},"properties":{"cat":"office","demand_kwh":3158484.6937787533,"demand_source":"footprint_estimate","id":"s_00601","in_steam":false,"in_uten":false,"name":"Unnamed office","region":"upstate","sources":["osm_overpass"],"steam_heated":false},"type":"Feature"},{"geometry":{"coordinates":[-73.820262,42.76831],"type":"Point"},"properties":{"cat":"hotel","demand_kwh":2050699.9365359545,"demand_source":"footprint_estimate","id":"s_00602","in_steam":false,"in_uten":false,"name":"Hampton Inn & Suites Albany Airport","region":"upstate","sources":["osm_overpass"],"steam_heated":false},"type":"Feature"},{"geometry":{"coordinates":[-73.752304,42.770836],"type":"Point"},"properties":{"cat":"hotel","demand_kwh":3706878.3499734476,"demand_source":"footprint_estimate","id":"s_00603","in_steam":false,"in_uten":false,"name":"The Century House, an Ascend Collection Hotel","region":"upstate","sources":["osm_overpass"],"steam_heated":false},"type":"Feature"},{"geometry":{"coordinates":[-73.840975,42.773471],"type":"Point"},"properties":{"cat":"school","demand_kwh":15799659.551160336,"demand_source":"footprint_estimate","id":"s_00604","in_steam":false,"in_uten":false,"name":"Birchwood Elementary School","region":"upstate","sources":["osm_overpass"],"steam_heated":false},"type":"Feature"},{"geometry":{"coordinates":[-73.757261,42.77394],"type":"Point"},"properties":{"cat":"brewery","demand_kwh":600000.0,"demand_source":"category_default","id":"s_00605","in_steam":false,"in_uten":false,"name":"Table 41 Brewing","region":"upstate","sources":["osm_overpass"],"steam_heated":false},"type":"Feature"},{"geometry":{"coordinates":[-73.719922,42.775245],"type":"Point"},"properties":{"cat":"school","demand_kwh":65530422.036322206,"demand_source":"footprint_estimate","id":"s_00606","in_steam":false,"in_uten":false,"name":"Unnamed school","region":"upstate","sources":["osm_overpass"],"steam_heated":false},"type":"Feature"},{"geometry":{"coordinates":[-73.725707,42.777407],"type":"Point"},"properties":{"cat":"pool","demand_kwh":60709.02945101261,"demand_source":"footprint_estimate","id":"s_00607","in_steam":false,"in_uten":false,"name":"Unnamed pool","region":"upstate","sources":["osm_overpass"],"steam_heated":false},"type":"Feature"},{"geometry":{"coordinates":[-73.733102,42.779227],"type":"Point"},"properties":{"cat":"pool","demand_kwh":23519.019845945877,"demand_source":"footprint_estimate","id":"s_00608","in_steam":false,"in_uten":false,"name":"Unnamed pool","region":"upstate","sources":["osm_overpass"],"steam_heated":false},"type":"Feature"},{"geometry":{"coordinates":[-73.77289,42.783097],"type":"Point"},"properties":{"cat":"wwtp","demand_kwh":27475462.023083866,"demand_source":"footprint_estimate","id":"s_00609","in_steam":false,"in_uten":false,"name":"Town of Colonie Waste Polution Control Facility","region":"upstate","sources":["osm_overpass"],"steam_heated":false},"type":"Feature"},{"geometry":{"coordinates":[-78.834793,42.945718],"type":"Point"},"properties":{"cat":"pool","demand_kwh":13288.899973127991,"demand_source":"footprint_estimate","id":"s_00610","in_steam":false,"in_uten":false,"name":"Unnamed pool","region":"upstate","sources":["osm_overpass"],"steam_heated":false},"type":"Feature"},{"geometry":{"coordinates":[-78.836624,42.94654],"type":"Point"},"properties":{"cat":"pool","demand_kwh":15748.948106076568,"demand_source":"footprint_estimate","id":"s_00611","in_steam":false,"in_uten":false,"name":"Unnamed pool","region":"upstate","sources":["osm_overpass"],"steam_heated":false},"type":"Feature"},{"geometry":{"coordinates":[-78.817829,42.949966],"type":"Point"},"properties":{"cat":"university","demand_kwh":1053549.5214576367,"demand_source":"footprint_estimate","id":"s_00612","in_steam":false,"in_uten":false,"name":"Howe Research Building","region":"upstate","sources":["osm_overpass"],"steam_heated":false},"type":"Feature"},{"geometry":{"coordinates":[-78.812373,42.951012],"type":"Point"},"properties":{"cat":"hospital","demand_kwh":95419055.5530726,"demand_source":"footprint_estimate","id":"s_00613","in_steam":false,"in_uten":false,"name":"Buffalo VA Medical Center","region":"upstate","sources":["osm_overpass"],"steam_heated":false},"type":"Feature"},{"geometry":{"coordinates":[-78.783354,42.95134],"type":"Point"},"properties":{"cat":"pool","demand_kwh":13864.953636098653,"demand_source":"footprint_estimate","id":"s_00614","in_steam":false,"in_uten":false,"name":"Unnamed pool","region":"upstate","sources":["osm_overpass"],"steam_heated":false},"type":"Feature"},{"geometry":{"coordinates":[-78.848512,42.952141],"type":"Point"},"properties":{"cat":"school","demand_kwh":6849708.385458227,"demand_source":"footprint_estimate","id":"s_00615","in_steam":false,"in_uten":false,"name":"*","region":"upstate","sources":["osm_overpass"],"steam_heated":false},"type":"Feature"},{"geometry":{"coordinates":[-78.817806,42.953314],"type":"Point"},"properties":{"cat":"university","demand_kwh":377516443.8282498,"demand_source":"footprint_estimate","id":"s_00616","in_steam":false,"in_uten":false,"name":"University at Buffalo - South Campus","region":"upstate","sources":["osm_overpass"],"steam_heated":false},"type":"Feature"},{"geometry":{"coordinates":[-78.786865,42.953642],"type":"Point"},"properties":{"cat":"pool","demand_kwh":26163.014279236086,"demand_source":"footprint_estimate","id":"s_00617","in_steam":false,"in_uten":false,"name":"Unnamed pool","region":"upstate","sources":["osm_overpass"],"steam_heated":false},"type":"Feature"},{"geometry":{"coordinates":[-78.785952,42.9547],"type":"Point"},"properties":{"cat":"pool","demand_kwh":22518.397267069668,"demand_source":"footprint_estimate","id":"s_00618","in_steam":false,"in_uten":false,"name":"Unnamed pool","region":"upstate","sources":["osm_overpass"],"steam_heated":false},"type":"Feature"},{"geometry":{"coordinates":[-78.785026,42.954765],"type":"Point"},"properties":{"cat":"pool","demand_kwh":13188.25535911601,"demand_source":"footprint_estimate","id":"s_00619","in_steam":false,"in_uten":false,"name":"Unnamed pool","region":"upstate","sources":["osm_overpass"],"steam_heated":false},"type":"Feature"},{"geometry":{"coordinates":[-78.784583,42.955634],"type":"Point"},"properties":{"cat":"pool","demand_kwh":23245.081406645477,"demand_source":"footprint_estimate","id":"s_00620","in_steam":false,"in_uten":false,"name":"Unnamed pool","region":"upstate","sources":["osm_overpass"],"steam_heated":false},"type":"Feature"},{"geometry":{"coordinates":[-78.769215,42.955664],"type":"Point"},"properties":{"cat":"pool","demand_kwh":8257.877560265479,"demand_source":"footprint_estimate","id":"s_00621","in_steam":false,"in_uten":false,"name":"Unnamed pool","region":"upstate","sources":["osm_overpass"],"steam_heated":false},"type":"Feature"},{"geometry":{"coordinates":[-78.786351,42.955721],"type":"Point"},"properties":{"cat":"pool","demand_kwh":19658.778995042667,"demand_source":"footprint_estimate","id":"s_00622","in_steam":false,"in_uten":false,"name":"Unnamed pool","region":"upstate","sources":["osm_overpass"],"steam_heated":false},"type":"Feature"},{"geometry":{"coordinates":[-78.784595,42.956089],"type":"Point"},"properties":{"cat":"pool","demand_kwh":20331.822602427565,"demand_source":"footprint_estimate","id":"s_00623","in_steam":false,"in_uten":false,"name":"Unnamed pool","region":"upstate","sources":["osm_overpass"],"steam_heated":false},"type":"Feature"},{"geometry":{"coordinates":[-78.787822,42.956127],"type":"Point"},"properties":{"cat":"pool","demand_kwh":27372.583149094135,"demand_source":"footprint_estimate","id":"s_00624","in_steam":false,"in_uten":false,"name":"Unnamed pool","region":"upstate","sources":["osm_overpass"],"steam_heated":false},"type":"Feature"},{"geometry":{"coordinates":[-78.769573,42.95645],"type":"Point"},"properties":{"cat":"pool","demand_kwh":17248.150112852454,"demand_source":"footprint_estimate","id":"s_00625","in_steam":false,"in_uten":false,"name":"Unnamed pool","region":"upstate","sources":["osm_overpass"],"steam_heated":false},"type":"Feature"},{"geometry":{"coordinates":[-78.841867,42.956587],"type":"Point"},"properties":{"cat":"school","demand_kwh":9078075.25871113,"demand_source":"footprint_estimate","id":"s_00626","in_steam":false,"in_uten":false,"name":"Unnamed school","region":"upstate","sources":["osm_overpass"],"steam_heated":false},"type":"Feature"},{"geometry":{"coordinates":[-78.815463,42.957194],"type":"Point"},"properties":{"cat":"university","demand_kwh":2054327.6494134218,"demand_source":"footprint_estimate","id":"s_00627","in_steam":false,"in_uten":false,"name":"Goodyear Hall","region":"upstate","sources":["osm_overpass"],"steam_heated":false},"type":"Feature"},{"geometry":{"coordinates":[-78.814492,42.957599],"type":"Point"},"properties":{"cat":"university","demand_kwh":807047.1071977692,"demand_source":"footprint_estimate","id":"s_00628","in_steam":false,"in_uten":false,"name":"Clement Hall","region":"upstate","sources":["osm_overpass"],"steam_heated":false},"type":"Feature"},{"geometry":{"coordinates":[-78.803003,42.957958],"type":"Point"},"properties":{"cat":"office","demand_kwh":2700870.4793208055,"demand_source":"footprint_estimate","id":"s_00629","in_steam":false,"in_uten":false,"name":"CHC Learning Center","region":"upstate","sources":["osm_overpass"],"steam_heated":false},"type":"Feature"},{"geometry":{"coordinates":[-78.773883,42.959506],"type":"Point"},"properties":{"cat":"school","demand_kwh":5637793.019994842,"demand_source":"footprint_estimate","id":"s_00630","in_steam":false,"in_uten":false,"name":"Christ the King School","region":"upstate","sources":["osm_overpass"],"steam_heated":false},"type":"Feature"},{"geometry":{"coordinates":[-78.849077,42.95975],"type":"Point"},"properties":{"cat":"school","demand_kwh":17115650.20875485,"demand_source":"footprint_estimate","id":"s_00631","in_steam":false,"in_uten":false,"name":"Saint Joseph's Collegiate Institute","region":"upstate","sources":["osm_overpass"],"steam_heated":false},"type":"Feature"},{"geometry":{"coordinates":[-78.770496,42.960126],"type":"Point"},"properties":{"cat":"hotel","demand_kwh":3796770.184724964,"demand_source":"footprint_estimate","id":"s_00632","in_steam":false,"in_uten":false,"name":"Reikart House","region":"upstate","sources":["osm_overpass"],"steam_heated":false},"type":"Feature"},{"geometry":{"coordinates":[-78.777063,42.960583],"type":"Point"},"properties":{"cat":"pool","demand_kwh":29041.889899782836,"demand_source":"footprint_estimate","id":"s_00633","in_steam":false,"in_uten":false,"name":"Unnamed pool","region":"upstate","sources":["osm_overpass"],"steam_heated":false},"type":"Feature"},{"geometry":{"coordinates":[-78.769635,42.960817],"type":"Point"},"properties":{"cat":"hotel","demand_kwh":3013189.3148453906,"demand_source":"footprint_estimate","id":"s_00634","in_steam":false,"in_uten":false,"name":"Hyatt Place","region":"upstate","sources":["osm_overpass"],"steam_heated":false},"type":"Feature"},{"geometry":{"coordinates":[-78.829474,42.963786],"type":"Point"},"properties":{"cat":"school","demand_kwh":6206322.642467469,"demand_source":"footprint_estimate","id":"s_00635","in_steam":false,"in_uten":false,"name":"Unnamed school","region":"upstate","sources":["osm_overpass"],"steam_heated":false},"type":"Feature"},{"geometry":{"coordinates":[-78.802529,42.964529],"type":"Point"},"properties":{"cat":"school","demand_kwh":3281221.459592767,"demand_source":"footprint_estimate","id":"s_00636","in_steam":false,"in_uten":false,"name":"Saint Benedicts School","region":"upstate","sources":["osm_overpass"],"steam_heated":false},"type":"Feature"},{"geometry":{"coordinates":[-78.817741,42.965396],"type":"Point"},"properties":{"cat":"school","demand_kwh":21985667.126052395,"demand_source":"footprint_estimate","id":"s_00637","in_steam":false,"in_uten":false,"name":"Unnamed school","region":"upstate","sources":["osm_overpass"],"steam_heated":false},"type":"Feature"},{"geometry":{"coordinates":[-78.86687,42.9664],"type":"Point"},"properties":{"cat":"school","demand_kwh":2517820.6063772496,"demand_source":"footprint_estimate","id":"s_00638","in_steam":false,"in_uten":false,"name":"Kenmore Middle School","region":"upstate","sources":["osm_overpass"],"steam_heated":false},"type":"Feature"},{"geometry":{"coordinates":[-78.761225,42.967517],"type":"Point"},"properties":{"cat":"school","demand_kwh":14325507.922977734,"demand_source":"footprint_estimate","id":"s_00639","in_steam":false,"in_uten":false,"name":"Forest Elementary School","region":"upstate","sources":["osm_overpass"],"steam_heated":false},"type":"Feature"},{"geometry":{"coordinates":[-78.781526,42.967813],"type":"Point"},"properties":{"cat":"school","demand_kwh":45878251.23099892,"demand_source":"footprint_estimate","id":"s_00640","in_steam":false,"in_uten":false,"name":"Park School of Buffalo","region":"upstate","sources":["osm_overpass"],"steam_heated":false},"type":"Feature"},{"geometry":{"coordinates":[-78.781527,42.967923],"type":"Point"},"properties":{"cat":"greenhouse","demand_kwh":22096.331121504772,"demand_source":"footprint_estimate","id":"s_00641","in_steam":false,"in_uten":false,"name":"Preston L. Wright Greenhouse","region":"upstate","sources":["osm_overpass"],"steam_heated":false},"type":"Feature"},{"geometry":{"coordinates":[-78.782795,42.968004],"type":"Point"},"properties":{"cat":"pool","demand_kwh":155222.59967923164,"demand_source":"footprint_estimate","id":"s_00642","in_steam":false,"in_uten":false,"name":"Unnamed pool","region":"upstate","sources":["osm_overpass"],"steam_heated":false},"type":"Feature"},{"geometry":{"coordinates":[-78.839515,42.969889],"type":"Point"},"properties":{"cat":"pool","demand_kwh":148958.40062052011,"demand_source":"footprint_estimate","id":"s_00643","in_steam":false,"in_uten":false,"name":"Lincoln Wading Pool","region":"upstate","sources":["osm_overpass"],"steam_heated":false},"type":"Feature"},{"geometry":{"coordinates":[-78.838613,42.969989],"type":"Point"},"properties":{"cat":"pool","demand_kwh":284022.9636447504,"demand_source":"footprint_estimate","id":"s_00644","in_steam":false,"in_uten":false,"name":"Lincoln Pool","region":"upstate","sources":["osm_overpass"],"steam_heated":false},"type":"Feature"},{"geometry":{"coordinates":[-78.836672,42.972852],"type":"Point"},"properties":{"cat":"school","demand_kwh":12489114.93311426,"demand_source":"footprint_estimate","id":"s_00645","in_steam":false,"in_uten":false,"name":"Adams Field","region":"upstate","sources":["osm_overpass"],"steam_heated":false},"type":"Feature"},{"geometry":{"coordinates":[-78.833995,42.972936],"type":"Point"},"properties":{"cat":"school","demand_kwh":20663498.186528943,"demand_source":"footprint_estimate","id":"s_00646","in_steam":false,"in_uten":false,"name":"Benjamin Franklin School","region":"upstate","sources":["osm_overpass"],"steam_heated":false},"type":"Feature"},{"geometry":{"coordinates":[-78.864265,42.973697],"type":"Point"},"properties":{"cat":"school","demand_kwh":3836094.031113176,"demand_source":"footprint_estimate","id":"s_00647","in_steam":false,"in_uten":false,"name":"Kenmore West Sr. High School","region":"upstate","sources":["osm_overpass"],"steam_heated":false},"type":"Feature"},{"geometry":{"coordinates":[-76.138803,42.975905],"type":"Point"},"properties":{"cat":"school","demand_kwh":7298009.103634749,"demand_source":"footprint_estimate","id":"s_00648","in_steam":false,"in_uten":false,"name":"Rockwell School","region":"upstate","sources":["osm_overpass"],"steam_heated":false},"type":"Feature"},{"geometry":{"coordinates":[-78.842844,42.977645],"type":"Point"},"properties":{"cat":"school","demand_kwh":6566801.366677154,"demand_source":"footprint_estimate","id":"s_00649","in_steam":false,"in_uten":false,"name":"Jefferson School","region":"upstate","sources":["osm_overpass"],"steam_heated":false},"type":"Feature"},{"geometry":{"coordinates":[-78.782039,42.97963],"type":"Point"},"properties":{"cat":"hotel","demand_kwh":2769962.0510358363,"demand_source":"footprint_estimate","id":"s_00650","in_steam":false,"in_uten":false,"name":"Courtyard Buffalo Amherst/University","region":"upstate","sources":["osm_overpass"],"steam_heated":false},"type":"Feature"},{"geometry":{"coordinates":[-78.854813,42.980338],"type":"Point"},"properties":{"cat":"greenhouse","demand_kwh":119868.60406780033,"demand_source":"footprint_estimate","id":"s_00651","in_steam":false,"in_uten":false,"name":"Unnamed greenhouse","region":"upstate","sources":["osm_overpass"],"steam_heated":false},"type":"Feature"},{"geometry":{"coordinates":[-78.862729,42.982235],"type":"Point"},"properties":{"cat":"school","demand_kwh":31947327.681307197,"demand_source":"footprint_estimate","id":"s_00652","in_steam":false,"in_uten":false,"name":"Unnamed school","region":"upstate","sources":["osm_overpass"],"steam_heated":false},"type":"Feature"},{"geometry":{"coordinates":[-78.808978,42.982548],"type":"Point"},"properties":{"cat":"school","demand_kwh":8137960.715009216,"demand_source":"footprint_estimate","id":"s_00653","in_steam":false,"in_uten":false,"name":"Temple Beth Zion School","region":"upstate","sources":["osm_overpass"],"steam_heated":false},"type":"Feature"},{"geometry":{"coordinates":[-78.860247,42.982828],"type":"Point"},"properties":{"cat":"pool","demand_kwh":10590.076566301286,"demand_source":"footprint_estimate","id":"s_00654","in_steam":false,"in_uten":false,"name":"Unnamed pool","region":"upstate","sources":["osm_overpass"],"steam_heated":false},"type":"Feature"},{"geometry":{"coordinates":[-78.796085,42.983741],"type":"Point"},"properties":{"cat":"hotel","demand_kwh":3993362.9278836437,"demand_source":"footprint_estimate","id":"s_00655","in_steam":false,"in_uten":false,"name":"Homewood Suites by Hilton Buffalo-Amherst","region":"upstate","sources":["osm_overpass"],"steam_heated":false},"type":"Feature"},{"geometry":{"coordinates":[-78.780327,42.9862],"type":"Point"},"properties":{"cat":"school","demand_kwh":10487368.48990649,"demand_source":"footprint_estimate","id":"s_00656","in_steam":false,"in_uten":false,"name":"Maplemere Elementary School","region":"upstate","sources":["osm_overpass"],"steam_heated":false},"type":"Feature"},{"geometry":{"coordinates":[-76.147505,42.98672],"type":"Point"},"properties":{"cat":"school","demand_kwh":11359632.411927916,"demand_source":"footprint_estimate","id":"s_00657","in_steam":false,"in_uten":false,"name":"Meachem Elementary School","region":"upstate","sources":["osm_overpass"],"steam_heated":false},"type":"Feature"},{"geometry":{"coordinates":[-78.846915,42.987132],"type":"Point"},"properties":{"cat":"pool","demand_kwh":14680.603119172156,"demand_source":"footprint_estimate","id":"s_00658","in_steam":false,"in_uten":false,"name":"Unnamed pool","region":"upstate","sources":["osm_overpass"],"steam_heated":false},"type":"Feature"},{"geometry":{"coordinates":[-78.801404,42.98774],"type":"Point"},"properties":{"cat":"office","demand_kwh":652141.2560657202,"demand_source":"footprint_estimate","id":"s_00659","in_steam":false,"in_uten":false,"name":"500 Corporate Parkway","region":"upstate","sources":["osm_overpass"],"steam_heated":false},"type":"Feature"},{"geometry":{"coordinates":[-78.800502,42.988368],"type":"Point"},"properties":{"cat":"office","demand_kwh":1089840.9428632446,"demand_source":"footprint_estimate","id":"s_00660","in_steam":false,"in_uten":false,"name":"300 Corporate Parkway","region":"upstate","sources":["osm_overpass"],"steam_heated":false},"type":"Feature"},{"geometry":{"coordinates":[-78.792907,42.988534],"type":"Point"},"properties":{"cat":"hotel","demand_kwh":12413361.490835622,"demand_source":"footprint_estimate","id":"s_00661","in_steam":false,"in_uten":false,"name":"Buffalo Marriott Niagara","region":"upstate","sources":["osm_overpass"],"steam_heated":false},"type":"Feature"},{"geometry":{"coordinates":[-78.792621,42.988765],"type":"Point"},"properties":{"cat":"pool","demand_kwh":43904.13406519219,"demand_source":"footprint_estimate","id":"s_00662","in_steam":false,"in_uten":false,"name":"Unnamed pool","region":"upstate","sources":["osm_overpass"],"steam_heated":false},"type":"Feature"},{"geometry":{"coordinates":[-78.799583,42.988965],"type":"Point"},"properties":{"cat":"office","demand_kwh":1590728.7681836053,"demand_source":"footprint_estimate","id":"s_00663","in_steam":false,"in_uten":false,"name":"100 Corporate Parkway","region":"upstate","sources":["osm_overpass"],"steam_heated":false},"type":"Feature"},{"geometry":{"coordinates":[-78.834606,42.989578],"type":"Point"},"properties":{"cat":"school","demand_kwh":23659818.49802106,"demand_source":"footprint_estimate","id":"s_00664","in_steam":false,"in_uten":false,"name":"Kenmore East High School","region":"upstate","sources":["osm_overpass"],"steam_heated":false},"type":"Feature"},{"geometry":{"coordinates":[-78.794115,42.98983],"type":"Point"},"properties":{"cat":"hotel","demand_kwh":1921974.3506579194,"demand_source":"footprint_estimate","id":"s_00665","in_steam":false,"in_uten":false,"name":"Candlewood Suites Buffalo Amherst","region":"upstate","sources":["osm_overpass"],"steam_heated":false},"type":"Feature"},{"geometry":{"coordinates":[-78.795159,42.989947],"type":"Point"},"properties":{"cat":"hotel","demand_kwh":5294375.973049784,"demand_source":"footprint_estimate","id":"s_00666","in_steam":false,"in_uten":false,"name":"DoubleTree by Hilton Hotel Buffalo - Amherst","region":"upstate","sources":["osm_overpass"],"steam_heated":false},"type":"Feature"},{"geometry":{"coordinates":[-78.755903,42.989969],"type":"Point"},"properties":{"cat":"school","demand_kwh":19840174.249848425,"demand_source":"footprint_estimate","id":"s_00667","in_steam":false,"in_uten":false,"name":"Maple West Elementary School","region":"upstate","sources":["osm_overpass"],"steam_heated":false},"type":"Feature"},{"geometry":{"coordinates":[-78.790832,42.990469],"type":"Point"},"properties":{"cat":"hotel","demand_kwh":2696977.987877,"demand_source":"footprint_estimate","id":"s_00668","in_steam":false,"in_uten":false,"name":"Comfort Inn University","region":"upstate","sources":["osm_overpass"],"steam_heated":false},"type":"Feature"},{"geometry":{"coordinates":[-78.856601,42.99047],"type":"Point"},"properties":{"cat":"pool","demand_kwh":10975.439983396791,"demand_source":"footprint_estimate","id":"s_00669","in_steam":false,"in_uten":false,"name":"Unnamed pool","region":"upstate","sources":["osm_overpass"],"steam_heated":false},"type":"Feature"},{"geometry":{"coordinates":[-76.132039,42.991173],"type":"Point"},"properties":{"cat":"university","demand_kwh":105754786.80344447,"demand_source":"footprint_estimate","id":"s_00670","in_steam":false,"in_uten":false,"name":"Lafayette Road Experiment Station","region":"upstate","sources":["osm_overpass"],"steam_heated":false},"type":"Feature"},{"geometry":{"coordinates":[-78.808672,42.992768],"type":"Point"},"properties":{"cat":"school","demand_kwh":47353039.455693886,"demand_source":"footprint_estimate","id":"s_00671","in_steam":false,"in_uten":false,"name":"Sweet Home Middle School","region":"upstate","sources":["osm_overpass"],"steam_heated":false},"type":"Feature"},{"geometry":{"coordinates":[-78.75771,42.993068],"type":"Point"},"properties":{"cat":"pool","demand_kwh":41706.1796228867,"demand_source":"footprint_estimate","id":"s_00672","in_steam":false,"in_uten":false,"name":"Unnamed pool","region":"upstate","sources":["osm_overpass"],"steam_heated":false},"type":"Feature"},{"geometry":{"coordinates":[-76.075536,42.993453],"type":"Point"},"properties":{"cat":"school","demand_kwh":22324579.9166476,"demand_source":"footprint_estimate","id":"s_00673","in_steam":false,"in_uten":false,"name":"Jamesville Elementary School","region":"upstate","sources":["osm_overpass"],"steam_heated":false},"type":"Feature"},{"geometry":{"coordinates":[-78.785355,42.994074],"type":"Point"},"properties":{"cat":"hotel","demand_kwh":2604282.4111992493,"demand_source":"footprint_estimate","id":"s_00674","in_steam":false,"in_uten":false,"name":"Hampton Inn Buffalo - Amherst","region":"upstate","sources":["osm_overpass"],"steam_heated":false},"type":"Feature"},{"geometry":{"coordinates":[-78.800778,42.994422],"type":"Point"},"properties":{"cat":"pool","demand_kwh":31939.17296230793,"demand_source":"footprint_estimate","id":"s_00675","in_steam":false,"in_uten":false,"name":"Unnamed pool","region":"upstate","sources":["osm_overpass"],"steam_heated":false},"type":"Feature"},{"geometry":{"coordinates":[-78.844417,42.994588],"type":"Point"},"properties":{"cat":"school","demand_kwh":11189690.754525438,"demand_source":"footprint_estimate","id":"s_00676","in_steam":false,"in_uten":false,"name":"Unnamed school","region":"upstate","sources":["osm_overpass"],"steam_heated":false},"type":"Feature"},{"geometry":{"coordinates":[-78.816871,42.995768],"type":"Point"},"properties":{"cat":"office","demand_kwh":505867.55019159056,"demand_source":"footprint_estimate","id":"s_00677","in_steam":false,"in_uten":false,"name":"Unnamed office","region":"upstate","sources":["osm_overpass"],"steam_heated":false},"type":"Feature"},{"geometry":{"coordinates":[-78.802613,42.996178],"type":"Point"},"properties":{"cat":"hotel","demand_kwh":3028828.0853580073,"demand_source":"footprint_estimate","id":"s_00678","in_steam":false,"in_uten":false,"name":"Fairfield Inn & Suites Buffalo Amherst/University","region":"upstate","sources":["osm_overpass"],"steam_heated":false},"type":"Feature"},{"geometry":{"coordinates":[-78.815701,42.996249],"type":"Point"},"properties":{"cat":"office","demand_kwh":776757.1493946637,"demand_source":"footprint_estimate","id":"s_00679","in_steam":false,"in_uten":false,"name":"Unnamed office","region":"upstate","sources":["osm_overpass"],"steam_heated":false},"type":"Feature"},{"geometry":{"coordinates":[-78.817423,42.996544],"type":"Point"},"properties":{"cat":"office","demand_kwh":300865.33342682174,"demand_source":"footprint_estimate","id":"s_00680","in_steam":false,"in_uten":false,"name":"Unnamed office","region":"upstate","sources":["osm_overpass"],"steam_heated":false},"type":"Feature"},{"geometry":{"coordinates":[-78.866214,42.996557],"type":"Point"},"properties":{"cat":"hotel","demand_kwh":1500000.0,"demand_source":"category_default","id":"s_00681","in_steam":false,"in_uten":false,"name":"Center Way Hotel Tonawanda","region":"upstate","sources":["osm_overpass"],"steam_heated":false},"type":"Feature"},{"geometry":{"coordinates":[-78.830152,42.996567],"type":"Point"},"properties":{"cat":"school","demand_kwh":15036022.521079928,"demand_source":"footprint_estimate","id":"s_00682","in_steam":false,"in_uten":false,"name":"Unnamed school","region":"upstate","sources":["osm_overpass"],"steam_heated":false},"type":"Feature"},{"geometry":{"coordinates":[-78.844786,42.996793],"type":"Point"},"properties":{"cat":"school","demand_kwh":12454017.894282736,"demand_source":"footprint_estimate","id":"s_00683","in_steam":false,"in_uten":false,"name":"Unnamed school","region":"upstate","sources":["osm_overpass"],"steam_heated":false},"type":"Feature"},{"geometry":{"coordinates":[-76.145894,42.996961],"type":"Point"},"properties":{"cat":"school","demand_kwh":30167686.315961007,"demand_source":"footprint_estimate","id":"s_00684","in_steam":false,"in_uten":false,"name":"Clary Middle School","region":"upstate","sources":["osm_overpass"],"steam_heated":false},"type":"Feature"},{"geometry":{"coordinates":[-78.801561,42.996985],"type":"Point"},"properties":{"cat":"hotel","demand_kwh":2793977.5679947706,"demand_source":"footprint_estimate","id":"s_00685","in_steam":false,"in_uten":false,"name":"Staybridge Suites Buffalo-Amherst","region":"upstate","sources":["osm_overpass"],"steam_heated":false},"type":"Feature"},{"geometry":{"coordinates":[-78.799301,42.999519],"type":"Point"},"properties":{"cat":"pool","demand_kwh":12863.353753555566,"demand_source":"footprint_estimate","id":"s_00686","in_steam":false,"in_uten":false,"name":"Unnamed pool","region":"upstate","sources":["osm_overpass"],"steam_heated":false},"type":"Feature"},{"geometry":{"coordinates":[-78.741287,42.999583],"type":"Point"},"properties":{"cat":"pool","demand_kwh":306263.3684315719,"demand_source":"footprint_estimate","id":"s_00687","in_steam":false,"in_uten":false,"name":"Unnamed pool","region":"upstate","sources":["osm_overpass"],"steam_heated":false},"type":"Feature"},{"geometry":{"coordinates":[-78.862515,43.00004],"type":"Point"},"properties":{"cat":"school","demand_kwh":3154943.272159923,"demand_source":"footprint_estimate","id":"s_00688","in_steam":false,"in_uten":false,"name":"Unnamed school","region":"upstate","sources":["osm_overpass"],"steam_heated":false},"type":"Feature"},{"geometry":{"coordinates":[-78.818328,43.00044],"type":"Point"},"properties":{"cat":"greenhouse","demand_kwh":250268.88071416688,"demand_source":"footprint_estimate","id":"s_00689","in_steam":false,"in_uten":false,"name":"Unnamed greenhouse","region":"upstate","sources":["osm_overpass"],"steam_heated":false},"type":"Feature"},{"geometry":{"coordinates":[-78.821307,43.001867],"type":"Point"},"properties":{"cat":"hotel","demand_kwh":1227962.369928372,"demand_source":"footprint_estimate","id":"s_00690","in_steam":false,"in_uten":false,"name":"Home2 Suites by Hilton Amherst Buffalo","region":"upstate","sources":["osm_overpass"],"steam_heated":false},"type":"Feature"},{"geometry":{"coordinates":[-78.787306,43.002045],"type":"Point"},"properties":{"cat":"university","demand_kwh":2234371975.1893067,"demand_source":"footprint_estimate","id":"s_00691","in_steam":false,"in_uten":false,"name":"University at Buffalo - North Campus","region":"upstate","sources":["osm_overpass"],"steam_heated":false},"type":"Feature"},{"geometry":{"coordinates":[-76.147991,43.002752],"type":"Point"},"properties":{"cat":"school","demand_kwh":8727077.596784346,"demand_source":"footprint_estimate","id":"s_00692","in_steam":false,"in_uten":false,"name":"Faith Heritage School","region":"upstate","sources":["osm_overpass"],"steam_heated":false},"type":"Feature"},{"geometry":{"coordinates":[-78.80997,43.003435],"type":"Point"},"properties":{"cat":"pool","demand_kwh":59914.25455212593,"demand_source":"footprint_estimate","id":"s_00693","in_steam":false,"in_uten":false,"name":"Unnamed pool","region":"upstate","sources":["osm_overpass"],"steam_heated":false},"type":"Feature"},{"geometry":{"coordinates":[-78.812653,43.003965],"type":"Point"},"properties":{"cat":"pool","demand_kwh":55867.93619245291,"demand_source":"footprint_estimate","id":"s_00694","in_steam":false,"in_uten":false,"name":"Unnamed pool","region":"upstate","sources":["osm_overpass"],"steam_heated":false},"type":"Feature"},{"geometry":{"coordinates":[-78.8669,43.004582],"type":"Point"},"properties":{"cat":"school","demand_kwh":7706761.254451498,"demand_source":"footprint_estimate","id":"s_00695","in_steam":false,"in_uten":false,"name":"Mullen Elementary School","region":"upstate","sources":["osm_overpass"],"steam_heated":false},"type":"Feature"},{"geometry":{"coordinates":[-78.818841,43.004722],"type":"Point"},"properties":{"cat":"hotel","demand_kwh":1042454.0091937666,"demand_source":"footprint_estimate","id":"s_00696","in_steam":false,"in_uten":false,"name":"Studio 6 Corporate Extended Stay Amherst Buffalo NY","region":"upstate","sources":["osm_overpass"],"steam_heated":false},"type":"Feature"},{"geometry":{"coordinates":[-78.817545,43.004877],"type":"Point"},"properties":{"cat":"hotel","demand_kwh":755302.4171521349,"demand_source":"footprint_estimate","id":"s_00697","in_steam":false,"in_uten":false,"name":"La Quinta Inn & Suites Buffalo Amherst","region":"upstate","sources":["osm_overpass"],"steam_heated":false},"type":"Feature"},{"geometry":{"coordinates":[-78.81902,43.005583],"type":"Point"},"properties":{"cat":"hotel","demand_kwh":1703028.3821357007,"demand_source":"footprint_estimate","id":"s_00698","in_steam":false,"in_uten":false,"name":"Sleep Inn","region":"upstate","sources":["osm_overpass"],"steam_heated":false},"type":"Feature"},{"geometry":{"coordinates":[-78.816147,43.006032],"type":"Point"},"properties":{"cat":"pool","demand_kwh":47707.92407095432,"demand_source":"footprint_estimate","id":"s_00699","in_steam":false,"in_uten":false,"name":"Unnamed pool","region":"upstate","sources":["osm_overpass"],"steam_heated":false},"type":"Feature"},{"geometry":{"coordinates":[-76.168261,43.007597],"type":"Point"},"properties":{"cat":"hospital","demand_kwh":131215427.16373922,"demand_source":"footprint_estimate","id":"s_00700","in_steam":false,"in_uten":false,"name":"Upstate University Hospital Community Campus","region":"upstate","sources":["osm_overpass"],"steam_heated":false},"type":"Feature"},{"geometry":{"coordinates":[-78.814617,43.007665],"type":"Point"},"properties":{"cat":"pool","demand_kwh":48150.021711643785,"demand_source":"footprint_estimate","id":"s_00701","in_steam":false,"in_uten":false,"name":"Unnamed pool","region":"upstate","sources":["osm_overpass"],"steam_heated":false},"type":"Feature"},{"geometry":{"coordinates":[-78.796375,43.009276],"type":"Point"},"properties":{"cat":"school","demand_kwh":74462732.57981546,"demand_source":"footprint_estimate","id":"s_00702","in_steam":false,"in_uten":false,"name":"Sweet Home High School","region":"upstate","sources":["osm_overpass"],"steam_heated":false},"type":"Feature"},{"geometry":{"coordinates":[-78.773024,43.010105],"type":"Point"},"properties":{"cat":"office","demand_kwh":2681936.76898811,"demand_source":"footprint_estimate","id":"s_00703","in_steam":false,"in_uten":false,"name":"Unnamed office","region":"upstate","sources":["osm_overpass"],"steam_heated":false},"type":"Feature"},{"geometry":{"coordinates":[-78.820046,43.010868],"type":"Point"},"properties":{"cat":"greenhouse","demand_kwh":183969.27202913794,"demand_source":"footprint_estimate","id":"s_00704","in_steam":false,"in_uten":false,"name":"Unnamed greenhouse","region":"upstate","sources":["osm_overpass"],"steam_heated":false},"type":"Feature"},{"geometry":{"coordinates":[-78.772866,43.011194],"type":"Point"},"properties":{"cat":"office","demand_kwh":2868065.461870283,"demand_source":"footprint_estimate","id":"s_00705","in_steam":false,"in_uten":false,"name":"Unnamed office","region":"upstate","sources":["osm_overpass"],"steam_heated":false},"type":"Feature"},{"geometry":{"coordinates":[-78.862347,43.011604],"type":"Point"},"properties":{"cat":"pool","demand_kwh":19579.226764617488,"demand_source":"footprint_estimate","id":"s_00706","in_steam":false,"in_uten":false,"name":"Unnamed pool","region":"upstate","sources":["osm_overpass"],"steam_heated":false},"type":"Feature"},{"geometry":{"coordinates":[-76.13169,43.012302],"type":"Point"},"properties":{"cat":"brewery","demand_kwh":600000.0,"demand_source":"category_default","id":"s_00707","in_steam":false,"in_uten":false,"name":"Willow Rock Brewing Company","region":"upstate","sources":["osm_overpass"],"steam_heated":false},"type":"Feature"},{"geometry":{"coordinates":[-78.807714,43.013408],"type":"Point"},"properties":{"cat":"school","demand_kwh":2031230.7353375468,"demand_source":"footprint_estimate","id":"s_00708","in_steam":false,"in_uten":false,"name":"Willow Ridge Elementary","region":"upstate","sources":["osm_overpass"],"steam_heated":false},"type":"Feature"},{"geometry":{"coordinates":[-78.794811,43.014804],"type":"Point"},"properties":{"cat":"pool","demand_kwh":60367.62895081192,"demand_source":"footprint_estimate","id":"s_00709","in_steam":false,"in_uten":false,"name":"Unnamed pool","region":"upstate","sources":["osm_overpass"],"steam_heated":false},"type":"Feature"},{"geometry":{"coordinates":[-78.84498,43.015581],"type":"Point"},"properties":{"cat":"pool","demand_kwh":109694.27025020123,"demand_source":"footprint_estimate","id":"s_00710","in_steam":false,"in_uten":false,"name":"Unnamed pool","region":"upstate","sources":["osm_overpass"],"steam_heated":false},"type":"Feature"},{"geometry":{"coordinates":[-76.150892,43.015672],"type":"Point"},"properties":{"cat":"pool","demand_kwh":371804.8623078503,"demand_source":"footprint_estimate","id":"s_00711","in_steam":false,"in_uten":false,"name":"McKinley Park Pool","region":"upstate","sources":["osm_overpass"],"steam_heated":false},"type":"Feature"},{"geometry":{"coordinates":[-78.793828,43.016068],"type":"Point"},"properties":{"cat":"pool","demand_kwh":32927.64162123203,"demand_source":"footprint_estimate","id":"s_00712","in_steam":false,"in_uten":false,"name":"Unnamed pool","region":"upstate","sources":["osm_overpass"],"steam_heated":false},"type":"Feature"},{"geometry":{"coordinates":[-78.835607,43.016743],"type":"Point"},"properties":{"cat":"wwtp","demand_kwh":21651.09985806048,"demand_source":"footprint_estimate","id":"s_00713","in_steam":false,"in_uten":false,"name":"Town of Tonawanda Lift Station No. 3","region":"upstate","sources":["osm_overpass"],"steam_heated":false},"type":"Feature"},{"geometry":{"coordinates":[-76.1439,43.017398],"type":"Point"},"properties":{"cat":"school","demand_kwh":6189484.86485526,"demand_source":"footprint_estimate","id":"s_00714","in_steam":false,"in_uten":false,"name":"McKinley-Brighton Elementary School","region":"upstate","sources":["osm_overpass"],"steam_heated":false},"type":"Feature"},{"geometry":{"coordinates":[-78.771602,43.017624],"type":"Point"},"properties":{"cat":"pool","demand_kwh":559473.4555436997,"demand_source":"footprint_estimate","id":"s_00715","in_steam":false,"in_uten":false,"name":"Audubon Pool","region":"upstate","sources":["osm_overpass"],"steam_heated":false},"type":"Feature"},{"geometry":{"coordinates":[-76.173214,43.017657],"type":"Point"},"properties":{"cat":"school","demand_kwh":24144668.477794155,"demand_source":"footprint_estimate","id":"s_00716","in_steam":false,"in_uten":false,"name":"Corcoran High School","region":"upstate","sources":["osm_overpass"],"steam_heated":false},"type":"Feature"},{"geometry":{"coordinates":[-76.171789,43.0186],"type":"Point"},"properties":{"cat":"school","demand_kwh":7243537.400479317,"demand_source":"footprint_estimate","id":"s_00717","in_steam":false,"in_uten":false,"name":"J.T. Roberts PreK-8 School","region":"upstate","sources":["osm_overpass"],"steam_heated":false},"type":"Feature"},{"geometry":{"coordinates":[-78.794235,43.018668],"type":"Point"},"properties":{"cat":"pool","demand_kwh":77839.9292002432,"demand_source":"footprint_estimate","id":"s_00718","in_steam":false,"in_uten":false,"name":"Unnamed pool","region":"upstate","sources":["osm_overpass"],"steam_heated":false},"type":"Feature"},{"geometry":{"coordinates":[-78.741698,43.019304],"type":"Point"},"properties":{"cat":"pool","demand_kwh":41094.283472630195,"demand_source":"footprint_estimate","id":"s_00719","in_steam":false,"in_uten":false,"name":"Unnamed pool","region":"upstate","sources":["osm_overpass"],"steam_heated":false},"type":"Feature"},{"geometry":{"coordinates":[-78.822806,43.020057],"type":"Point"},"properties":{"cat":"hotel","demand_kwh":3508461.098455348,"demand_source":"footprint_estimate","id":"s_00720","in_steam":false,"in_uten":false,"name":"Holiday Inn Express & Suites Tonawanda - Buffalo Area","region":"upstate","sources":["osm_overpass"],"steam_heated":false},"type":"Feature"},{"geometry":{"coordinates":[-76.160811,43.020154],"type":"Point"},"properties":{"cat":"school","demand_kwh":3518107.8525950387,"demand_source":"footprint_estimate","id":"s_00721","in_steam":false,"in_uten":false,"name":"Elmwood Elementary School","region":"upstate","sources":["osm_overpass"],"steam_heated":false},"type":"Feature"},{"geometry":{"coordinates":[-76.100313,43.020271],"type":"Point"},"properties":{"cat":"school","demand_kwh":11055311.84419021,"demand_source":"footprint_estimate","id":"s_00722","in_steam":false,"in_uten":false,"name":"Tecumseh Elementary School","region":"upstate","sources":["osm_overpass"],"steam_heated":false},"type":"Feature"},{"geometry":{"coordinates":[-78.762855,43.022029],"type":"Point"},"properties":{"cat":"pool","demand_kwh":11740.764419466723,"demand_source":"footprint_estimate","id":"s_00723","in_steam":false,"in_uten":false,"name":"Unnamed pool","region":"upstate","sources":["osm_overpass"],"steam_heated":false},"type":"Feature"},{"geometry":{"coordinates":[-76.133419,43.023261],"type":"Point"},"properties":{"cat":"school","demand_kwh":8732939.501450043,"demand_source":"footprint_estimate","id":"s_00724","in_steam":false,"in_uten":false,"name":"Syracuse Latin","region":"upstate","sources":["osm_overpass"],"steam_heated":false},"type":"Feature"},{"geometry":{"coordinates":[-76.168494,43.024395],"type":"Point"},"properties":{"cat":"pool","demand_kwh":346521.43188118935,"demand_source":"footprint_estimate","id":"s_00725","in_steam":false,"in_uten":false,"name":"Onondaga Park Pool","region":"upstate","sources":["osm_overpass"],"steam_heated":false},"type":"Feature"},{"geometry":{"coordinates":[-76.109144,43.026035],"type":"Point"},"properties":{"cat":"school","demand_kwh":6842068.130584136,"demand_source":"footprint_estimate","id":"s_00726","in_steam":false,"in_uten":false,"name":"Montessori School of Syracuse","region":"upstate","sources":["osm_overpass"],"steam_heated":false},"type":"Feature"},{"geometry":{"coordinates":[-76.153219,43.026333],"type":"Point"},"properties":{"cat":"pool","demand_kwh":239228.17964293063,"demand_source":"footprint_estimate","id":"s_00727","in_steam":false,"in_uten":false,"name":"Kirk Park Pool","region":"upstate","sources":["osm_overpass"],"steam_heated":false},"type":"Feature"},{"geometry":{"coordinates":[-78.824296,43.026755],"type":"Point"},"properties":{"cat":"school","demand_kwh":13385573.792936321,"demand_source":"footprint_estimate","id":"s_00728","in_steam":false,"in_uten":false,"name":"Christophers School","region":"upstate","sources":["osm_overpass"],"steam_heated":false},"type":"Feature"},{"geometry":{"coordinates":[-76.162263,43.027096],"type":"Point"},"properties":{"cat":"greenhouse","demand_kwh":303032.7921846183,"demand_source":"footprint_estimate","id":"s_00729","in_steam":false,"in_uten":false,"name":"Onondaga Greenhouse","region":"upstate","sources":["osm_overpass"],"steam_heated":false},"type":"Feature"},{"geometry":{"coordinates":[-78.784304,43.027169],"type":"Point"},"properties":{"cat":"pool","demand_kwh":33721.305131632835,"demand_source":"footprint_estimate","id":"s_00730","in_steam":false,"in_uten":false,"name":"Unnamed pool","region":"upstate","sources":["osm_overpass"],"steam_heated":false},"type":"Feature"},{"geometry":{"coordinates":[-78.765072,43.027445],"type":"Point"},"properties":{"cat":"pool","demand_kwh":48642.96970292926,"demand_source":"footprint_estimate","id":"s_00731","in_steam":false,"in_uten":false,"name":"Unnamed pool","region":"upstate","sources":["osm_overpass"],"steam_heated":false},"type":"Feature"},{"geometry":{"coordinates":[-78.800528,43.027457],"type":"Point"},"properties":{"cat":"office","demand_kwh":4900893.094448671,"demand_source":"footprint_estimate","id":"s_00732","in_steam":false,"in_uten":false,"name":"Unnamed office","region":"upstate","sources":["osm_overpass"],"steam_heated":false},"type":"Feature"},{"geometry":{"coordinates":[-76.069282,43.027718],"type":"Point"},"properties":{"cat":"school","demand_kwh":31023304.70901344,"demand_source":"footprint_estimate","id":"s_00733","in_steam":false,"in_uten":false,"name":"Manlius Pebble Hill School","region":"upstate","sources":["osm_overpass"],"steam_heated":false},"type":"Feature"},{"geometry":{"coordinates":[-76.084427,43.029091],"type":"Point"},"properties":{"cat":"school","demand_kwh":33341265.478142314,"demand_source":"footprint_estimate","id":"s_00734","in_steam":false,"in_uten":false,"name":"Jamesville-DeWitt Middle School","region":"upstate","sources":["osm_overpass"],"steam_heated":false},"type":"Feature"},{"geometry":{"coordinates":[-76.123614,43.029528],"type":"Point"},"properties":{"cat":"school","demand_kwh":8919955.180072524,"demand_source":"footprint_estimate","id":"s_00735","in_steam":false,"in_uten":false,"name":"Edward Smith School","region":"upstate","sources":["osm_overpass"],"steam_heated":false},"type":"Feature"},{"geometry":{"coordinates":[-76.1509,43.030203],"type":"Point"},"properties":{"cat":"school","demand_kwh":3244502.2131872177,"demand_source":"footprint_estimate","id":"s_00736","in_steam":false,"in_uten":false,"name":"Beard School","region":"upstate","sources":["osm_overpass"],"steam_heated":false},"type":"Feature"},{"geometry":{"coordinates":[-78.821136,43.031624],"type":"Point"},"properties":{"cat":"office","demand_kwh":349166.08458316186,"demand_source":"footprint_estimate","id":"s_00737","in_steam":false,"in_uten":false,"name":"Creekside Center","region":"upstate","sources":["osm_overpass"],"steam_heated":false},"type":"Feature"},{"geometry":{"coordinates":[-76.11075,43.031788],"type":"Point"},"properties":{"cat":"pool","demand_kwh":17525.09043891623,"demand_source":"footprint_estimate","id":"s_00738","in_steam":false,"in_uten":false,"name":"Unnamed pool","region":"upstate","sources":["osm_overpass"],"steam_heated":false},"type":"Feature"},{"geometry":{"coordinates":[-76.089746,43.0323],"type":"Point"},"properties":{"cat":"school","demand_kwh":43619454.3705173,"demand_source":"footprint_estimate","id":"s_00739","in_steam":false,"in_uten":false,"name":"Christian Brothers Academy","region":"upstate","sources":["osm_overpass"],"steam_heated":false},"type":"Feature"},{"geometry":{"coordinates":[-78.703199,43.033184],"type":"Point"},"properties":{"cat":"pool","demand_kwh":24446.700770943426,"demand_source":"footprint_estimate","id":"s_00740","in_steam":false,"in_uten":false,"name":"Unnamed pool","region":"upstate","sources":["osm_overpass"],"steam_heated":false},"type":"Feature"},{"geometry":{"coordinates":[-76.068567,43.03322],"type":"Point"},"properties":{"cat":"school","demand_kwh":7132472.049784139,"demand_source":"footprint_estimate","id":"s_00741","in_steam":false,"in_uten":false,"name":"Moses DeWitt Elementary School","region":"upstate","sources":["osm_overpass"],"steam_heated":false},"type":"Feature"},{"geometry":{"coordinates":[-76.134759,43.033923],"type":"Point"},"properties":{"cat":"greenhouse","demand_kwh":204960.29049281968,"demand_source":"footprint_estimate","id":"s_00742","in_steam":false,"in_uten":false,"name":"Old Greenhouse","region":"upstate","sources":["osm_overpass"],"steam_heated":false},"type":"Feature"},{"geometry":{"coordinates":[-76.156643,43.033973],"type":"Point"},"properties":{"cat":"greenhouse","demand_kwh":36623.30950309406,"demand_source":"footprint_estimate","id":"s_00743","in_steam":false,"in_uten":false,"name":"Unnamed greenhouse","region":"upstate","sources":["osm_overpass"],"steam_heated":false},"type":"Feature"},{"geometry":{"coordinates":[-76.144296,43.034902],"type":"Point"},"properties":{"cat":"school","demand_kwh":7926412.161291316,"demand_source":"footprint_estimate","id":"s_00744","in_steam":false,"in_uten":false,"name":"Dr. King Elementary School","region":"upstate","sources":["osm_overpass"],"steam_heated":false},"type":"Feature"},{"geometry":{"coordinates":[-76.157775,43.035082],"type":"Point"},"properties":{"cat":"pool","demand_kwh":500000.0,"demand_source":"category_default","id":"s_00745","in_steam":false,"in_uten":false,"name":"Southwest Center Pool","region":"upstate","sources":["osm_overpass"],"steam_heated":false},"type":"Feature"},{"geometry":{"coordinates":[-78.808249,43.035358],"type":"Point"},"properties":{"cat":"office","demand_kwh":409535.22967242025,"demand_source":"footprint_estimate","id":"s_00746","in_steam":false,"in_uten":false,"name":"Unnamed office","region":"upstate","sources":["osm_overpass"],"steam_heated":false},"type":"Feature"},{"geometry":{"coordinates":[-78.932515,43.035493],"type":"Point"},"properties":{"cat":"school","demand_kwh":55671358.7257641,"demand_source":"footprint_estimate","id":"s_00747","in_steam":false,"in_uten":false,"name":"Grand Island Senior High School","region":"upstate","sources":["osm_overpass"],"steam_heated":false},"type":"Feature"},{"geometry":{"coordinates":[-78.805585,43.035496],"type":"Point"},"properties":{"cat":"office","demand_kwh":562978.9096871192,"demand_source":"footprint_estimate","id":"s_00748","in_steam":false,"in_uten":false,"name":"Unnamed office","region":"upstate","sources":["osm_overpass"],"steam_heated":false},"type":"Feature"},{"geometry":{"coordinates":[-76.134921,43.035674],"type":"Point"},"properties":{"cat":"pool","demand_kwh":500000.0,"demand_source":"category_default","id":"s_00749","in_steam":false,"in_uten":false,"name":"Webster Pool","region":"upstate","sources":["osm_overpass"],"steam_heated":false},"type":"Feature"},{"geometry":{"coordinates":[-78.934896,43.035865],"type":"Point"},"properties":{"cat":"school","demand_kwh":37058904.37691083,"demand_source":"footprint_estimate","id":"s_00750","in_steam":false,"in_uten":false,"name":"Veronica E. Connor Middle School","region":"upstate","sources":["osm_overpass"],"steam_heated":false},"type":"Feature"},{"geometry":{"coordinates":[-78.807372,43.038091],"type":"Point"},"properties":{"cat":"office","demand_kwh":412450.6400566455,"demand_source":"footprint_estimate","id":"s_00751","in_steam":false,"in_uten":false,"name":"Unnamed office","region":"upstate","sources":["osm_overpass"],"steam_heated":false},"type":"Feature"},{"geometry":{"coordinates":[-76.138889,43.038611],"type":"Point"},"properties":{"cat":"hospital","demand_kwh":8000000.0,"demand_source":"category_default","id":"s_00752","in_steam":false,"in_uten":false,"name":"Syracuse Veterans Affairs Medical Center","region":"upstate","sources":["osm_overpass"],"steam_heated":false},"type":"Feature"},{"geometry":{"coordinates":[-76.14324,43.039881],"type":"Point"},"properties":{"cat":"pool","demand_kwh":126977.20409929752,"demand_source":"footprint_estimate","id":"s_00753","in_steam":false,"in_uten":false,"name":"Wilson Park Pool","region":"upstate","sources":["osm_overpass"],"steam_heated":false},"type":"Feature"},{"geometry":{"coordinates":[-76.097222,43.040326],"type":"Point"},"properties":{"cat":"school","demand_kwh":73478257.3441337,"demand_source":"footprint_estimate","id":"s_00754","in_steam":false,"in_uten":false,"name":"Nottingham High School","region":"upstate","sources":["osm_overpass"],"steam_heated":false},"type":"Feature"},{"geometry":{"coordinates":[-78.717723,43.040595],"type":"Point"},"properties":{"cat":"pool","demand_kwh":67342.3183709383,"demand_source":"footprint_estimate","id":"s_00755","in_steam":false,"in_uten":false,"name":"Ransom Oaks Pool","region":"upstate","sources":["osm_overpass"],"steam_heated":false},"type":"Feature"},{"geometry":{"coordinates":[-76.139144,43.040818],"type":"Point"},"properties":{"cat":"university","demand_kwh":5000000.0,"demand_source":"category_default","id":"s_00756","in_steam":false,"in_uten":false,"name":"State University of New York Upstate Medical University","region":"upstate","sources":["osm_overpass"],"steam_heated":false},"type":"Feature"},{"geometry":{"coordinates":[-76.156041,43.041032],"type":"Point"},"properties":{"cat":"office","demand_kwh":2260940.7940955088,"demand_source":"footprint_estimate","id":"s_00757","in_steam":false,"in_uten":false,"name":"Unnamed office","region":"upstate","sources":["osm_overpass"],"steam_heated":false},"type":"Feature"},{"geometry":{"coordinates":[-76.138818,43.041343],"type":"Point"},"properties":{"cat":"hospital","demand_kwh":16429061.044174869,"demand_source":"footprint_estimate","id":"s_00758","in_steam":false,"in_uten":false,"name":"Crouse Hospital","region":"upstate","sources":["osm_overpass"],"steam_heated":false},"type":"Feature"},{"geometry":{"coordinates":[-76.136462,43.04193],"type":"Point"},"properties":{"cat":"brewery","demand_kwh":600000.0,"demand_source":"category_default","id":"s_00759","in_steam":false,"in_uten":false,"name":"Orange Crate Brewing Co.","region":"upstate","sources":["osm_overpass"],"steam_heated":false},"type":"Feature"},{"geometry":{"coordinates":[-76.138563,43.04214],"type":"Point"},"properties":{"cat":"hospital","demand_kwh":1152182.6337849197,"demand_source":"footprint_estimate","id":"s_00760","in_steam":false,"in_uten":false,"name":"Upstate Golisano Children's Hospital","region":"upstate","sources":["osm_overpass"],"steam_heated":false},"type":"Feature"},{"geometry":{"coordinates":[-76.150252,43.042294],"type":"Point"},"properties":{"cat":"school","demand_kwh":2384318.483774364,"demand_source":"footprint_estimate","id":"s_00761","in_steam":false,"in_uten":false,"name":"STEAM High School","region":"upstate","sources":["osm_overpass"],"steam_heated":false},"type":"Feature"},{"geometry":{"coordinates":[-78.704638,43.042298],"type":"Point"},"properties":{"cat":"pool","demand_kwh":51926.90325323492,"demand_source":"footprint_estimate","id":"s_00762","in_steam":false,"in_uten":false,"name":"Unnamed pool","region":"upstate","sources":["osm_overpass"],"steam_heated":false},"type":"Feature"},{"geometry":{"coordinates":[-76.140152,43.042563],"type":"Point"},"properties":{"cat":"hospital","demand_kwh":8000000.0,"demand_source":"category_default","id":"s_00763","in_steam":false,"in_uten":false,"name":"Upstate University Hospital","region":"upstate","sources":["osm_overpass"],"steam_heated":false},"type":"Feature"},{"geometry":{"coordinates":[-76.124933,43.042578],"type":"Point"},"properties":{"cat":"pool","demand_kwh":501584.41491127014,"demand_source":"footprint_estimate","id":"s_00764","in_steam":false,"in_uten":false,"name":"Thornden Park Pool","region":"upstate","sources":["osm_overpass"],"steam_heated":false},"type":"Feature"},{"geometry":{"coordinates":[-78.76667,43.042672],"type":"Point"},"properties":{"cat":"pool","demand_kwh":21105.20625282079,"demand_source":"footprint_estimate","id":"s_00765","in_steam":false,"in_uten":false,"name":"Unnamed pool","region":"upstate","sources":["osm_overpass"],"steam_heated":false},"type":"Feature"},{"geometry":{"coordinates":[-78.765413,43.043039],"type":"Point"},"properties":{"cat":"pool","demand_kwh":18806.929335428867,"demand_source":"footprint_estimate","id":"s_00766","in_steam":false,"in_uten":false,"name":"Unnamed pool","region":"upstate","sources":["osm_overpass"],"steam_heated":false},"type":"Feature"},{"geometry":{"coordinates":[-78.767588,43.043044],"type":"Point"},"properties":{"cat":"pool","demand_kwh":23660.776573768817,"demand_source":"footprint_estimate","id":"s_00767","in_steam":false,"in_uten":false,"name":"Unnamed pool","region":"upstate","sources":["osm_overpass"],"steam_heated":false},"type":"Feature"},{"geometry":{"coordinates":[-78.764843,43.04379],"type":"Point"},"properties":{"cat":"pool","demand_kwh":26958.845707698492,"demand_source":"footprint_estimate","id":"s_00768","in_steam":false,"in_uten":false,"name":"Unnamed pool","region":"upstate","sources":["osm_overpass"],"steam_heated":false},"type":"Feature"},{"geometry":{"coordinates":[-78.765656,43.043805],"type":"Point"},"properties":{"cat":"pool","demand_kwh":24076.667895709397,"demand_source":"footprint_estimate","id":"s_00769","in_steam":false,"in_uten":false,"name":"Unnamed pool","region":"upstate","sources":["osm_overpass"],"steam_heated":false},"type":"Feature"},{"geometry":{"coordinates":[-76.136068,43.043947],"type":"Point"},"properties":{"cat":"hotel","demand_kwh":2297087.645937127,"demand_source":"footprint_estimate","id":"s_00770","in_steam":false,"in_uten":false,"name":"Hotel Skyler","region":"upstate","sources":["osm_overpass"],"steam_heated":false},"type":"Feature"},{"geometry":{"coordinates":[-76.073778,43.044033],"type":"Point"},"properties":{"cat":"pool","demand_kwh":59238.115456700325,"demand_source":"footprint_estimate","id":"s_00771","in_steam":false,"in_uten":false,"name":"Unnamed pool","region":"upstate","sources":["osm_overpass"],"steam_heated":false},"type":"Feature"},{"geometry":{"coordinates":[-78.718897,43.044173],"type":"Point"},"properties":{"cat":"pool","demand_kwh":65473.58686029911,"demand_source":"footprint_estimate","id":"s_00772","in_steam":false,"in_uten":false,"name":"Unnamed pool","region":"upstate","sources":["osm_overpass"],"steam_heated":false},"type":"Feature"},{"geometry":{"coordinates":[-76.149936,43.044615],"type":"Point"},"properties":{"cat":"office","demand_kwh":373416.2879142392,"demand_source":"footprint_estimate","id":"s_00773","in_steam":false,"in_uten":false,"name":"Syracuse Technology Garden","region":"upstate","sources":["osm_overpass"],"steam_heated":false},"type":"Feature"},{"geometry":{"coordinates":[-76.151231,43.044744],"type":"Point"},"properties":{"cat":"hotel","demand_kwh":5944426.939184612,"demand_source":"footprint_estimate","id":"s_00774","in_steam":false,"in_uten":false,"name":"Marriott Syracuse Downtown","region":"upstate","sources":["osm_overpass"],"steam_heated":false},"type":"Feature"},{"geometry":{"coordinates":[-76.137383,43.044793],"type":"Point"},"properties":{"cat":"office","demand_kwh":3426857.646011354,"demand_source":"footprint_estimate","id":"s_00775","in_steam":false,"in_uten":false,"name":"Institute For Human Performance","region":"upstate","sources":["osm_overpass"],"steam_heated":false},"type":"Feature"},{"geometry":{"coordinates":[-76.141313,43.0459],"type":"Point"},"properties":{"cat":"hospital","demand_kwh":8000000.0,"demand_source":"category_default","id":"s_00776","in_steam":false,"in_uten":false,"name":"Richard H. Hutchings Psychiatric Center","region":"upstate","sources":["osm_overpass"],"steam_heated":false},"type":"Feature"},{"geometry":{"coordinates":[-76.095256,43.046337],"type":"Point"},"properties":{"cat":"school","demand_kwh":16021738.408325762,"demand_source":"footprint_estimate","id":"s_00777","in_steam":false,"in_uten":false,"name":"HW Smith K-8 School","region":"upstate","sources":["osm_overpass"],"steam_heated":false},"type":"Feature"},{"geometry":{"coordinates":[-76.13507,43.046488],"type":"Point"},"properties":{"cat":"hotel","demand_kwh":5403814.757497888,"demand_source":"footprint_estimate","id":"s_00778","in_steam":false,"in_uten":false,"name":"Collegian Hotel & Suites","region":"upstate","sources":["osm_overpass"],"steam_heated":false},"type":"Feature"},{"geometry":{"coordinates":[-76.146553,43.046734],"type":"Point"},"properties":{"cat":"office","demand_kwh":2608793.4825516297,"demand_source":"footprint_estimate","id":"s_00779","in_steam":false,"in_uten":false,"name":"John C. Dillon Public Safety Building","region":"upstate","sources":["osm_overpass"],"steam_heated":false},"type":"Feature"},{"geometry":{"coordinates":[-76.153868,43.047282],"type":"Point"},"properties":{"cat":"hotel","demand_kwh":818166.5894802182,"demand_source":"footprint_estimate","id":"s_00780","in_steam":false,"in_uten":false,"name":"Best Western Syracuse Downtown Hotel and Suites","region":"upstate","sources":["osm_overpass"],"steam_heated":false},"type":"Feature"},{"geometry":{"coordinates":[-76.158202,43.047471],"type":"Point"},"properties":{"cat":"office","demand_kwh":2514659.5207761554,"demand_source":"footprint_estimate","id":"s_00781","in_steam":false,"in_uten":false,"name":"King + King Architects","region":"upstate","sources":["osm_overpass"],"steam_heated":false},"type":"Feature"},{"geometry":{"coordinates":[-76.140981,43.047597],"type":"Point"},"properties":{"cat":"hotel","demand_kwh":695485.7136017829,"demand_source":"footprint_estimate","id":"s_00782","in_steam":false,"in_uten":false,"name":"ParkView Hotel","region":"upstate","sources":["osm_overpass"],"steam_heated":false},"type":"Feature"},{"geometry":{"coordinates":[-78.810755,43.048142],"type":"Point"},"properties":{"cat":"wwtp","demand_kwh":27272919.990433753,"demand_source":"footprint_estimate","id":"s_00783","in_steam":false,"in_uten":false,"name":"Town of Amherst Water Pollution Control Facility","region":"upstate","sources":["osm_overpass"],"steam_heated":false},"type":"Feature"},{"geometry":{"coordinates":[-76.156101,43.048896],"type":"Point"},"properties":{"cat":"hotel","demand_kwh":1500000.0,"demand_source":"category_default","id":"s_00784","in_steam":false,"in_uten":false,"name":"Courtyard","region":"upstate","sources":["osm_overpass"],"steam_heated":false},"type":"Feature"},{"geometry":{"coordinates":[-78.720912,43.050465],"type":"Point"},"properties":{"cat":"pool","demand_kwh":126230.13082370162,"demand_source":"footprint_estimate","id":"s_00785","in_steam":false,"in_uten":false,"name":"Unnamed pool","region":"upstate","sources":["osm_overpass"],"steam_heated":false},"type":"Feature"},{"geometry":{"coordinates":[-78.992317,43.05054],"type":"Point"},"properties":{"cat":"hotel","demand_kwh":4950758.680538001,"demand_source":"footprint_estimate","id":"s_00786","in_steam":false,"in_uten":false,"name":"Holiday Inn Express","region":"upstate","sources":["osm_overpass"],"steam_heated":false},"type":"Feature"},{"geometry":{"coordinates":[-76.146877,43.052734],"type":"Point"},"properties":{"cat":"hotel","demand_kwh":1879041.6661391035,"demand_source":"footprint_estimate","id":"s_00787","in_steam":false,"in_uten":false,"name":"Clarion Pointe","region":"upstate","sources":["osm_overpass"],"steam_heated":false},"type":"Feature"},{"geometry":{"coordinates":[-78.957651,43.052932],"type":"Point"},"properties":{"cat":"school","demand_kwh":2888888.628152199,"demand_source":"footprint_estimate","id":"s_00788","in_steam":false,"in_uten":false,"name":"Huth Road School","region":"upstate","sources":["osm_overpass"],"steam_heated":false},"type":"Feature"},{"geometry":{"coordinates":[-76.132205,43.054208],"type":"Point"},"properties":{"cat":"school","demand_kwh":11031414.209509939,"demand_source":"footprint_estimate","id":"s_00789","in_steam":false,"in_uten":false,"name":"Dr. Weeks Elementary School","region":"upstate","sources":["osm_overpass"],"steam_heated":false},"type":"Feature"},{"geometry":{"coordinates":[-76.10849,43.055559],"type":"Point"},"properties":{"cat":"office","demand_kwh":10639171.701604128,"demand_source":"footprint_estimate","id":"s_00790","in_steam":false,"in_uten":false,"name":"Syracuse Department of Public Works","region":"upstate","sources":["osm_overpass"],"steam_heated":false},"type":"Feature"},{"geometry":{"coordinates":[-76.125481,43.056727],"type":"Point"},"properties":{"cat":"pool","demand_kwh":187837.25085482,"demand_source":"footprint_estimate","id":"s_00791","in_steam":false,"in_uten":false,"name":"Lincoln Park Pool","region":"upstate","sources":["osm_overpass"],"steam_heated":false},"type":"Feature"},{"geometry":{"coordinates":[-76.118777,43.05776],"type":"Point"},"properties":{"cat":"school","demand_kwh":12254765.218738876,"demand_source":"footprint_estimate","id":"s_00792","in_steam":false,"in_uten":false,"name":"Henninger High School","region":"upstate","sources":["osm_overpass"],"steam_heated":false},"type":"Feature"},{"geometry":{"coordinates":[-78.707315,43.062551],"type":"Point"},"properties":{"cat":"pool","demand_kwh":39950.84631106001,"demand_source":"footprint_estimate","id":"s_00793","in_steam":false,"in_uten":false,"name":"Unnamed pool","region":"upstate","sources":["osm_overpass"],"steam_heated":false},"type":"Feature"},{"geometry":{"coordinates":[-78.697722,43.06325],"type":"Point"},"properties":{"cat":"greenhouse","demand_kwh":300993.300171569,"demand_source":"footprint_estimate","id":"s_00794","in_steam":false,"in_uten":false,"name":"Unnamed greenhouse","region":"upstate","sources":["osm_overpass"],"steam_heated":false},"type":"Feature"},{"geometry":{"coordinates":[-78.777644,43.063713],"type":"Point"},"properties":{"cat":"greenhouse","demand_kwh":9763901.124780143,"demand_source":"footprint_estimate","id":"s_00795","in_steam":false,"in_uten":false,"name":"Unnamed greenhouse","region":"upstate","sources":["osm_overpass"],"steam_heated":false},"type":"Feature"},{"geometry":{"coordinates":[-78.983443,43.073189],"type":"Point"},"properties":{"cat":"hotel","demand_kwh":1224226.4939823747,"demand_source":"footprint_estimate","id":"s_00796","in_steam":false,"in_uten":false,"name":"Sheraton","region":"upstate","sources":["osm_overpass"],"steam_heated":false},"type":"Feature"},{"geometry":{"coordinates":[-78.978003,43.074484],"type":"Point"},"properties":{"cat":"school","demand_kwh":1818776.6677686307,"demand_source":"footprint_estimate","id":"s_00797","in_steam":false,"in_uten":false,"name":"LaSalle Prep School","region":"upstate","sources":["osm_overpass"],"steam_heated":false},"type":"Feature"},{"geometry":{"coordinates":[-78.964953,43.075446],"type":"Point"},"properties":{"cat":"school","demand_kwh":3926106.7762149777,"demand_source":"footprint_estimate","id":"s_00798","in_steam":false,"in_uten":false,"name":"Saint Johns School","region":"upstate","sources":["osm_overpass"],"steam_heated":false},"type":"Feature"},{"geometry":{"coordinates":[-78.98887,43.075676],"type":"Point"},"properties":{"cat":"hotel","demand_kwh":1669978.6826511612,"demand_source":"footprint_estimate","id":"s_00799","in_steam":false,"in_uten":false,"name":"Ashram By Niagara River Hotel","region":"upstate","sources":["osm_overpass"],"steam_heated":false},"type":"Feature"},{"geometry":{"coordinates":[-78.740327,43.079448],"type":"Point"},"properties":{"cat":"school","demand_kwh":6422350.323938727,"demand_source":"footprint_estimate","id":"s_00800","in_steam":false,"in_uten":false,"name":"Good Shepherd School","region":"upstate","sources":["osm_overpass"],"steam_heated":false},"type":"Feature"},{"geometry":{"coordinates":[-78.950098,43.079632],"type":"Point"},"properties":{"cat":"wwtp","demand_kwh":37821.83579031989,"demand_source":"footprint_estimate","id":"s_00801","in_steam":false,"in_uten":false,"name":"Unnamed wwtp","region":"upstate","sources":["osm_overpass"],"steam_heated":false},"type":"Feature"},{"geometry":{"coordinates":[-79.045246,43.081587],"type":"Point"},"properties":{"cat":"wwtp","demand_kwh":9665848.247431405,"demand_source":"footprint_estimate","id":"s_00802","in_steam":false,"in_uten":false,"name":"Niagara Falls Wastewater Treatment Plant","region":"upstate","sources":["osm_overpass"],"steam_heated":false},"type":"Feature"},{"geometry":{"coordinates":[-79.056865,43.08183],"type":"Point"},"properties":{"cat":"hotel","demand_kwh":5617080.7829965325,"demand_source":"footprint_estimate","id":"s_00803","in_steam":false,"in_uten":false,"name":"DoubleTree by Hilton Hotel Niagara Falls New York","region":"upstate","sources":["osm_overpass"],"steam_heated":false},"type":"Feature"},{"geometry":{"coordinates":[-79.051369,43.083027],"type":"Point"},"properties":{"cat":"hotel","demand_kwh":3965593.955550017,"demand_source":"footprint_estimate","id":"s_00804","in_steam":false,"in_uten":false,"name":"Courtyard Niagara Falls","region":"upstate","sources":["osm_overpass"],"steam_heated":false},"type":"Feature"},{"geometry":{"coordinates":[-79.057923,43.083086],"type":"Point"},"properties":{"cat":"hotel","demand_kwh":3413234.7540121526,"demand_source":"footprint_estimate","id":"s_00805","in_steam":false,"in_uten":false,"name":"Wingate by Wyndham Niagara Falls","region":"upstate","sources":["osm_overpass"],"steam_heated":false},"type":"Feature"},{"geometry":{"coordinates":[-79.056195,43.083198],"type":"Point"},"properties":{"cat":"hotel","demand_kwh":2451581.727407029,"demand_source":"footprint_estimate","id":"s_00806","in_steam":false,"in_uten":false,"name":"Hampton Inn Niagara Falls","region":"upstate","sources":["osm_overpass"],"steam_heated":false},"type":"Feature"},{"geometry":{"coordinates":[-79.058558,43.083205],"type":"Point"},"properties":{"cat":"hotel","demand_kwh":1808506.7186683416,"demand_source":"footprint_estimate","id":"s_00807","in_steam":false,"in_uten":false,"name":"Cambria Hotel Niagara Falls","region":"upstate","sources":["osm_overpass"],"steam_heated":false},"type":"Feature"},{"geometry":{"coordinates":[-79.052614,43.083347],"type":"Point"},"properties":{"cat":"hotel","demand_kwh":1599921.5546518564,"demand_source":"footprint_estimate","id":"s_00808","in_steam":false,"in_uten":false,"name":"The Klika Hotel","region":"upstate","sources":["osm_overpass"],"steam_heated":false},"type":"Feature"},{"geometry":{"coordinates":[-79.05334,43.083358],"type":"Point"},"properties":{"cat":"hotel","demand_kwh":1597397.7874877863,"demand_source":"footprint_estimate","id":"s_00809","in_steam":false,"in_uten":false,"name":"Fairfield Inn & Suites Niagara Falls","region":"upstate","sources":["osm_overpass"],"steam_heated":false},"type":"Feature"},{"geometry":{"coordinates":[-78.97319,43.084199],"type":"Point"},"properties":{"cat":"school","demand_kwh":6685046.549361795,"demand_source":"footprint_estimate","id":"s_00810","in_steam":false,"in_uten":false,"name":"Seventyninth Street School","region":"upstate","sources":["osm_overpass"],"steam_heated":false},"type":"Feature"},{"geometry":{"coordinates":[-79.062959,43.084211],"type":"Point"},"properties":{"cat":"hotel","demand_kwh":2201101.3833714765,"demand_source":"footprint_estimate","id":"s_00811","in_steam":false,"in_uten":false,"name":"Red Coach Inn","region":"upstate","sources":["osm_overpass"],"steam_heated":false},"type":"Feature"},{"geometry":{"coordinates":[-79.059881,43.084361],"type":"Point"},"properties":{"cat":"hotel","demand_kwh":3649410.674207937,"demand_source":"footprint_estimate","id":"s_00812","in_steam":false,"in_uten":false,"name":"voco Niagara Falls - The Cadence","region":"upstate","sources":["osm_overpass"],"steam_heated":false},"type":"Feature"},{"geometry":{"coordinates":[-78.989371,43.084826],"type":"Point"},"properties":{"cat":"school","demand_kwh":2471162.442897081,"demand_source":"footprint_estimate","id":"s_00813","in_steam":false,"in_uten":false,"name":"Madonna High School","region":"upstate","sources":["osm_overpass"],"steam_heated":false},"type":"Feature"},{"geometry":{"coordinates":[-79.062231,43.08557],"type":"Point"},"properties":{"cat":"hotel","demand_kwh":2298380.831970563,"demand_source":"footprint_estimate","id":"s_00814","in_steam":false,"in_uten":false,"name":"Quality Hotel & Suites At The Falls","region":"upstate","sources":["osm_overpass"],"steam_heated":false},"type":"Feature"},{"geometry":{"coordinates":[-79.064039,43.08569],"type":"Point"},"properties":{"cat":"hotel","demand_kwh":3127497.0954491533,"demand_source":"footprint_estimate","id":"s_00815","in_steam":false,"in_uten":false,"name":"Comfort Inn the Pointe","region":"upstate","sources":["osm_overpass"],"steam_heated":false},"type":"Feature"},{"geometry":{"coordinates":[-79.064311,43.085793],"type":"Point"},"properties":{"cat":"brewery","demand_kwh":66475.76767967548,"demand_source":"footprint_estimate","id":"s_00816","in_steam":false,"in_uten":false,"name":"Everest Microbrewery","region":"upstate","sources":["osm_overpass"],"steam_heated":false},"type":"Feature"},{"geometry":{"coordinates":[-79.055728,43.086348],"type":"Point"},"properties":{"cat":"hotel","demand_kwh":8407824.371740669,"demand_source":"footprint_estimate","id":"s_00817","in_steam":false,"in_uten":false,"name":"Seneca Niagara Resort & Casino","region":"upstate","sources":["osm_overpass"],"steam_heated":false},"type":"Feature"},{"geometry":{"coordinates":[-79.063406,43.086508],"type":"Point"},"properties":{"cat":"hotel","demand_kwh":2781143.3057357906,"demand_source":"footprint_estimate","id":"s_00818","in_steam":false,"in_uten":false,"name":"Hyatt Place Niagara Falls","region":"upstate","sources":["osm_overpass"],"steam_heated":false},"type":"Feature"},{"geometry":{"coordinates":[-79.059828,43.086744],"type":"Point"},"properties":{"cat":"hotel","demand_kwh":14440836.238273922,"demand_source":"footprint_estimate","id":"s_00819","in_steam":false,"in_uten":false,"name":"Sheraton At The Falls","region":"upstate","sources":["osm_overpass"],"steam_heated":false},"type":"Feature"},{"geometry":{"coordinates":[-78.989768,43.087916],"type":"Point"},"properties":{"cat":"hotel","demand_kwh":1037879.6264087164,"demand_source":"footprint_estimate","id":"s_00820","in_steam":false,"in_uten":false,"name":"Hampton Inn Niagara Falls/Blvd","region":"upstate","sources":["osm_overpass"],"steam_heated":false},"type":"Feature"},{"geometry":{"coordinates":[-79.03099,43.087995],"type":"Point"},"properties":{"cat":"school","demand_kwh":4553574.730441868,"demand_source":"footprint_estimate","id":"s_00821","in_steam":false,"in_uten":false,"name":"Niagara Street School","region":"upstate","sources":["osm_overpass"],"steam_heated":false},"type":"Feature"},{"geometry":{"coordinates":[-78.988793,43.088297],"type":"Point"},"properties":{"cat":"hotel","demand_kwh":4353161.617902809,"demand_source":"footprint_estimate","id":"s_00822","in_steam":false,"in_uten":false,"name":"Red Roof Inn Niagara Falls","region":"upstate","sources":["osm_overpass"],"steam_heated":false},"type":"Feature"},{"geometry":{"coordinates":[-78.974759,43.088444],"type":"Point"},"properties":{"cat":"pool","demand_kwh":35372.7748233825,"demand_source":"footprint_estimate","id":"s_00823","in_steam":false,"in_uten":false,"name":"Unnamed pool","region":"upstate","sources":["osm_overpass"],"steam_heated":false},"type":"Feature"},{"geometry":{"coordinates":[-78.976511,43.088688],"type":"Point"},"properties":{"cat":"pool","demand_kwh":21996.363789588213,"demand_source":"footprint_estimate","id":"s_00824","in_steam":false,"in_uten":false,"name":"Unnamed pool","region":"upstate","sources":["osm_overpass"],"steam_heated":false},"type":"Feature"},{"geometry":{"coordinates":[-79.062167,43.089005],"type":"Point"},"properties":{"cat":"hotel","demand_kwh":1667965.732136364,"demand_source":"footprint_estimate","id":"s_00825","in_steam":false,"in_uten":false,"name":"Wyndham Garden at Niagara Falls","region":"upstate","sources":["osm_overpass"],"steam_heated":false},"type":"Feature"},{"geometry":{"coordinates":[-78.975782,43.089081],"type":"Point"},"properties":{"cat":"hotel","demand_kwh":4419474.450434641,"demand_source":"footprint_estimate","id":"s_00826","in_steam":false,"in_uten":false,"name":"Quality Inn & Suites","region":"upstate","sources":["osm_overpass"],"steam_heated":false},"type":"Feature"},{"geometry":{"coordinates":[-78.975152,43.08916],"type":"Point"},"properties":{"cat":"hotel","demand_kwh":1276529.626975581,"demand_source":"footprint_estimate","id":"s_00827","in_steam":false,"in_uten":false,"name":"Microtel Inn & Suites","region":"upstate","sources":["osm_overpass"],"steam_heated":false},"type":"Feature"},{"geometry":{"coordinates":[-78.994053,43.089262],"type":"Point"},"properties":{"cat":"hotel","demand_kwh":2221812.289815192,"demand_source":"footprint_estimate","id":"s_00828","in_steam":false,"in_uten":false,"name":"Comfort Inn & Suites Niagara Falls Boulevard USA","region":"upstate","sources":["osm_overpass"],"steam_heated":false},"type":"Feature"},{"geometry":{"coordinates":[-78.993079,43.089299],"type":"Point"},"properties":{"cat":"hotel","demand_kwh":2055593.890103478,"demand_source":"footprint_estimate","id":"s_00829","in_steam":false,"in_uten":false,"name":"La Quinta Inn & Suites","region":"upstate","sources":["osm_overpass"],"steam_heated":false},"type":"Feature"},{"geometry":{"coordinates":[-78.891852,43.089591],"type":"Point"},"properties":{"cat":"hotel","demand_kwh":3008128.986995481,"demand_source":"footprint_estimate","id":"s_00830","in_steam":false,"in_uten":false,"name":"Days Inn &Suites by Wyndham Niagara Falls","region":"upstate","sources":["osm_overpass"],"steam_heated":false},"type":"Feature"},{"geometry":{"coordinates":[-79.036091,43.089889],"type":"Point"},"properties":{"cat":"pool","demand_kwh":8662.136708540493,"demand_source":"footprint_estimate","id":"s_00831","in_steam":false,"in_uten":false,"name":"Unnamed pool","region":"upstate","sources":["osm_overpass"],"steam_heated":false},"type":"Feature"},{"geometry":{"coordinates":[-79.034979,43.090124],"type":"Point"},"properties":{"cat":"pool","demand_kwh":4574.28442632081,"demand_source":"footprint_estimate","id":"s_00832","in_steam":false,"in_uten":false,"name":"Unnamed pool","region":"upstate","sources":["osm_overpass"],"steam_heated":false},"type":"Feature"},{"geometry":{"coordinates":[-79.06248,43.090196],"type":"Point"},"properties":{"cat":"hotel","demand_kwh":2030190.1755580679,"demand_source":"footprint_estimate","id":"s_00833","in_steam":false,"in_uten":false,"name":"Niagara Inn","region":"upstate","sources":["osm_overpass"],"steam_heated":false},"type":"Feature"},{"geometry":{"coordinates":[-79.056283,43.090367],"type":"Point"},"properties":{"cat":"pool","demand_kwh":9863.47652100958,"demand_source":"footprint_estimate","id":"s_00834","in_steam":false,"in_uten":false,"name":"Unnamed pool","region":"upstate","sources":["osm_overpass"],"steam_heated":false},"type":"Feature"},{"geometry":{"coordinates":[-79.035273,43.090624],"type":"Point"},"properties":{"cat":"pool","demand_kwh":6526.551128260326,"demand_source":"footprint_estimate","id":"s_00835","in_steam":false,"in_uten":false,"name":"Unnamed pool","region":"upstate","sources":["osm_overpass"],"steam_heated":false},"type":"Feature"},{"geometry":{"coordinates":[-79.042055,43.090748],"type":"Point"},"properties":{"cat":"school","demand_kwh":3890292.19932653,"demand_source":"footprint_estimate","id":"s_00836","in_steam":false,"in_uten":false,"name":"Ferry Avenue School","region":"upstate","sources":["osm_overpass"],"steam_heated":false},"type":"Feature"},{"geometry":{"coordinates":[-79.035001,43.091291],"type":"Point"},"properties":{"cat":"pool","demand_kwh":6279.291133582592,"demand_source":"footprint_estimate","id":"s_00837","in_steam":false,"in_uten":false,"name":"Unnamed pool","region":"upstate","sources":["osm_overpass"],"steam_heated":false},"type":"Feature"},{"geometry":{"coordinates":[-79.047273,43.091647],"type":"Point"},"properties":{"cat":"pool","demand_kwh":11349.049468478188,"demand_source":"footprint_estimate","id":"s_00838","in_steam":false,"in_uten":false,"name":"Unnamed pool","region":"upstate","sources":["osm_overpass"],"steam_heated":false},"type":"Feature"},{"geometry":{"coordinates":[-79.046023,43.092481],"type":"Point"},"properties":{"cat":"school","demand_kwh":6555921.951535733,"demand_source":"footprint_estimate","id":"s_00839","in_steam":false,"in_uten":false,"name":"South Junior High School","region":"upstate","sources":["osm_overpass"],"steam_heated":false},"type":"Feature"},{"geometry":{"coordinates":[-79.049565,43.093608],"type":"Point"},"properties":{"cat":"hospital","demand_kwh":52591104.62035227,"demand_source":"footprint_estimate","id":"s_00840","in_steam":false,"in_uten":false,"name":"Niagara Falls Memorial Medical Center","region":"upstate","sources":["osm_overpass"],"steam_heated":false},"type":"Feature"},{"geometry":{"coordinates":[-78.956236,43.093763],"type":"Point"},"properties":{"cat":"hotel","demand_kwh":2845476.922968487,"demand_source":"footprint_estimate","id":"s_00841","in_steam":false,"in_uten":false,"name":"Travelodge Niagara Falls","region":"upstate","sources":["osm_overpass"],"steam_heated":false},"type":"Feature"},{"geometry":{"coordinates":[-78.953741,43.096237],"type":"Point"},"properties":{"cat":"hotel","demand_kwh":5885255.569509231,"demand_source":"footprint_estimate","id":"s_00842","in_steam":false,"in_uten":false,"name":"Best Western Summit Inn","region":"upstate","sources":["osm_overpass"],"steam_heated":false},"type":"Feature"},{"geometry":{"coordinates":[-79.035092,43.096435],"type":"Point"},"properties":{"cat":"pool","demand_kwh":9110.541971924249,"demand_source":"footprint_estimate","id":"s_00843","in_steam":false,"in_uten":false,"name":"Unnamed pool","region":"upstate","sources":["osm_overpass"],"steam_heated":false},"type":"Feature"},{"geometry":{"coordinates":[-79.034195,43.096718],"type":"Point"},"properties":{"cat":"pool","demand_kwh":9536.602524807677,"demand_source":"footprint_estimate","id":"s_00844","in_steam":false,"in_uten":false,"name":"Unnamed pool","region":"upstate","sources":["osm_overpass"],"steam_heated":false},"type":"Feature"},{"geometry":{"coordinates":[-79.035085,43.097366],"type":"Point"},"properties":{"cat":"pool","demand_kwh":6771.775746729691,"demand_source":"footprint_estimate","id":"s_00845","in_steam":false,"in_uten":false,"name":"Unnamed pool","region":"upstate","sources":["osm_overpass"],"steam_heated":false},"type":"Feature"},{"geometry":{"coordinates":[-79.032699,43.097517],"type":"Point"},"properties":{"cat":"school","demand_kwh":3714325.09027584,"demand_source":"footprint_estimate","id":"s_00846","in_steam":false,"in_uten":false,"name":"Unnamed school","region":"upstate","sources":["osm_overpass"],"steam_heated":false},"type":"Feature"},{"geometry":{"coordinates":[-79.026248,43.097525],"type":"Point"},"properties":{"cat":"school","demand_kwh":3824896.991125345,"demand_source":"footprint_estimate","id":"s_00847","in_steam":false,"in_uten":false,"name":"Gaskill High School","region":"upstate","sources":["osm_overpass"],"steam_heated":false},"type":"Feature"},{"geometry":{"coordinates":[-78.9462,43.097557],"type":"Point"},"properties":{"cat":"hotel","demand_kwh":1017922.0776734501,"demand_source":"footprint_estimate","id":"s_00848","in_steam":false,"in_uten":false,"name":"Holiday Inn Express & Suites Niagara Falls","region":"upstate","sources":["osm_overpass"],"steam_heated":false},"type":"Feature"},{"geometry":{"coordinates":[-78.929515,43.098994],"type":"Point"},"properties":{"cat":"greenhouse","demand_kwh":203399.80410230055,"demand_source":"footprint_estimate","id":"s_00849","in_steam":false,"in_uten":false,"name":"Unnamed greenhouse","region":"upstate","sources":["osm_overpass"],"steam_heated":false},"type":"Feature"},{"geometry":{"coordinates":[-79.025771,43.100333],"type":"Point"},"properties":{"cat":"pool","demand_kwh":381773.7417951226,"demand_source":"footprint_estimate","id":"s_00850","in_steam":false,"in_uten":false,"name":"Unnamed pool","region":"upstate","sources":["osm_overpass"],"steam_heated":false},"type":"Feature"},{"geometry":{"coordinates":[-79.054137,43.101269],"type":"Point"},"properties":{"cat":"pool","demand_kwh":12898.890728782862,"demand_source":"footprint_estimate","id":"s_00851","in_steam":false,"in_uten":false,"name":"Unnamed pool","region":"upstate","sources":["osm_overpass"],"steam_heated":false},"type":"Feature"},{"geometry":{"coordinates":[-79.05524,43.101309],"type":"Point"},"properties":{"cat":"pool","demand_kwh":6630.47802997753,"demand_source":"footprint_estimate","id":"s_00852","in_steam":false,"in_uten":false,"name":"Unnamed pool","region":"upstate","sources":["osm_overpass"],"steam_heated":false},"type":"Feature"},{"geometry":{"coordinates":[-79.050179,43.102006],"type":"Point"},"properties":{"cat":"school","demand_kwh":22789868.965364378,"demand_source":"footprint_estimate","id":"s_00853","in_steam":false,"in_uten":false,"name":"Unnamed school","region":"upstate","sources":["osm_overpass"],"steam_heated":false},"type":"Feature"},{"geometry":{"coordinates":[-79.028845,43.103907],"type":"Point"},"properties":{"cat":"school","demand_kwh":2724211.116517782,"demand_source":"footprint_estimate","id":"s_00854","in_steam":false,"in_uten":false,"name":"Hyde Park School","region":"upstate","sources":["osm_overpass"],"steam_heated":false},"type":"Feature"},{"geometry":{"coordinates":[-79.030565,43.105759],"type":"Point"},"properties":{"cat":"pool","demand_kwh":5930.620918126078,"demand_source":"footprint_estimate","id":"s_00855","in_steam":false,"in_uten":false,"name":"Unnamed pool","region":"upstate","sources":["osm_overpass"],"steam_heated":false},"type":"Feature"},{"geometry":{"coordinates":[-79.033283,43.105782],"type":"Point"},"properties":{"cat":"pool","demand_kwh":7224.097488692496,"demand_source":"footprint_estimate","id":"s_00856","in_steam":false,"in_uten":false,"name":"Unnamed pool","region":"upstate","sources":["osm_overpass"],"steam_heated":false},"type":"Feature"},{"geometry":{"coordinates":[-79.029406,43.105808],"type":"Point"},"properties":{"cat":"pool","demand_kwh":4741.018575802445,"demand_source":"footprint_estimate","id":"s_00857","in_steam":false,"in_uten":false,"name":"Unnamed pool","region":"upstate","sources":["osm_overpass"],"steam_heated":false},"type":"Feature"},{"geometry":{"coordinates":[-79.052366,43.106204],"type":"Point"},"properties":{"cat":"school","demand_kwh":5626688.410704508,"demand_source":"footprint_estimate","id":"s_00858","in_steam":false,"in_uten":false,"name":"Unnamed school","region":"upstate","sources":["osm_overpass"],"steam_heated":false},"type":"Feature"},{"geometry":{"coordinates":[-79.051308,43.111598],"type":"Point"},"properties":{"cat":"pool","demand_kwh":6056.537872715853,"demand_source":"footprint_estimate","id":"s_00859","in_steam":false,"in_uten":false,"name":"Unnamed pool","region":"upstate","sources":["osm_overpass"],"steam_heated":false},"type":"Feature"},{"geometry":{"coordinates":[-79.046956,43.111685],"type":"Point"},"properties":{"cat":"pool","demand_kwh":12522.550343361218,"demand_source":"footprint_estimate","id":"s_00860","in_steam":false,"in_uten":false,"name":"Unnamed pool","region":"upstate","sources":["osm_overpass"],"steam_heated":false},"type":"Feature"},{"geometry":{"coordinates":[-79.043314,43.113377],"type":"Point"},"properties":{"cat":"pool","demand_kwh":119417.36019764794,"demand_source":"footprint_estimate","id":"s_00861","in_steam":false,"in_uten":false,"name":"Unnamed pool","region":"upstate","sources":["osm_overpass"],"steam_heated":false},"type":"Feature"},{"geometry":{"coordinates":[-78.697577,43.129639],"type":"Point"},"properties":{"cat":"hotel","demand_kwh":2305357.435044204,"demand_source":"footprint_estimate","id":"s_00862","in_steam":false,"in_uten":false,"name":"Hampton Inn Lockport","region":"upstate","sources":["osm_overpass"],"steam_heated":false},"type":"Feature"},{"geometry":{"coordinates":[-78.683386,43.136086],"type":"Point"},"properties":{"cat":"school","demand_kwh":1950595.0577236712,"demand_source":"footprint_estimate","id":"s_00863","in_steam":false,"in_uten":false,"name":"George M Southard Elementary","region":"upstate","sources":["osm_overpass"],"steam_heated":false},"type":"Feature"},{"geometry":{"coordinates":[-78.705341,43.148443],"type":"Point"},"properties":{"cat":"hospital","demand_kwh":148913877.93845847,"demand_source":"footprint_estimate","id":"s_00864","in_steam":false,"in_uten":false,"name":"Lockport Memorial Hospital","region":"upstate","sources":["osm_overpass"],"steam_heated":false},"type":"Feature"},{"geometry":{"coordinates":[-78.698217,43.152248],"type":"Point"},"properties":{"cat":"hotel","demand_kwh":2628653.4749589628,"demand_source":"footprint_estimate","id":"s_00865","in_steam":false,"in_uten":false,"name":"Quality Inn","region":"upstate","sources":["osm_overpass"],"steam_heated":false},"type":"Feature"},{"geometry":{"coordinates":[-78.669533,43.152396],"type":"Point"},"properties":{"cat":"office","demand_kwh":2694315.6390452385,"demand_source":"footprint_estimate","id":"s_00866","in_steam":false,"in_uten":false,"name":"New York State Electric & Gas","region":"upstate","sources":["osm_overpass"],"steam_heated":false},"type":"Feature"},{"geometry":{"coordinates":[-78.697956,43.153096],"type":"Point"},"properties":{"cat":"hotel","demand_kwh":8292951.701682864,"demand_source":"footprint_estimate","id":"s_00867","in_steam":false,"in_uten":false,"name":"Spark by Hilton","region":"upstate","sources":["osm_overpass"],"steam_heated":false},"type":"Feature"},{"geometry":{"coordinates":[-78.707792,43.178099],"type":"Point"},"properties":{"cat":"pool","demand_kwh":207160.355450958,"demand_source":"footprint_estimate","id":"s_00868","in_steam":false,"in_uten":false,"name":"Unnamed pool","region":"upstate","sources":["osm_overpass"],"steam_heated":false},"type":"Feature"},{"geometry":{"coordinates":[-78.663588,43.179603],"type":"Point"},"properties":{"cat":"pool","demand_kwh":95927.38613039255,"demand_source":"footprint_estimate","id":"s_00869","in_steam":false,"in_uten":false,"name":"Unnamed pool","region":"upstate","sources":["osm_overpass"],"steam_heated":false},"type":"Feature"},{"geometry":{"coordinates":[-78.706055,43.185342],"type":"Point"},"properties":{"cat":"wwtp","demand_kwh":4440820.684040152,"demand_source":"footprint_estimate","id":"s_00870","in_steam":false,"in_uten":false,"name":"Unnamed wwtp","region":"upstate","sources":["osm_overpass"],"steam_heated":false},"type":"Feature"},{"geometry":{"coordinates":[-78.673409,43.191539],"type":"Point"},"properties":{"cat":"greenhouse","demand_kwh":99042.20948519651,"demand_source":"footprint_estimate","id":"s_00871","in_steam":false,"in_uten":false,"name":"Unnamed greenhouse","region":"upstate","sources":["osm_overpass"],"steam_heated":false},"type":"Feature"}],"type":"FeatureCollection"}
