{"features":[{"geometry":{"coordinates":[[[-74.1769182,40.5954024],[-74.1764477,40.5931722],[-74.1757742,40.5927682],[-74.1754566,40.5932179],[-74.1754995,40.5921686],[-74.175079,40.5918753],[-74.1754395,40.5919404],[-74.1757141,40.5925466],[-74.1763149,40.5926769],[-74.1773473,40.5937339],[-74.1780315,40.5936546],[-74.1778427,40.5927877],[-74.1781175,40.593744],[-74.1795103,40.5932907],[-74.1798794,40.5928997],[-74.1794077,40.5925644],[-74.1799631,40.592614],[-74.1801679,40.591915],[-74.1799887,40.5905914],[-74.1791046,40.5897115],[-74.1785381,40.5881668],[-74.1797935,40.5871118],[-74.1790811,40.5868902],[-74.1790188,40.5864981],[-74.1812534,40.5857606],[-74.1813471,40.5852476],[-74.181266,40.5847337],[-74.1787012,40.582372],[-74.1779911,40.5807824],[-74.1782743,40.5795439],[-74.1803517,40.5771714],[-74.1817508,40.5767477],[-74.1850467,40.5768129],[-74.1865439,40.5780245],[-74.1816907,40.5780982],[-74.1808536,40.5785095],[-74.180017,40.5797138],[-74.1802487,40.5808937],[-74.181725,40.5824778],[-74.1832442,40.5850461],[-74.1828408,40.586278],[-74.1802118,40.5883207],[-74.1803943,40.5891846],[-74.1811325,40.5901818],[-74.1814758,40.5917656],[-74.1806537,40.5934587],[-74.1800089,40.5938943],[-74.1803862,40.5943828],[-74.1798712,40.5940178],[-74.1793562,40.5947217],[-74.1792911,40.5942932],[-74.1772529,40.5944965],[-74.1774515,40.5956096],[-74.1781844,40.5953281],[-74.177472,40.5960441],[-74.1783733,40.5958756],[-74.1779747,40.5962162],[-74.1782729,40.5964545],[-74.1770705,40.5963655],[-74.1768913,40.5972483],[-74.1759186,40.5977115],[-74.1758381,40.598238],[-74.1752449,40.5987168],[-74.1749597,40.5994835],[-74.1734672,40.5992864],[-74.1732541,40.599882],[-74.1728112,40.600198],[-74.173235,40.6002879],[-74.1732404,40.6005481],[-74.1729904,40.6006579],[-74.172585,40.6006032],[-74.1729878,40.6008034],[-74.1729356,40.6010237],[-74.172353,40.6011839],[-74.1726628,40.6012301],[-74.1728671,40.6015858],[-74.1716671,40.602199],[-74.1727595,40.6015561],[-74.1722671,40.60115],[-74.172886,40.6009234],[-74.1725029,40.6005599],[-74.1731539,40.6005105],[-74.1727075,40.6002215],[-74.173354,40.5992703],[-74.174923,40.5993463],[-74.1751591,40.5985734],[-74.1756651,40.5982243],[-74.1756158,40.5976607],[-74.1752381,40.5972847],[-74.1745367,40.5975338],[-74.1745125,40.5973238],[-74.176411,40.5969724],[-74.1769354,40.5957413],[-74.1765708,40.5956475],[-74.1769182,40.5954024]],[[-74.1758157,40.5974893],[-74.1764341,40.59713],[-74.1757143,40.5974084],[-74.1758157,40.5974893]]],"type":"Polygon"},"properties":{"kind":"water"},"type":"Feature"},{"geometry":{"coordinates":[[[-74.1608707,40.6022424],[-74.1616082,40.6005725],[-74.1618439,40.6004764],[-74.1619922,40.6017586],[-74.1611443,40.6025829],[-74.1608707,40.6022424]]],"type":"Polygon"},"properties":{"kind":"water"},"type":"Feature"},{"geometry":{"coordinates":[[[-74.1571003,40.6065715],[-74.1581486,40.604295],[-74.1587301,40.6042829],[-74.1588236,40.604824],[-74.1579478,40.6066914],[-74.1577192,40.6068882],[-74.1571003,40.6065715]]],"type":"Polygon"},"properties":{"kind":"water"},"type":"Feature"},{"geometry":{"coordinates":[[[-74.1967742,40.6101033],[-74.1957159,40.6092704],[-74.1949479,40.6094182],[-74.1954328,40.6099421],[-74.1950187,40.6102215],[-74.1943781,40.6103559],[-74.1951674,40.6100711],[-74.1947958,40.6093913],[-74.1934509,40.6094262],[-74.1932491,40.6101436],[-74.1933411,40.6095767],[-74.1927183,40.6094289],[-74.1927926,40.60966],[-74.1925271,40.609566],[-74.192697,40.609308],[-74.1931182,40.6093618],[-74.1927624,40.6089415],[-74.1924969,40.6090962],[-74.1927597,40.60886],[-74.1926012,40.608334],[-74.1917202,40.6083064],[-74.1915808,40.6085325],[-74.1917967,40.6085752],[-74.193291,40.6129853],[-74.191486,40.6085318],[-74.1916079,40.608325],[-74.188024,40.6081877],[-74.1881408,40.6090138],[-74.1877999,40.6094215],[-74.1873329,40.6094427],[-74.1876177,40.6095845],[-74.1874543,40.6100419],[-74.1874823,40.6095952],[-74.1871974,40.6096519],[-74.1872581,40.6093718],[-74.187585,40.6093399],[-74.1868655,40.6087448],[-74.1864876,40.6092158],[-74.186609,40.6096732],[-74.1863615,40.6092655],[-74.1864829,40.6090244],[-74.1859505,40.6088649],[-74.185605,40.6088932],[-74.1859319,40.6095456],[-74.1854882,40.6098434],[-74.1839658,40.6098292],[-74.1856843,40.6095314],[-74.1853528,40.6088684],[-74.185633,40.6087018],[-74.1865903,40.6088471],[-74.186567,40.6083189],[-74.1871937,40.6079378],[-74.1865296,40.6075779],[-74.1851987,40.6084075],[-74.1844141,40.608326],[-74.1840592,40.6086947],[-74.184232,40.6083721],[-74.1840078,40.6083331],[-74.1843581,40.6082941],[-74.1841899,40.6080352],[-74.1849278,40.6083508],[-74.1856703,40.6079572],[-74.1852407,40.6072553],[-74.185661,40.6070425],[-74.184431,40.6064421],[-74.1850352,40.6066844],[-74.1858385,40.6063973],[-74.1857077,40.6067518],[-74.1852547,40.6066348],[-74.1858992,40.6069787],[-74.1855863,40.6072836],[-74.1859692,40.6074467],[-74.1857918,40.6076452],[-74.1867865,40.6072304],[-74.1873235,40.6063334],[-74.1863241,40.6060604],[-74.1866183,40.6058867],[-74.1860253,40.6054187],[-74.1863335,40.605011],[-74.186128,40.6054648],[-74.1868472,40.6058583],[-74.1877111,40.6053301],[-74.1874543,40.6049365],[-74.1885984,40.6056563],[-74.1878325,40.6054045],[-74.1869826,40.6059257],[-74.187599,40.6062448],[-74.1877952,40.6069716],[-74.1875897,40.606493],[-74.1869601,40.607285],[-74.1880103,40.6075151],[-74.1868899,40.6073752],[-74.187362,40.6078863],[-74.1867344,40.608432],[-74.1877965,40.6091121],[-74.1880218,40.6088759],[-74.1878617,40.6080453],[-74.1890646,40.6081361],[-74.1891424,40.6075558],[-74.1892658,40.6080893],[-74.1929423,40.6080927],[-74.1955858,40.6068623],[-74.1958384,40.6073302],[-74.1956844,40.6078588],[-74.1956104,40.6072787],[-74.1948833,40.6074284],[-74.19301,40.608495],[-74.1932319,40.6090938],[-74.1965533,40.609178],[-74.1974101,40.6097922],[-74.1969089,40.610327],[-74.1960593,40.610595],[-74.1967742,40.6101033]]],"type":"Polygon"},"properties":{"kind":"water"},"type":"Feature"},{"geometry":{"coordinates":[[[-74.1827747,40.6166645],[-74.1823161,40.6167948],[-74.181101,40.6161229],[-74.1813102,40.6159295],[-74.1825628,40.6163122],[-74.1827747,40.6166645]]],"type":"Polygon"},"properties":{"kind":"water"},"type":"Feature"},{"geometry":{"coordinates":[[[-74.1837368,40.6166491],[-74.1845289,40.6168212],[-74.1840005,40.6176458],[-74.1833568,40.617257],[-74.1837368,40.6166491]]],"type":"Polygon"},"properties":{"kind":"water"},"type":"Feature"},{"geometry":{"coordinates":[[[-74.168169,40.6191767],[-74.169199,40.6191279],[-74.1694994,40.6196654],[-74.1690702,40.6201703],[-74.1682548,40.620154],[-74.1680208,40.6198259],[-74.168169,40.6191767]]],"type":"Polygon"},"properties":{"kind":"water"},"type":"Feature"},{"geometry":{"coordinates":[[[-74.121751,40.6256086],[-74.120174,40.6249294],[-74.1199481,40.6240966],[-74.1201599,40.6239038],[-74.1199081,40.6237815],[-74.1198475,40.6236154],[-74.1201993,40.6237931],[-74.1203131,40.6235195],[-74.1219211,40.625781],[-74.1225635,40.6273581],[-74.121751,40.6256086]]],"type":"Polygon"},"properties":{"kind":"water"},"type":"Feature"},{"geometry":{"coordinates":[[[-74.0977884,40.6271592],[-74.0971894,40.6282982],[-74.0956182,40.6284103],[-74.0959926,40.6293976],[-74.0951773,40.630224],[-74.0946112,40.6303362],[-74.0921612,40.6295671],[-74.0924302,40.6288388],[-74.0940444,40.6275366],[-74.094664,40.6261245],[-74.0960087,40.6242028],[-74.0965405,40.623896],[-74.0975125,40.6240355],[-74.0986418,40.625713],[-74.0986437,40.6264137],[-74.0977884,40.6271592]]],"type":"Polygon"},"properties":{"kind":"water"},"type":"Feature"},{"geometry":{"coordinates":[[[-74.0350672,40.643037],[-74.0339362,40.6423726],[-74.0348174,40.6415292],[-74.0359379,40.6422009],[-74.0350672,40.643037]]],"type":"Polygon"},"properties":{"kind":"water"},"type":"Feature"},{"geometry":{"coordinates":[[[-73.9979509,40.6539178],[-73.9978296,40.6533995],[-73.99824,40.6531172],[-73.9990794,40.6534774],[-73.9993969,40.6540697],[-73.9991299,40.6543137],[-73.9979509,40.6539178]]],"type":"Polygon"},"properties":{"kind":"water"},"type":"Feature"},{"geometry":{"coordinates":[[[-73.9685043,40.6590737],[-73.9672615,40.6597946],[-73.9671408,40.6602092],[-73.9666178,40.6598728],[-73.9664056,40.6606795],[-73.9658624,40.6607127],[-73.966263,40.661697],[-73.9654776,40.6611697],[-73.9654974,40.6606575],[-73.9661015,40.6604238],[-73.9661199,40.6598142],[-73.968094,40.6590328],[-73.9682775,40.6581105],[-73.9685043,40.6590737]]],"type":"Polygon"},"properties":{"kind":"water"},"type":"Feature"},{"geometry":{"coordinates":[[[-73.9683592,40.6618725],[-73.9674822,40.662079],[-73.9672559,40.6621423],[-73.966909,40.662164],[-73.966696,40.6620389],[-73.9681313,40.6617453],[-73.968397,40.6618556],[-73.9689557,40.6622417],[-73.9691928,40.6625757],[-73.9691968,40.6629072],[-73.9689299,40.6637715],[-73.9690376,40.6639073],[-73.9689681,40.6640697],[-73.9691563,40.6642378],[-73.969488,40.6640688],[-73.9704201,40.6642038],[-73.9704483,40.6639999],[-73.9708415,40.6638074],[-73.9704846,40.6633127],[-73.9712946,40.6633422],[-73.9718704,40.662921],[-73.9717999,40.6632123],[-73.9703718,40.6642535],[-73.9691147,40.6642461],[-73.9689519,40.6641067],[-73.968888,40.6638127],[-73.969137,40.6625422],[-73.9683592,40.6618725]]],"type":"Polygon"},"properties":{"kind":"water"},"type":"Feature"},{"geometry":{"coordinates":[[[-73.9626995,40.6691914],[-73.9626925,40.6683925],[-73.9631515,40.6680958],[-73.9639431,40.6683203],[-73.963059,40.6685074],[-73.9630222,40.6687478],[-73.9632653,40.6687071],[-73.9632883,40.668887],[-73.9626995,40.6691914]]],"type":"Polygon"},"properties":{"kind":"water"},"type":"Feature"},{"geometry":{"coordinates":[[[-73.8869853,40.6903566],[-73.8855586,40.6889424],[-73.8855605,40.6883412],[-73.8865088,40.6881005],[-73.887366,40.6901911],[-73.8869853,40.6903566]]],"type":"Polygon"},"properties":{"kind":"water"},"type":"Feature"},{"geometry":{"coordinates":[[[-73.9753994,40.6995615],[-73.9758185,40.6997512],[-73.9748393,40.7012194],[-73.9743748,40.7011163],[-73.9753994,40.6995615]]],"type":"Polygon"},"properties":{"kind":"water"},"type":"Feature"},{"geometry":{"coordinates":[[[-73.9721273,40.7027426],[-73.9694781,40.7004858],[-73.9698278,40.7002491],[-73.9725347,40.7024636],[-73.9721273,40.7027426]]],"type":"Polygon"},"properties":{"kind":"water"},"type":"Feature"},{"geometry":{"coordinates":[[[-73.9786756,40.7027845],[-73.9777723,40.7026385],[-73.9779401,40.7020421],[-73.9788434,40.7021882],[-73.9786756,40.7027845]]],"type":"Polygon"},"properties":{"kind":"water"},"type":"Feature"},{"geometry":{"coordinates":[[[-73.9689991,40.7017344],[-73.9692439,40.7013759],[-73.9722657,40.7032423],[-73.971912,40.703574],[-73.9689991,40.7017344]]],"type":"Polygon"},"properties":{"kind":"water"},"type":"Feature"},{"geometry":{"coordinates":[[[-73.9774953,40.7038396],[-73.9778084,40.7027261],[-73.9786472,40.7028617],[-73.9783339,40.7039752],[-73.9774953,40.7038396]]],"type":"Polygon"},"properties":{"kind":"water"},"type":"Feature"},{"geometry":{"coordinates":[[[-73.9626653,40.7386412],[-73.9607426,40.7381246],[-73.9572727,40.7396076],[-73.9538285,40.739827],[-73.9471517,40.7379113],[-73.9426943,40.7391327],[-73.9410461,40.7404377],[-73.9396428,40.7427323],[-73.9401672,40.7428361],[-73.9400302,40.7432306],[-73.9385511,40.7429493],[-73.9386313,40.7425466],[-73.9391431,40.7426348],[-73.9411647,40.7394769],[-73.9459434,40.7375199],[-73.9415941,40.7358262],[-73.9400494,40.7337552],[-73.9391275,40.7314026],[-73.9380263,40.7304994],[-73.9345423,40.7291013],[-73.9293152,40.7282817],[-73.9247225,40.7244393],[-73.9203805,40.7237408],[-73.9206034,40.7232016],[-73.9218737,40.7235529],[-73.924543,40.7235529],[-73.925161,40.7222974],[-73.9242426,40.7212241],[-73.9238317,40.7201445],[-73.9239685,40.7191064],[-73.9234591,40.718122],[-73.9222452,40.7163794],[-73.9205739,40.7160478],[-73.9206506,40.7157652],[-73.9223109,40.71607],[-73.9234321,40.7156365],[-73.9241222,40.7151578],[-73.9237148,40.7141037],[-73.9243954,40.7141289],[-73.9248697,40.7152055],[-73.9243225,40.715856],[-73.9230655,40.7163479],[-73.923475,40.7171653],[-73.9246105,40.7179127],[-73.9286127,40.7169655],[-73.9289323,40.7166637],[-73.9284861,40.715552],[-73.9308574,40.7149088],[-73.9311094,40.7144299],[-73.9303885,40.7131077],[-73.9318542,40.7125544],[-73.931638,40.7120369],[-73.9307031,40.7121633],[-73.9315538,40.7118713],[-73.9301832,40.7087969],[-73.9305086,40.7086782],[-73.9319293,40.7113426],[-73.9332807,40.7109905],[-73.9333831,40.7112247],[-73.9320509,40.7115831],[-73.9327189,40.7130556],[-73.9312569,40.713721],[-73.931704,40.7147582],[-73.9321439,40.7146281],[-73.9322726,40.7149859],[-73.9295475,40.7157015],[-73.9293222,40.7159943],[-73.9297299,40.7170108],[-73.9289789,40.717767],[-73.928378,40.7175637],[-73.9248667,40.7184207],[-73.9245401,40.7195121],[-73.924852,40.7202419],[-73.9256503,40.7200467],[-73.9278046,40.7249189],[-73.9278819,40.72581],[-73.92862,40.7267402],[-73.9303138,40.7277712],[-73.934961,40.7285595],[-73.9380809,40.7297284],[-73.9397803,40.7310912],[-73.9417629,40.7349502],[-73.9445439,40.7362839],[-73.945042,40.7354241],[-73.9452767,40.7359216],[-73.9450018,40.7364216],[-73.9455745,40.7366106],[-73.9458561,40.7360984],[-73.9462692,40.7361696],[-73.946752,40.7353058],[-73.9465977,40.7344512],[-73.9470631,40.7344095],[-73.947209,40.7353603],[-73.9464744,40.7369081],[-73.9519376,40.7387443],[-73.9556005,40.7390557],[-73.9569287,40.738898],[-73.9591436,40.7375759],[-73.9620434,40.7344646],[-73.962978,40.738393],[-73.9626653,40.7386412]]],"type":"Polygon"},"properties":{"kind":"water"},"type":"Feature"},{"geometry":{"coordinates":[[[-73.7606561,40.6631519],[-73.7605633,40.6638005],[-73.7603177,40.6634624],[-73.7612837,40.6616657],[-73.7616706,40.6614102],[-73.7621849,40.6615518],[-73.7620438,40.6622561],[-73.7613839,40.6629294],[-73.7606561,40.6631519]]],"type":"Polygon"},"properties":{"kind":"water"},"type":"Feature"},{"geometry":{"coordinates":[[[-73.8085019,40.6641505],[-73.8070894,40.6638946],[-73.8076376,40.6625553],[-73.8094632,40.662886],[-73.8091849,40.6637703],[-73.8086545,40.6636743],[-73.8085019,40.6641505]]],"type":"Polygon"},"properties":{"kind":"water"},"type":"Feature"},{"geometry":{"coordinates":[[[-73.7852657,40.681067],[-73.7849814,40.6806684],[-73.7852711,40.6786343],[-73.7849921,40.6779915],[-73.7840855,40.6774138],[-73.782841,40.677845],[-73.7826962,40.67743],[-73.7838334,40.6768849],[-73.7840694,40.6763194],[-73.7846426,40.6762179],[-73.784766,40.6753346],[-73.7855876,40.6746391],[-73.7864298,40.6749361],[-73.7858963,40.6764782],[-73.7864566,40.6778572],[-73.786301,40.6788377],[-73.7868589,40.6799198],[-73.7862206,40.6809328],[-73.7852657,40.681067]]],"type":"Polygon"},"properties":{"kind":"water"},"type":"Feature"},{"geometry":{"coordinates":[[[-77.6122283,38.7607932],[-77.6121907,38.7601071],[-77.6128881,38.7597934],[-77.6131241,38.7603539],[-77.6122283,38.7607932]]],"type":"Polygon"},"properties":{"kind":"water"},"type":"Feature"},{"geometry":{"coordinates":[[[-77.6542986,38.7773812],[-77.6546496,38.7770731],[-77.6547979,38.7774712],[-77.6543365,38.778744],[-77.6541004,38.7785556],[-77.6542986,38.7773812]]],"type":"Polygon"},"properties":{"kind":"water"},"type":"Feature"},{"geometry":{"coordinates":[[[-77.6745054,38.7820398],[-77.6762529,38.7839111],[-77.6705245,38.7795303],[-77.6714524,38.7798457],[-77.6745054,38.7820398]]],"type":"Polygon"},"properties":{"kind":"water"},"type":"Feature"},{"geometry":{"coordinates":[[[-77.6472398,38.7844743],[-77.6462508,38.7836742],[-77.6452165,38.783952],[-77.6458517,38.7826941],[-77.6454826,38.781182],[-77.645141,38.780891],[-77.6463323,38.7800044],[-77.6466564,38.7791656],[-77.6469414,38.7800335],[-77.6464868,38.7803724],[-77.6463409,38.7814831],[-77.6468139,38.7820645],[-77.6463501,38.782286],[-77.6461156,38.7829084],[-77.647285,38.7839386],[-77.6472398,38.7844743]]],"type":"Polygon"},"properties":{"kind":"water"},"type":"Feature"},{"geometry":{"coordinates":[[[-77.6394058,38.7812288],[-77.6385045,38.7832762],[-77.6388908,38.7809612],[-77.6394058,38.7812288]]],"type":"Polygon"},"properties":{"kind":"water"},"type":"Feature"},{"geometry":{"coordinates":[[[-77.6335385,38.7839011],[-77.6346436,38.7818605],[-77.6351479,38.7824125],[-77.6335385,38.7839011]]],"type":"Polygon"},"properties":{"kind":"water"},"type":"Feature"},{"geometry":{"coordinates":[[[-77.6178165,38.785139],[-77.6182188,38.7846079],[-77.6188893,38.7850261],[-77.6189483,38.7855572],[-77.6178165,38.785139]]],"type":"Polygon"},"properties":{"kind":"water"},"type":"Feature"},{"geometry":{"coordinates":[[[-77.6213623,38.7852728],[-77.6226444,38.7847668],[-77.6229502,38.7852059],[-77.6214428,38.7858373],[-77.6216574,38.7854024],[-77.6213623,38.7852728]]],"type":"Polygon"},"properties":{"kind":"water"},"type":"Feature"},{"geometry":{"coordinates":[[[-77.6105601,38.7876178],[-77.6101793,38.7855441],[-77.6112525,38.785401],[-77.6115679,38.7866498],[-77.6128131,38.7880318],[-77.6127756,38.7884332],[-77.6105601,38.7876178]]],"type":"Polygon"},"properties":{"kind":"water"},"type":"Feature"},{"geometry":{"coordinates":[[[-77.6241116,38.7907574],[-77.6237951,38.7902222],[-77.6240472,38.7899211],[-77.6239775,38.7888675],[-77.6243155,38.7887462],[-77.6246105,38.7900549],[-77.6241116,38.7907574]]],"type":"Polygon"},"properties":{"kind":"water"},"type":"Feature"},{"geometry":{"coordinates":[[[-77.6304112,38.7902333],[-77.6312641,38.7895622],[-77.6318006,38.7898005],[-77.6307418,38.7906159],[-77.6304112,38.7902333]]],"type":"Polygon"},"properties":{"kind":"water"},"type":"Feature"},{"geometry":{"coordinates":[[[-77.684669,38.7967297],[-77.6839194,38.7968279],[-77.684063,38.7963748],[-77.6831454,38.7958862],[-77.6847647,38.7960327],[-77.684669,38.7967297]]],"type":"Polygon"},"properties":{"kind":"water"},"type":"Feature"},{"geometry":{"coordinates":[[[-77.653422,38.8022929],[-77.652612,38.8031834],[-77.6523974,38.8027779],[-77.6519038,38.8027277],[-77.6518824,38.80167],[-77.6533898,38.8019083],[-77.653422,38.8022929]]],"type":"Polygon"},"properties":{"kind":"water"},"type":"Feature"},{"geometry":{"coordinates":[[[-77.676968,38.8064319],[-77.679007,38.8066822],[-77.6787576,38.8074561],[-77.6792711,38.808062],[-77.6791337,38.8091487],[-77.6778998,38.8092788],[-77.678035,38.8084407],[-77.6775723,38.8071317],[-77.6778617,38.8068419],[-77.676968,38.8064319]]],"type":"Polygon"},"properties":{"kind":"water"},"type":"Feature"},{"geometry":{"coordinates":[[[-77.6212816,38.8126414],[-77.6210047,38.8124594],[-77.6212273,38.8120519],[-77.6222036,38.8112765],[-77.6225496,38.8113873],[-77.6226147,38.8118973],[-77.6217134,38.8119579],[-77.6212816,38.8126414]]],"type":"Polygon"},"properties":{"kind":"water"},"type":"Feature"},{"geometry":{"coordinates":[[[-77.664947,38.8140654],[-77.665831,38.8124919],[-77.665167,38.8147175],[-77.6636973,38.8145003],[-77.6635914,38.8139068],[-77.6632608,38.8138185],[-77.6640807,38.8135774],[-77.664947,38.8140654]]],"type":"Polygon"},"properties":{"kind":"water"},"type":"Feature"},{"geometry":{"coordinates":[[[-77.6538643,38.8146978],[-77.6523757,38.814424],[-77.6520377,38.8142526],[-77.6539475,38.8142234],[-77.6538643,38.8146978]]],"type":"Polygon"},"properties":{"kind":"water"},"type":"Feature"},{"geometry":{"coordinates":[[[-77.6704511,38.8148813],[-77.6711671,38.8156218],[-77.6707497,38.8157149],[-77.670971,38.8160429],[-77.6707666,38.8163129],[-77.6702325,38.8160197],[-77.6703125,38.8155936],[-77.670726,38.815585],[-77.6704511,38.8148813]]],"type":"Polygon"},"properties":{"kind":"water"},"type":"Feature"},{"geometry":{"coordinates":[[[-77.6476577,38.814524],[-77.6475557,38.8154184],[-77.646912,38.8162168],[-77.6466062,38.8157027],[-77.6467082,38.814478],[-77.6476577,38.814524]]],"type":"Polygon"},"properties":{"kind":"water"},"type":"Feature"},{"geometry":{"coordinates":[[[-77.6623898,38.8144881],[-77.6631904,38.815539],[-77.6638609,38.8153034],[-77.6637201,38.8154549],[-77.6639816,38.8154914],[-77.6632467,38.8156268],[-77.6636491,38.8167513],[-77.6632539,38.8167179],[-77.6631987,38.8157773],[-77.6626043,38.8154072],[-77.6623898,38.8144881]]],"type":"Polygon"},"properties":{"kind":"water"},"type":"Feature"},{"geometry":{"coordinates":[[[-77.6146517,38.8193297],[-77.6150896,38.8182389],[-77.6147305,38.8177773],[-77.6157534,38.8175681],[-77.6158887,38.818444],[-77.6153048,38.8194568],[-77.6156095,38.8196958],[-77.6153133,38.8208721],[-77.6146517,38.8193297]]],"type":"Polygon"},"properties":{"kind":"water"},"type":"Feature"},{"geometry":{"coordinates":[[[-77.6287671,38.8239073],[-77.6278825,38.8228439],[-77.6279201,38.821937],[-77.6281878,38.821826],[-77.628456,38.8219472],[-77.6283111,38.8229962],[-77.6287671,38.8239073]]],"type":"Polygon"},"properties":{"kind":"water"},"type":"Feature"},{"geometry":{"coordinates":[[[-77.6780672,38.8236784],[-77.6776429,38.8237126],[-77.677677,38.8240963],[-77.6771455,38.8240127],[-77.6771845,38.8221586],[-77.6786377,38.8222726],[-77.6786719,38.8228007],[-77.6780672,38.8236784]]],"type":"Polygon"},"properties":{"kind":"water"},"type":"Feature"},{"geometry":{"coordinates":[[[-77.6630045,38.8249462],[-77.6625018,38.8247363],[-77.6634084,38.8242748],[-77.6640467,38.8247031],[-77.6639958,38.8250406],[-77.6634379,38.8246739],[-77.6630045,38.8249462]]],"type":"Polygon"},"properties":{"kind":"water"},"type":"Feature"},{"geometry":{"coordinates":[[[-77.6865723,38.8243217],[-77.687774,38.8249444],[-77.6877954,38.8249987],[-77.687436,38.8253999],[-77.6862665,38.8248065],[-77.6865723,38.8243217]]],"type":"Polygon"},"properties":{"kind":"water"},"type":"Feature"},{"geometry":{"coordinates":[[[-77.6092138,38.8272173],[-77.6102438,38.8267617],[-77.6114079,38.8268411],[-77.6099058,38.8274973],[-77.6092138,38.8272173]]],"type":"Polygon"},"properties":{"kind":"water"},"type":"Feature"},{"geometry":{"coordinates":[[[-77.6352854,38.8316284],[-77.6354946,38.8295765],[-77.6361432,38.8295241],[-77.6352854,38.8316284]]],"type":"Polygon"},"properties":{"kind":"water"},"type":"Feature"},{"geometry":{"coordinates":[[[-77.6308315,38.8298761],[-77.630574,38.8313011],[-77.6302307,38.8319029],[-77.6302629,38.8298929],[-77.6308315,38.8298761]]],"type":"Polygon"},"properties":{"kind":"water"},"type":"Feature"},{"geometry":{"coordinates":[[[-77.6428151,38.8318973],[-77.6430404,38.8306562],[-77.6436788,38.8307607],[-77.6433355,38.8315463],[-77.6428151,38.8318973]]],"type":"Polygon"},"properties":{"kind":"water"},"type":"Feature"},{"geometry":{"coordinates":[[[-77.6523124,38.8324977],[-77.6524563,38.8318489],[-77.6531406,38.8322827],[-77.6526474,38.8333763],[-77.6523124,38.8324977]]],"type":"Polygon"},"properties":{"kind":"water"},"type":"Feature"},{"geometry":{"coordinates":[[[-77.6346358,38.8348771],[-77.634448,38.8327084],[-77.6347055,38.8325914],[-77.6353171,38.8328964],[-77.6349577,38.8339035],[-77.6350381,38.8347601],[-77.6346358,38.8348771]]],"type":"Polygon"},"properties":{"kind":"water"},"type":"Feature"},{"geometry":{"coordinates":[[[-77.6431509,38.8360638],[-77.6433655,38.8353472],[-77.6430221,38.8348938],[-77.6444115,38.8348562],[-77.6440816,38.8355854],[-77.6431509,38.8360638]]],"type":"Polygon"},"properties":{"kind":"water"},"type":"Feature"},{"geometry":{"coordinates":[[[-77.6465063,38.8354919],[-77.6464033,38.8346734],[-77.6475593,38.8350348],[-77.6472831,38.8356804],[-77.6466581,38.8358935],[-77.6457569,38.8369674],[-77.6465063,38.8354919]]],"type":"Polygon"},"properties":{"kind":"water"},"type":"Feature"},{"geometry":{"coordinates":[[[-77.6340731,38.8360787],[-77.634271,38.8352031],[-77.6348718,38.8352783],[-77.6343735,38.8365191],[-77.6340731,38.8360787]]],"type":"Polygon"},"properties":{"kind":"water"},"type":"Feature"},{"geometry":{"coordinates":[[[-77.6603424,38.8358696],[-77.6614421,38.8359123],[-77.6602692,38.83659],[-77.659887,38.8360928],[-77.6603424,38.8358696]]],"type":"Polygon"},"properties":{"kind":"water"},"type":"Feature"},{"geometry":{"coordinates":[[[-77.6660798,38.8409775],[-77.6655052,38.8408292],[-77.6647573,38.8412272],[-77.66402,38.840864],[-77.6639611,38.8403211],[-77.6652982,38.8392196],[-77.6658321,38.8391709],[-77.6671738,38.840402],[-77.6660798,38.8409775]]],"type":"Polygon"},"properties":{"kind":"water"},"type":"Feature"},{"geometry":{"coordinates":[[[-77.6409093,38.8409715],[-77.6417542,38.8407041],[-77.6423872,38.8410697],[-77.6416094,38.8409861],[-77.6418723,38.841358],[-77.6422719,38.8412912],[-77.6418434,38.8419974],[-77.6416684,38.8416212],[-77.6411588,38.8416818],[-77.6409093,38.8409715]]],"type":"Polygon"},"properties":{"kind":"water"},"type":"Feature"},{"geometry":{"coordinates":[[[-77.6450746,38.841642],[-77.6442753,38.8422311],[-77.6437066,38.8421183],[-77.6435135,38.8418718],[-77.6436915,38.8416868],[-77.644126,38.8421077],[-77.6448046,38.8411729],[-77.6458471,38.8416712],[-77.6450746,38.841642]]],"type":"Polygon"},"properties":{"kind":"water"},"type":"Feature"},{"geometry":{"coordinates":[[[-77.6488213,38.8482428],[-77.6522223,38.846286],[-77.6516001,38.8470338],[-77.6507659,38.8472798],[-77.65044,38.8482031],[-77.6493859,38.8481895],[-77.6489085,38.8485572],[-77.6488213,38.8482428]]],"type":"Polygon"},"properties":{"kind":"water"},"type":"Feature"},{"geometry":{"coordinates":[[[-77.6463959,38.8509868],[-77.6482707,38.8517158],[-77.6485121,38.8522296],[-77.6480132,38.8519434],[-77.647855,38.8522004],[-77.6481474,38.8523675],[-77.6478872,38.8523758],[-77.6466721,38.8514212],[-77.6458192,38.851369],[-77.6463959,38.8509868]]],"type":"Polygon"},"properties":{"kind":"water"},"type":"Feature"},{"geometry":{"coordinates":[[[-77.6428205,38.8526411],[-77.6416135,38.8521147],[-77.6427266,38.8519309],[-77.6431906,38.8524865],[-77.6428205,38.8526411]]],"type":"Polygon"},"properties":{"kind":"water"},"type":"Feature"},{"geometry":{"coordinates":[[[-77.6407606,38.8527017],[-77.6396099,38.852167],[-77.6397869,38.8517931],[-77.6409054,38.8520855],[-77.6407606,38.8527017]]],"type":"Polygon"},"properties":{"kind":"water"},"type":"Feature"},{"geometry":{"coordinates":[[[-77.6400524,38.8532907],[-77.6394248,38.8538944],[-77.6388267,38.8530505],[-77.6392719,38.8524281],[-77.6398808,38.8526181],[-77.6400524,38.8532907]]],"type":"Polygon"},"properties":{"kind":"water"},"type":"Feature"},{"geometry":{"coordinates":[[[-77.6338296,38.8603259],[-77.6329466,38.8596218],[-77.6329211,38.859121],[-77.6343646,38.8593408],[-77.6338296,38.8603259]]],"type":"Polygon"},"properties":{"kind":"water"},"type":"Feature"},{"geometry":{"coordinates":[[[-77.5919686,38.7732061],[-77.591872,38.7721814],[-77.5930629,38.772127],[-77.5931166,38.77224],[-77.5919686,38.7732061]]],"type":"Polygon"},"properties":{"kind":"water"},"type":"Feature"},{"geometry":{"coordinates":[[[-77.5963541,38.7809992],[-77.5959839,38.7807399],[-77.5961073,38.7799746],[-77.5971158,38.7789292],[-77.5977864,38.7789752],[-77.5963541,38.7809992]]],"type":"Polygon"},"properties":{"kind":"water"},"type":"Feature"},{"geometry":{"coordinates":[[[-77.6032955,38.7886734],[-77.6036979,38.7871681],[-77.604485,38.7876165],[-77.6036496,38.7886985],[-77.6032955,38.7886734]]],"type":"Polygon"},"properties":{"kind":"water"},"type":"Feature"},{"geometry":{"coordinates":[[[-77.6007045,38.8111727],[-77.6022763,38.8100692],[-77.6027323,38.8102071],[-77.6017506,38.8112772],[-77.6007045,38.8111727]]],"type":"Polygon"},"properties":{"kind":"water"},"type":"Feature"},{"geometry":{"coordinates":[[[-77.5973649,38.8203038],[-77.5978424,38.8213612],[-77.5976332,38.8219045],[-77.5970162,38.8203874],[-77.5973649,38.8203038]]],"type":"Polygon"},"properties":{"kind":"water"},"type":"Feature"},{"geometry":{"coordinates":[[[-77.5956813,38.8239409],[-77.5948445,38.8247517],[-77.5936643,38.8245093],[-77.594646,38.8232722],[-77.5956813,38.8239409]]],"type":"Polygon"},"properties":{"kind":"water"},"type":"Feature"},{"geometry":{"coordinates":[[[-77.5924455,38.8437733],[-77.5926535,38.8440371],[-77.5922161,38.8439083],[-77.5920081,38.8433039],[-77.5923388,38.8423192],[-77.5927175,38.8425872],[-77.5928856,38.8436736],[-77.5924455,38.8437733]]],"type":"Polygon"},"properties":{"kind":"water"},"type":"Feature"},{"geometry":{"coordinates":[[[-77.6021193,38.8446009],[-77.6022713,38.8459053],[-77.6028127,38.8455418],[-77.6030607,38.8457163],[-77.6025487,38.8467134],[-77.6016845,38.8465243],[-77.6011351,38.8446549],[-77.6021193,38.8446009]]],"type":"Polygon"},"properties":{"kind":"water"},"type":"Feature"},{"geometry":{"coordinates":[[[-77.5767959,38.9183448],[-77.5766036,38.9175662],[-77.5776437,38.9174868],[-77.5778634,38.9179942],[-77.5767959,38.9183448]]],"type":"Polygon"},"properties":{"kind":"water"},"type":"Feature"},{"geometry":{"coordinates":[[[-77.5886043,38.9338983],[-77.5909387,38.9343111],[-77.5914291,38.9345683],[-77.5883569,38.9346592],[-77.5886043,38.9338983]]],"type":"Polygon"},"properties":{"kind":"water"},"type":"Feature"},{"geometry":{"coordinates":[[[-77.6043161,38.9385012],[-77.6050658,38.9382283],[-77.6053729,38.9386685],[-77.6048704,38.939209],[-77.6043161,38.9385012]]],"type":"Polygon"},"properties":{"kind":"water"},"type":"Feature"},{"geometry":{"coordinates":[[[-77.5889463,38.9453131],[-77.5893326,38.946039],[-77.5884206,38.9464729],[-77.5883777,38.9461225],[-77.5889463,38.9453131]]],"type":"Polygon"},"properties":{"kind":"water"},"type":"Feature"},{"geometry":{"coordinates":[[[-77.594222,38.9577277],[-77.5924231,38.957548],[-77.5921421,38.9571205],[-77.5941533,38.9573488],[-77.594222,38.9577277]]],"type":"Polygon"},"properties":{"kind":"water"},"type":"Feature"},{"geometry":{"coordinates":[[[-77.5842449,38.9655507],[-77.5849449,38.9649172],[-77.585686,38.9655819],[-77.5844629,38.9657797],[-77.5842449,38.9655507]]],"type":"Polygon"},"properties":{"kind":"water"},"type":"Feature"},{"geometry":{"coordinates":[[[-77.57953,39.0260712],[-77.5792195,39.0270462],[-77.5786541,39.0268408],[-77.5788723,39.0263756],[-77.5783515,39.0248896],[-77.5789981,39.024902],[-77.57953,39.0260712]]],"type":"Polygon"},"properties":{"kind":"water"},"type":"Feature"},{"geometry":{"coordinates":[[[-77.5836837,39.0434693],[-77.5836816,39.0430421],[-77.584945,39.0430571],[-77.5848741,39.0436311],[-77.5844185,39.0439582],[-77.5836837,39.0434693]]],"type":"Polygon"},"properties":{"kind":"water"},"type":"Feature"},{"geometry":{"coordinates":[[[-77.5825886,39.0631032],[-77.5817401,39.0632705],[-77.5818293,39.062434],[-77.5825313,39.0624732],[-77.5825886,39.0631032]]],"type":"Polygon"},"properties":{"kind":"water"},"type":"Feature"},{"geometry":{"coordinates":[[[-77.605381,39.0647885],[-77.604784,39.0642278],[-77.605708,39.0637245],[-77.6060975,39.0642344],[-77.6061913,39.0651262],[-77.605381,39.0647885]]],"type":"Polygon"},"properties":{"kind":"water"},"type":"Feature"},{"geometry":{"coordinates":[[[-77.5774988,39.073652],[-77.5776704,39.0745516],[-77.5769623,39.0748764],[-77.5766083,39.0741435],[-77.5774988,39.073652]]],"type":"Polygon"},"properties":{"kind":"water"},"type":"Feature"},{"geometry":{"coordinates":[[[-77.5812321,39.0780749],[-77.5818651,39.0798114],[-77.5813348,39.0798261],[-77.5810604,39.0789369],[-77.5812482,39.0785622],[-77.5808888,39.0781541],[-77.5812321,39.0780749]]],"type":"Polygon"},"properties":{"kind":"water"},"type":"Feature"},{"geometry":{"coordinates":[[[-77.6052787,39.1001924],[-77.6036895,39.1002763],[-77.6034624,39.0996519],[-77.6040525,39.0993271],[-77.6052541,39.0998933],[-77.6052787,39.1001924]]],"type":"Polygon"},"properties":{"kind":"water"},"type":"Feature"},{"geometry":{"coordinates":[[[-77.606091,39.0998517],[-77.606724,39.0996935],[-77.6073892,39.1005344],[-77.6063485,39.1011006],[-77.606091,39.0998517]]],"type":"Polygon"},"properties":{"kind":"water"},"type":"Feature"},{"geometry":{"coordinates":[[[-77.5819663,39.1017112],[-77.581359,39.1015453],[-77.5816622,39.1022117],[-77.5809137,39.1022297],[-77.5812741,39.1014349],[-77.5824575,39.1011367],[-77.5819663,39.1017112]]],"type":"Polygon"},"properties":{"kind":"water"},"type":"Feature"},{"geometry":{"coordinates":[[[-77.5702867,38.7191602],[-77.5712898,38.7191393],[-77.5710806,38.7202505],[-77.5709653,38.7202902],[-77.5702867,38.7191602]]],"type":"Polygon"},"properties":{"kind":"water"},"type":"Feature"},{"geometry":{"coordinates":[[[-77.5758642,38.7388369],[-77.5738889,38.7386345],[-77.5743502,38.7380947],[-77.5758642,38.7388369]]],"type":"Polygon"},"properties":{"kind":"water"},"type":"Feature"},{"geometry":{"coordinates":[[[-77.5643456,38.7586179],[-77.5643939,38.7581243],[-77.5665879,38.7580741],[-77.5660247,38.7584799],[-77.5643456,38.7586179]]],"type":"Polygon"},"properties":{"kind":"water"},"type":"Feature"},{"geometry":{"coordinates":[[[-77.5632083,38.7582833],[-77.5640076,38.7580992],[-77.5644153,38.7595508],[-77.5656492,38.7605003],[-77.5655476,38.7608098],[-77.5637718,38.7597422],[-77.5632083,38.7582833]]],"type":"Polygon"},"properties":{"kind":"water"},"type":"Feature"},{"geometry":{"coordinates":[[[-77.5561548,38.7582437],[-77.5545409,38.7609267],[-77.5543032,38.7607102],[-77.5550488,38.7581585],[-77.5561548,38.7582437]]],"type":"Polygon"},"properties":{"kind":"water"},"type":"Feature"},{"geometry":{"coordinates":[[[-77.5652576,38.7674478],[-77.5651235,38.7684433],[-77.5647855,38.7684768],[-77.5648231,38.7677155],[-77.5644664,38.7671703],[-77.564984,38.7667201],[-77.5659882,38.7671168],[-77.5652576,38.7674478]]],"type":"Polygon"},"properties":{"kind":"water"},"type":"Feature"},{"geometry":{"coordinates":[[[-77.5578637,38.9130536],[-77.5570982,38.9117104],[-77.5563133,38.9108663],[-77.5567602,38.9109256],[-77.5582569,38.9128582],[-77.5578637,38.9130536]]],"type":"Polygon"},"properties":{"kind":"water"},"type":"Feature"},{"geometry":{"coordinates":[[[-77.5597375,38.9147115],[-77.5590277,38.9142974],[-77.5589687,38.913688],[-77.5584651,38.9133847],[-77.5585682,38.9129856],[-77.5589195,38.912877],[-77.5597949,38.9138926],[-77.5597375,38.9147115]]],"type":"Polygon"},"properties":{"kind":"water"},"type":"Feature"},{"geometry":{"coordinates":[[[-77.5717737,38.9161105],[-77.5714892,38.9152681],[-77.5716209,38.9149543],[-77.5721048,38.9149411],[-77.5725379,38.9152979],[-77.5717737,38.9161105]]],"type":"Polygon"},"properties":{"kind":"water"},"type":"Feature"},{"geometry":{"coordinates":[[[-77.5642608,38.929171],[-77.5649181,38.928239],[-77.565769,38.928393],[-77.5658341,38.9291836],[-77.5642608,38.929171]]],"type":"Polygon"},"properties":{"kind":"water"},"type":"Feature"},{"geometry":{"coordinates":[[[-77.5734443,38.9347171],[-77.5741704,38.9348255],[-77.5742632,38.9352228],[-77.5738664,38.9352918],[-77.5729124,38.9366348],[-77.5734443,38.9347171]]],"type":"Polygon"},"properties":{"kind":"water"},"type":"Feature"},{"geometry":{"coordinates":[[[-77.5574391,38.9435169],[-77.5573694,38.9421303],[-77.5581589,38.9421162],[-77.5578597,38.9433383],[-77.5574391,38.9435169]]],"type":"Polygon"},"properties":{"kind":"water"},"type":"Feature"},{"geometry":{"coordinates":[[[-77.556782,38.9531933],[-77.5570126,38.9522592],[-77.5566425,38.9512497],[-77.5571736,38.9485171],[-77.5574525,38.9484336],[-77.5581874,38.9505196],[-77.5583162,38.9521466],[-77.5589224,38.9522467],[-77.5598021,38.9518588],[-77.5594103,38.9526468],[-77.5588634,38.9528846],[-77.5589921,38.9535187],[-77.5583537,38.9542325],[-77.5567176,38.9540902],[-77.556664,38.9535771],[-77.5561007,38.95321],[-77.556782,38.9531933]]],"type":"Polygon"},"properties":{"kind":"water"},"type":"Feature"},{"geometry":{"coordinates":[[[-77.561515,39.0258926],[-77.5604463,39.0193735],[-77.5607523,39.018443],[-77.5611612,39.0182647],[-77.5623166,39.0184615],[-77.5648807,39.0198429],[-77.569418,39.0209189],[-77.5719346,39.0205274],[-77.5737656,39.0196733],[-77.5752166,39.0181409],[-77.5759012,39.0178383],[-77.5767855,39.0178444],[-77.5777033,39.01842],[-77.5774427,39.0187628],[-77.575699,39.0182586],[-77.5745119,39.019642],[-77.5730637,39.0203696],[-77.5714624,39.0209578],[-77.5693099,39.0212181],[-77.5652026,39.0202569],[-77.5617468,39.0186173],[-77.5611058,39.0186193],[-77.5608262,39.0199269],[-77.5615616,39.022639],[-77.5619196,39.0258656],[-77.5616875,39.0266177],[-77.5608987,39.0270972],[-77.55729,39.0273985],[-77.5565524,39.0271191],[-77.5520281,39.0269665],[-77.5487583,39.0279009],[-77.5443684,39.0283441],[-77.5414882,39.0280291],[-77.5393737,39.0302884],[-77.5391766,39.031252],[-77.5404071,39.0316162],[-77.5456249,39.0311344],[-77.547304,39.0318011],[-77.5475937,39.0324636],[-77.5472343,39.0332554],[-77.5465369,39.0339221],[-77.5451368,39.0340888],[-77.539767,39.0339263],[-77.5378519,39.0348763],[-77.5357693,39.0335445],[-77.5347619,39.0337981],[-77.5332292,39.0355855],[-77.5330051,39.0370764],[-77.5350006,39.0385597],[-77.5360252,39.0398793],[-77.5364562,39.0415213],[-77.5356756,39.0425949],[-77.5334096,39.0427181],[-77.5318389,39.0434047],[-77.5296416,39.047251],[-77.5302811,39.0487865],[-77.5305783,39.0488045],[-77.5302988,39.0481412],[-77.5306636,39.0480266],[-77.5309297,39.0489136],[-77.5308959,39.0498835],[-77.5304592,39.0492319],[-77.5304265,39.0510241],[-77.5281748,39.0523621],[-77.5273977,39.0559485],[-77.526732,39.0565359],[-77.5252337,39.0558989],[-77.5263887,39.0545564],[-77.5273301,39.052219],[-77.5282911,39.0514031],[-77.5278273,39.0514907],[-77.5279022,39.0512154],[-77.5290781,39.0508646],[-77.5297532,39.0498573],[-77.5285704,39.0470018],[-77.5300107,39.0452579],[-77.5310922,39.0431581],[-77.5316979,39.0424772],[-77.5323796,39.0422381],[-77.5349288,39.0423048],[-77.5357975,39.0420896],[-77.5360496,39.0415276],[-77.5359764,39.0405866],[-77.5349979,39.0394233],[-77.5324337,39.0373733],[-77.5323586,39.0365066],[-77.5327234,39.0355065],[-77.5346332,39.0334064],[-77.5354378,39.0330147],[-77.5361593,39.0332262],[-77.537891,39.0344716],[-77.5399681,39.0334679],[-77.5452065,39.0337721],[-77.5466227,39.0334762],[-77.5469982,39.0330845],[-77.5471162,39.0321261],[-77.5468856,39.0318344],[-77.5456035,39.0314636],[-77.5421863,39.0319386],[-77.5401911,39.0318757],[-77.5388644,39.0313213],[-77.5387833,39.0306266],[-77.5393112,39.0297487],[-77.541772,39.0276315],[-77.5417171,39.0267156],[-77.540194,39.026587],[-77.5415605,39.0264555],[-77.5418869,39.026873],[-77.5419242,39.027642],[-77.5439218,39.0280369],[-77.5479724,39.0276442],[-77.5524745,39.0266967],[-77.5585648,39.0269865],[-77.560845,39.0267748],[-77.5612016,39.0266619],[-77.561515,39.0258926]]],"type":"Polygon"},"properties":{"kind":"water"},"type":"Feature"},{"geometry":{"coordinates":[[[-77.5595603,39.0355968],[-77.5602042,39.0357499],[-77.5600432,39.0373083],[-77.5596865,39.0377875],[-77.5592895,39.0365104],[-77.5595603,39.0355968]]],"type":"Polygon"},"properties":{"kind":"water"},"type":"Feature"},{"geometry":{"coordinates":[[[-77.5591417,39.0521747],[-77.5602095,39.0514144],[-77.5606169,39.0515332],[-77.5601183,39.0531349],[-77.5587879,39.0529933],[-77.5591417,39.0521747]]],"type":"Polygon"},"properties":{"kind":"water"},"type":"Feature"},{"geometry":{"coordinates":[[[-77.5736555,39.0538867],[-77.5738835,39.0527609],[-77.5741719,39.0527089],[-77.5742792,39.0539169],[-77.5736555,39.0538867]]],"type":"Polygon"},"properties":{"kind":"water"},"type":"Feature"},{"geometry":{"coordinates":[[[-77.5676506,39.0776058],[-77.5683265,39.0767562],[-77.569217,39.0769103],[-77.5679939,39.0777973],[-77.5676506,39.0776058]]],"type":"Polygon"},"properties":{"kind":"water"},"type":"Feature"},{"geometry":{"coordinates":[[[-77.5648445,39.0785541],[-77.5656948,39.0774006],[-77.5658879,39.0803114],[-77.5650966,39.0792496],[-77.5648445,39.0785541]]],"type":"Polygon"},"properties":{"kind":"water"},"type":"Feature"},{"geometry":{"coordinates":[[[-77.559217,39.0946267],[-77.5574253,39.0968207],[-77.5568888,39.0966292],[-77.5577525,39.0954843],[-77.558069,39.0943519],[-77.5588187,39.0935362],[-77.559217,39.0946267]]],"type":"Polygon"},"properties":{"kind":"water"},"type":"Feature"},{"geometry":{"coordinates":[[[-77.5745192,39.0951886],[-77.5749591,39.0948639],[-77.5758281,39.0950283],[-77.5752675,39.0960546],[-77.5745406,39.0956362],[-77.5745192,39.0951886]]],"type":"Polygon"},"properties":{"kind":"water"},"type":"Feature"},{"geometry":{"coordinates":[[[-77.5749376,39.0968643],[-77.5739345,39.0971863],[-77.5728643,39.0962669],[-77.5736233,39.0952823],[-77.5751522,39.0961857],[-77.5749376,39.0968643]]],"type":"Polygon"},"properties":{"kind":"water"},"type":"Feature"},{"geometry":{"coordinates":[[[-77.5655916,39.102481],[-77.5666036,39.1016939],[-77.5668105,39.1011662],[-77.5667775,39.102258],[-77.5673351,39.1029326],[-77.566347,39.102893],[-77.5655916,39.102481]]],"type":"Polygon"},"properties":{"kind":"water"},"type":"Feature"},{"geometry":{"coordinates":[[[-77.5479666,38.7131772],[-77.5468571,38.7141875],[-77.5465426,38.7135082],[-77.547218,38.7130821],[-77.5479666,38.7131772]]],"type":"Polygon"},"properties":{"kind":"water"},"type":"Feature"},{"geometry":{"coordinates":[[[-77.5404187,38.7173823],[-77.5392736,38.7176353],[-77.5394461,38.716951],[-77.5401645,38.7168182],[-77.5404187,38.7173823]]],"type":"Polygon"},"properties":{"kind":"water"},"type":"Feature"},{"geometry":{"coordinates":[[[-77.5370068,38.7424757],[-77.5359391,38.7400439],[-77.535983,38.7399583],[-77.5364747,38.7399393],[-77.5376319,38.7413235],[-77.5370885,38.7417979],[-77.5370068,38.7424757]]],"type":"Polygon"},"properties":{"kind":"water"},"type":"Feature"},{"geometry":{"coordinates":[[[-77.5414679,38.7621121],[-77.540395,38.7630031],[-77.5400678,38.7627103],[-77.5404862,38.7620787],[-77.5412104,38.7617901],[-77.5414679,38.7621121]]],"type":"Polygon"},"properties":{"kind":"water"},"type":"Feature"},{"geometry":{"coordinates":[[[-77.5500267,38.7800905],[-77.5506801,38.7811294],[-77.5486276,38.7800655],[-77.5501436,38.7782781],[-77.5506864,38.7785642],[-77.5499097,38.7792191],[-77.5500267,38.7800905]]],"type":"Polygon"},"properties":{"kind":"water"},"type":"Feature"},{"geometry":{"coordinates":[[[-77.5424899,38.7831203],[-77.5439007,38.7833043],[-77.5438739,38.7840068],[-77.5421948,38.7845713],[-77.5418461,38.7851233],[-77.5420124,38.7844877],[-77.5417067,38.7839023],[-77.5424899,38.7831203]]],"type":"Polygon"},"properties":{"kind":"water"},"type":"Feature"},{"geometry":{"coordinates":[[[-77.5472971,38.7851199],[-77.5475697,38.7855039],[-77.5469499,38.7858513],[-77.5471155,38.7862526],[-77.5460053,38.7862642],[-77.5462571,38.7855958],[-77.5472971,38.7851199]]],"type":"Polygon"},"properties":{"kind":"water"},"type":"Feature"},{"geometry":{"coordinates":[[[-77.5421803,38.7989569],[-77.5420689,38.7992406],[-77.5411677,38.7992151],[-77.5409172,38.7987883],[-77.5413078,38.7986014],[-77.5421803,38.7989569]]],"type":"Polygon"},"properties":{"kind":"water"},"type":"Feature"},{"geometry":{"coordinates":[[[-77.5410904,38.8142711],[-77.5414042,38.8136316],[-77.541954,38.8140621],[-77.5429009,38.81406],[-77.5419943,38.8144069],[-77.5410904,38.8142711]]],"type":"Polygon"},"properties":{"kind":"water"},"type":"Feature"},{"geometry":{"coordinates":[[[-77.5521942,38.9185125],[-77.5520215,38.91767],[-77.5513236,38.9170842],[-77.5513232,38.9167097],[-77.5506614,38.9166675],[-77.5509334,38.9159035],[-77.5516002,38.9161812],[-77.5522097,38.9176539],[-77.5521942,38.9185125]]],"type":"Polygon"},"properties":{"kind":"water"},"type":"Feature"},{"geometry":{"coordinates":[[[-77.5524033,38.9234909],[-77.5511367,38.9231082],[-77.5514639,38.9225114],[-77.5527637,38.9225873],[-77.5527836,38.9229579],[-77.5523667,38.9229921],[-77.5524033,38.9234909]]],"type":"Polygon"},"properties":{"kind":"water"},"type":"Feature"},{"geometry":{"coordinates":[[[-77.5506448,38.9382278],[-77.5511276,38.9367048],[-77.5513314,38.9369969],[-77.5513529,38.9360205],[-77.551605,38.9358369],[-77.5519092,38.9374175],[-77.5517069,38.9383155],[-77.5506448,38.9382278]]],"type":"Polygon"},"properties":{"kind":"water"},"type":"Feature"},{"geometry":{"coordinates":[[[-77.5395177,38.9387737],[-77.5394066,38.9391004],[-77.5402922,38.9395522],[-77.5394782,38.9402239],[-77.5390145,38.9392935],[-77.5392168,38.9391449],[-77.5387708,38.938695],[-77.5391049,38.9387396],[-77.539129,38.9382073],[-77.5395177,38.9387737]]],"type":"Polygon"},"properties":{"kind":"water"},"type":"Feature"},{"geometry":{"coordinates":[[[-77.5437647,38.9650168],[-77.5429934,38.9664661],[-77.5433063,38.9646545],[-77.544337,38.9646981],[-77.5437647,38.9650168]]],"type":"Polygon"},"properties":{"kind":"water"},"type":"Feature"},{"geometry":{"coordinates":[[[-77.5389271,38.9686465],[-77.5374478,38.968256],[-77.5367565,38.9676452],[-77.5388191,38.9681748],[-77.5389271,38.9686465]]],"type":"Polygon"},"properties":{"kind":"water"},"type":"Feature"},{"geometry":{"coordinates":[[[-77.5470722,38.9719529],[-77.5466135,38.9702034],[-77.5471956,38.9700449],[-77.54785,38.9714775],[-77.5476703,38.9719404],[-77.5470722,38.9719529]]],"type":"Polygon"},"properties":{"kind":"water"},"type":"Feature"},{"geometry":{"coordinates":[[[-77.5509858,38.9731514],[-77.5513945,38.9723762],[-77.5522596,38.9727349],[-77.5512779,38.9733376],[-77.5509858,38.9731514]]],"type":"Polygon"},"properties":{"kind":"water"},"type":"Feature"},{"geometry":{"coordinates":[[[-77.5533029,38.9745074],[-77.553665,38.9739819],[-77.5543249,38.9750224],[-77.5534987,38.9749328],[-77.5533029,38.9745074]]],"type":"Polygon"},"properties":{"kind":"water"},"type":"Feature"},{"geometry":{"coordinates":[[[-77.5362414,38.9773349],[-77.5366223,38.9777853],[-77.5359947,38.9784817],[-77.5355977,38.9777352],[-77.5362414,38.9773349]]],"type":"Polygon"},"properties":{"kind":"water"},"type":"Feature"},{"geometry":{"coordinates":[[[-77.5432634,38.9846054],[-77.5433738,38.9865051],[-77.5428865,38.9868463],[-77.5423536,38.9867798],[-77.5428684,38.9844292],[-77.5432634,38.9846054]]],"type":"Polygon"},"properties":{"kind":"water"},"type":"Feature"},{"geometry":{"coordinates":[[[-77.5439143,38.995485],[-77.5430061,38.9971952],[-77.5425512,38.999323],[-77.5416156,38.9993631],[-77.5399162,39.0010573],[-77.5433494,39.001044],[-77.5441819,39.0013241],[-77.5414869,39.0020378],[-77.540826,39.0026381],[-77.5406286,39.0021979],[-77.5399848,39.0027248],[-77.5397445,39.0039588],[-77.5405256,39.0049259],[-77.5405256,39.0054995],[-77.5403453,39.0058664],[-77.5389034,39.005893],[-77.5391008,39.0068335],[-77.5385,39.0072336],[-77.5385085,39.007954],[-77.5381738,39.0081607],[-77.5381738,39.008881],[-77.5390149,39.0089677],[-77.5401307,39.009588],[-77.5417615,39.0094479],[-77.541135,39.0105684],[-77.5397702,39.0109352],[-77.5395986,39.0112353],[-77.5404655,39.0132094],[-77.542122,39.013236],[-77.5433188,39.0140687],[-77.5415555,39.0147699],[-77.542361,39.0157593],[-77.5427272,39.0168881],[-77.5422336,39.0175108],[-77.5428344,39.0179109],[-77.5431754,39.0188602],[-77.5428516,39.0193246],[-77.5422679,39.0194713],[-77.5427202,39.020133],[-77.5417615,39.0209917],[-77.5418302,39.0218386],[-77.542225,39.0223387],[-77.5420261,39.0235073],[-77.5425783,39.0246024],[-77.542585,39.0254858],[-77.5394856,39.0256517],[-77.5392012,39.0262196],[-77.5383469,39.0258727],[-77.5382879,39.0252705],[-77.536646,39.0240657],[-77.5383802,39.024525],[-77.5384914,39.0224721],[-77.537882,39.0218719],[-77.5376931,39.0207717],[-77.5370065,39.0202715],[-77.5359336,39.0179242],[-77.5351268,39.0174841],[-77.5360194,39.0163304],[-77.5369121,39.0168906],[-77.5378476,39.0157502],[-77.5376159,39.01491],[-77.5369035,39.0144831],[-77.5367662,39.013036],[-77.5357019,39.0127292],[-77.5340282,39.0135762],[-77.5338565,39.0142564],[-77.5334617,39.0135695],[-77.5335262,39.0129785],[-77.5325944,39.0126116],[-77.5339423,39.0117822],[-77.5341054,39.0107751],[-77.5354766,39.0104725],[-77.5350667,39.009648],[-77.5356504,39.0083275],[-77.5354358,39.008034],[-77.5359765,39.0063999],[-77.5357791,39.005793],[-77.5365001,39.0054462],[-77.5374806,39.0040271],[-77.5370616,39.0034277],[-77.5370923,39.0018911],[-77.5365945,39.0001301],[-77.5353195,38.9989505],[-77.5356805,38.9991837],[-77.53644,38.9987961],[-77.5376073,39.001064],[-77.5379339,39.0011973],[-77.5380708,39.0008038],[-77.5396156,38.9998195],[-77.5401521,38.9985834],[-77.5416461,38.9984521],[-77.5425082,38.9969483],[-77.5439143,38.995485]]],"type":"Polygon"},"properties":{"kind":"water"},"type":"Feature"},{"geometry":{"coordinates":[[[-77.5503308,39.0127644],[-77.5512149,39.0127194],[-77.5513019,39.0133568],[-77.5500496,39.0137644],[-77.5499163,39.0131833],[-77.5503308,39.0127644]]],"type":"Polygon"},"properties":{"kind":"water"},"type":"Feature"},{"geometry":{"coordinates":[[[-77.5476429,39.0143444],[-77.547024,39.0142476],[-77.5468162,39.013781],[-77.5490561,39.0127978],[-77.5491439,39.0132069],[-77.5489083,39.0132284],[-77.5491762,39.0135514],[-77.5484326,39.0136267],[-77.5476429,39.0143444]]],"type":"Polygon"},"properties":{"kind":"water"},"type":"Feature"},{"geometry":{"coordinates":[[[-77.5361605,39.04554],[-77.5360064,39.0448255],[-77.5363333,39.0447566],[-77.5379398,39.0458266],[-77.5375989,39.0459209],[-77.5365388,39.0452934],[-77.5361605,39.04554]]],"type":"Polygon"},"properties":{"kind":"water"},"type":"Feature"},{"geometry":{"coordinates":[[[-77.5439667,39.0586495],[-77.5441813,39.0597366],[-77.5430762,39.0597533],[-77.5431942,39.0590743],[-77.543677,39.0586578],[-77.5439667,39.0586495]]],"type":"Polygon"},"properties":{"kind":"water"},"type":"Feature"},{"geometry":{"coordinates":[[[-77.5509988,39.0723155],[-77.55112,39.0725933],[-77.5499098,39.0728528],[-77.5499796,39.0721698],[-77.5509988,39.0723155]]],"type":"Polygon"},"properties":{"kind":"water"},"type":"Feature"},{"geometry":{"coordinates":[[[-77.5439005,39.0896761],[-77.5458987,39.0896761],[-77.5460489,39.0898156],[-77.5438838,39.0901306],[-77.5439005,39.0896761]]],"type":"Polygon"},"properties":{"kind":"water"},"type":"Feature"},{"geometry":{"coordinates":[[[-77.5253123,38.6982855],[-77.5248246,38.6984491],[-77.5244199,38.6981827],[-77.5246735,38.6969762],[-77.5253123,38.6982855]]],"type":"Polygon"},"properties":{"kind":"water"},"type":"Feature"},{"geometry":{"coordinates":[[[-77.530494,38.7008227],[-77.5309309,38.7012209],[-77.5304292,38.7013527],[-77.5304292,38.7018049],[-77.5294793,38.7018008],[-77.5295087,38.7013053],[-77.5298064,38.7012579],[-77.5297179,38.7015439],[-77.5299873,38.7016456],[-77.530494,38.7008227]]],"type":"Polygon"},"properties":{"kind":"water"},"type":"Feature"},{"geometry":{"coordinates":[[[-77.5262842,38.7068955],[-77.5261987,38.7055376],[-77.5267787,38.7054042],[-77.526681,38.7068574],[-77.5262842,38.7068955]]],"type":"Polygon"},"properties":{"kind":"water"},"type":"Feature"},{"geometry":{"coordinates":[[[-77.5319993,38.7191711],[-77.530942,38.7191143],[-77.5311315,38.7180993],[-77.5319401,38.7182788],[-77.5319993,38.7191711]]],"type":"Polygon"},"properties":{"kind":"water"},"type":"Feature"},{"geometry":{"coordinates":[[[-77.5307104,38.7200666],[-77.5309515,38.7192955],[-77.5321195,38.7192328],[-77.5324127,38.7204207],[-77.5307104,38.7200666]]],"type":"Polygon"},"properties":{"kind":"water"},"type":"Feature"},{"geometry":{"coordinates":[[[-77.5332488,38.7299685],[-77.5331766,38.728116],[-77.5333211,38.7280811],[-77.5337995,38.7295604],[-77.5335827,38.7300598],[-77.5332488,38.7299685]]],"type":"Polygon"},"properties":{"kind":"water"},"type":"Feature"},{"geometry":{"coordinates":[[[-77.534393,38.7335503],[-77.5331431,38.7337971],[-77.5329366,38.733613],[-77.5343126,38.7330251],[-77.5345566,38.7332594],[-77.534393,38.7335503]]],"type":"Polygon"},"properties":{"kind":"water"},"type":"Feature"},{"geometry":{"coordinates":[[[-77.5244719,38.741714],[-77.5252309,38.7428005],[-77.5265372,38.7434316],[-77.5263092,38.743576],[-77.5239489,38.7421722],[-77.5235143,38.7415953],[-77.5238307,38.7409554],[-77.5248501,38.7409797],[-77.5250432,38.7414316],[-77.5244719,38.741714]]],"type":"Polygon"},"properties":{"kind":"water"},"type":"Feature"},{"geometry":{"coordinates":[[[-77.5238312,38.7709845],[-77.5245941,38.7711027],[-77.5243746,38.7717671],[-77.5223034,38.7734547],[-77.5217407,38.7733582],[-77.5217687,38.7729413],[-77.5234546,38.771008],[-77.5237254,38.7709934],[-77.5233775,38.7715833],[-77.5228662,38.7720311],[-77.5223758,38.7726937],[-77.5221283,38.7728357],[-77.5218785,38.7732708],[-77.5234052,38.7715919],[-77.5238312,38.7709845]]],"type":"Polygon"},"properties":{"kind":"water"},"type":"Feature"},{"geometry":{"coordinates":[[[-77.5330603,38.777243],[-77.5328433,38.776581],[-77.5337362,38.7776487],[-77.5328189,38.7780878],[-77.5324649,38.7776445],[-77.5330603,38.777243]]],"type":"Polygon"},"properties":{"kind":"water"},"type":"Feature"},{"geometry":{"coordinates":[[[-77.5319688,38.7818776],[-77.5321725,38.7814375],[-77.5327222,38.781286],[-77.533336,38.781557],[-77.5323875,38.7820443],[-77.5319688,38.7818776]]],"type":"Polygon"},"properties":{"kind":"water"},"type":"Feature"},{"geometry":{"coordinates":[[[-77.5291138,38.7817893],[-77.5300258,38.7825253],[-77.5288456,38.7829769],[-77.5284486,38.7821238],[-77.5291138,38.7817893]]],"type":"Polygon"},"properties":{"kind":"water"},"type":"Feature"},{"geometry":{"coordinates":[[[-77.5260044,38.7955071],[-77.5257115,38.7964613],[-77.5252042,38.7968991],[-77.5248965,38.796282],[-77.5253363,38.7955115],[-77.52578,38.7952079],[-77.5260044,38.7955071]]],"type":"Polygon"},"properties":{"kind":"water"},"type":"Feature"},{"geometry":{"coordinates":[[[-77.53541,38.8735446],[-77.5341529,38.8728202],[-77.5340358,38.8708868],[-77.5356626,38.8714049],[-77.5351388,38.8725947],[-77.5355147,38.8733527],[-77.53541,38.8735446]]],"type":"Polygon"},"properties":{"kind":"water"},"type":"Feature"},{"geometry":{"coordinates":[[[-77.5251407,38.8761775],[-77.5255031,38.8756812],[-77.5265707,38.8762542],[-77.5258861,38.8767339],[-77.5251407,38.8761775]]],"type":"Polygon"},"properties":{"kind":"water"},"type":"Feature"},{"geometry":{"coordinates":[[[-77.5227546,38.9056558],[-77.5219397,38.9055116],[-77.5224923,38.9044846],[-77.5227873,38.9045055],[-77.5227546,38.9056558]]],"type":"Polygon"},"properties":{"kind":"water"},"type":"Feature"},{"geometry":{"coordinates":[[[-77.5221865,38.9086466],[-77.5231247,38.9091247],[-77.523232,38.9093],[-77.5212424,38.9092852],[-77.5221865,38.9086466]]],"type":"Polygon"},"properties":{"kind":"water"},"type":"Feature"},{"geometry":{"coordinates":[[[-77.5231253,38.9179547],[-77.5225888,38.9177042],[-77.5225781,38.9173536],[-77.5235759,38.9167067],[-77.525727,38.9174997],[-77.5268804,38.9175206],[-77.5258772,38.9178503],[-77.524343,38.9176291],[-77.5231253,38.9179547]]],"type":"Polygon"},"properties":{"kind":"water"},"type":"Feature"},{"geometry":{"coordinates":[[[-77.5243215,38.9229714],[-77.5225298,38.9215357],[-77.5231789,38.9216024],[-77.5248151,38.922746],[-77.5243215,38.9229714]]],"type":"Polygon"},"properties":{"kind":"water"},"type":"Feature"},{"geometry":{"coordinates":[[[-77.5298693,38.9245369],[-77.5307383,38.9242406],[-77.5314786,38.924708],[-77.5314679,38.925647],[-77.5306632,38.9257722],[-77.5299551,38.925334],[-77.5298693,38.9245369]]],"type":"Polygon"},"properties":{"kind":"water"},"type":"Feature"},{"geometry":{"coordinates":[[[-77.5251605,38.9480825],[-77.5239567,38.9451605],[-77.5242422,38.9448223],[-77.5253537,38.9452557],[-77.5250488,38.9459096],[-77.5252439,38.9467879],[-77.5263353,38.9474902],[-77.5256245,38.9481737],[-77.5251605,38.9480825]]],"type":"Polygon"},"properties":{"kind":"water"},"type":"Feature"},{"geometry":{"coordinates":[[[-77.5298525,38.9590466],[-77.5258587,38.9591362],[-77.5257486,38.9586151],[-77.5265024,38.9588557],[-77.5290076,38.9586272],[-77.5298525,38.9590466]]],"type":"Polygon"},"properties":{"kind":"water"},"type":"Feature"},{"geometry":{"coordinates":[[[-77.5330479,38.9598543],[-77.5309466,38.9587915],[-77.5309597,38.9581201],[-77.5317942,38.9580949],[-77.5339384,38.9589283],[-77.5334877,38.9589658],[-77.5330479,38.9598543]]],"type":"Polygon"},"properties":{"kind":"water"},"type":"Feature"},{"geometry":{"coordinates":[[[-77.5327476,38.9602892],[-77.5336821,38.9603227],[-77.533414,38.9614933],[-77.5327236,38.9611543],[-77.5327476,38.9602892]]],"type":"Polygon"},"properties":{"kind":"water"},"type":"Feature"},{"geometry":{"coordinates":[[[-77.5200302,38.966141],[-77.5214075,38.965971],[-77.5219801,38.9654225],[-77.5236432,38.9662223],[-77.5259284,38.9657823],[-77.5267793,38.9660722],[-77.5261302,38.9664038],[-77.5247757,38.9662224],[-77.5236083,38.9667624],[-77.5224932,38.9668293],[-77.5215376,38.9677009],[-77.520859,38.9669793],[-77.5195367,38.9671962],[-77.5200302,38.966141]]],"type":"Polygon"},"properties":{"kind":"water"},"type":"Feature"},{"geometry":{"coordinates":[[[-77.5220405,38.9804552],[-77.5237973,38.9815446],[-77.5218282,38.9816353],[-77.5213927,38.9794992],[-77.5227365,38.9777811],[-77.5226329,38.9790874],[-77.5229202,38.9797328],[-77.5223539,38.9796795],[-77.5220405,38.9804552]]],"type":"Polygon"},"properties":{"kind":"water"},"type":"Feature"},{"geometry":{"coordinates":[[[-77.5222564,38.9841258],[-77.5222832,38.9833461],[-77.5229696,38.9833925],[-77.5232633,38.983553],[-77.523215,38.9840992],[-77.5222564,38.9841258]]],"type":"Polygon"},"properties":{"kind":"water"},"type":"Feature"},{"geometry":{"coordinates":[[[-77.5345364,38.9973613],[-77.53379,38.9978166],[-77.5328565,38.997136],[-77.533318,38.9968911],[-77.5345364,38.9973613]]],"type":"Polygon"},"properties":{"kind":"water"},"type":"Feature"},{"geometry":{"coordinates":[[[-77.5220704,39.0493931],[-77.5224697,39.0503924],[-77.5222587,39.0506115],[-77.5215849,39.0496788],[-77.5216835,39.049202],[-77.5220704,39.0493931]]],"type":"Polygon"},"properties":{"kind":"water"},"type":"Feature"},{"geometry":{"coordinates":[[[-77.5099111,38.6944962],[-77.5094112,38.6948748],[-77.5088155,38.6943452],[-77.5097266,38.6937369],[-77.5099111,38.6944962]]],"type":"Polygon"},"properties":{"kind":"water"},"type":"Feature"},{"geometry":{"coordinates":[[[-77.5178422,38.6939885],[-77.5168857,38.6954881],[-77.5162999,38.6952495],[-77.5178422,38.6939885]]],"type":"Polygon"},"properties":{"kind":"water"},"type":"Feature"},{"geometry":{"coordinates":[[[-77.5136251,38.6977192],[-77.5134039,38.6971588],[-77.5153172,38.6960272],[-77.5153041,38.6966809],[-77.5143171,38.6974848],[-77.5136251,38.6977192]]],"type":"Polygon"},"properties":{"kind":"water"},"type":"Feature"},{"geometry":{"coordinates":[[[-77.5153794,38.738237],[-77.514827,38.7376525],[-77.5149073,38.7371323],[-77.5151443,38.7368242],[-77.5150418,38.7372842],[-77.5162153,38.7374575],[-77.5159098,38.7382019],[-77.5153794,38.738237]]],"type":"Polygon"},"properties":{"kind":"water"},"type":"Feature"},{"geometry":{"coordinates":[[[-77.5162182,38.7426194],[-77.5167733,38.7415292],[-77.5167199,38.7411965],[-77.5163896,38.741186],[-77.5167099,38.7410644],[-77.5165531,38.7405456],[-77.5177273,38.7416733],[-77.5167289,38.7425352],[-77.5162182,38.7426194]]],"type":"Polygon"},"properties":{"kind":"water"},"type":"Feature"},{"geometry":{"coordinates":[[[-77.5184311,38.7506513],[-77.5172345,38.7500955],[-77.5180539,38.7494445],[-77.5200429,38.7508264],[-77.5184311,38.7506513]]],"type":"Polygon"},"properties":{"kind":"water"},"type":"Feature"},{"geometry":{"coordinates":[[[-77.5074535,38.7566582],[-77.5070565,38.7569343],[-77.5065844,38.757796],[-77.5062197,38.7571518],[-77.5066059,38.7564239],[-77.5074535,38.7566582]]],"type":"Polygon"},"properties":{"kind":"water"},"type":"Feature"},{"geometry":{"coordinates":[[[-77.5150217,38.7877538],[-77.5161053,38.788749],[-77.5161858,38.7893135],[-77.5155785,38.789476],[-77.5157483,38.7896087],[-77.5153221,38.7894682],[-77.5149949,38.7889831],[-77.5146676,38.7878165],[-77.5150217,38.7877538]]],"type":"Polygon"},"properties":{"kind":"water"},"type":"Feature"},{"geometry":{"coordinates":[[[-77.5137163,38.7952161],[-77.5156958,38.7945262],[-77.5153501,38.795071],[-77.5127547,38.7964468],[-77.5115504,38.7958728],[-77.5118924,38.79563],[-77.5128633,38.7958516],[-77.5134105,38.7941792],[-77.5137753,38.7939158],[-77.5137163,38.7952161]]],"type":"Polygon"},"properties":{"kind":"water"},"type":"Feature"},{"geometry":{"coordinates":[[[-77.5145111,38.8040596],[-77.5149939,38.8046197],[-77.5145218,38.8061874],[-77.5130627,38.8065134],[-77.5141141,38.8054475],[-77.5141839,38.8041097],[-77.5145111,38.8040596]]],"type":"Polygon"},"properties":{"kind":"water"},"type":"Feature"},{"geometry":{"coordinates":[[[-77.5035755,38.824808],[-77.5041154,38.8255247],[-77.5092977,38.8280184],[-77.5118072,38.8296497],[-77.512475,38.8304267],[-77.5123707,38.8312352],[-77.511047,38.8324511],[-77.5106619,38.8335645],[-77.5111177,38.8354198],[-77.5108923,38.8363605],[-77.5097233,38.8368138],[-77.5082532,38.836802],[-77.5076814,38.8371767],[-77.508916,38.8393018],[-77.5089193,38.8398639],[-77.5083811,38.8402975],[-77.5089614,38.8411281],[-77.5109714,38.8413456],[-77.5122901,38.840515],[-77.5146264,38.8400473],[-77.522991,38.8369003],[-77.5273054,38.837343],[-77.5295771,38.8369418],[-77.5302824,38.8371864],[-77.5277667,38.8375581],[-77.5231379,38.8370995],[-77.514965,38.8401692],[-77.5124453,38.8406893],[-77.5111468,38.8415068],[-77.508829,38.8413771],[-77.5081697,38.840333],[-77.5087281,38.8396989],[-77.5086861,38.8392547],[-77.5074313,38.8372397],[-77.5082975,38.8365755],[-77.5099526,38.8365925],[-77.510723,38.8362532],[-77.5109164,38.8355562],[-77.5103613,38.8338817],[-77.5105649,38.8330183],[-77.5108407,38.8323199],[-77.512119,38.8311433],[-77.5122637,38.8305261],[-77.5117877,38.8298854],[-77.5090746,38.8281964],[-77.5042186,38.8258718],[-77.5033524,38.8251708],[-77.5035071,38.8244081],[-77.5052118,38.8220628],[-77.5059762,38.8216634],[-77.5062983,38.8207037],[-77.5054477,38.8188108],[-77.505053,38.8163753],[-77.5010469,38.8140121],[-77.4965824,38.8132692],[-77.4913493,38.8115428],[-77.4890968,38.8088649],[-77.4895582,38.8060051],[-77.490123,38.804994],[-77.4941563,38.8002509],[-77.4942289,38.7986634],[-77.4938977,38.7980729],[-77.4933397,38.798209],[-77.4926183,38.7977988],[-77.4867567,38.7965949],[-77.4849938,38.7971775],[-77.4832075,38.7972444],[-77.4809788,38.7965024],[-77.4803698,38.7968788],[-77.4805145,38.7979393],[-77.4799779,38.7990339],[-77.4767417,38.7994429],[-77.4758772,38.7991872],[-77.4758318,38.7977728],[-77.4752734,38.7971816],[-77.473551,38.7964488],[-77.4715292,38.7963636],[-77.4704241,38.7957834],[-77.4688346,38.7959984],[-77.4683592,38.796428],[-77.4660263,38.7967006],[-77.4620113,38.7956139],[-77.4604192,38.7966201],[-77.4599588,38.7975512],[-77.4592158,38.797828],[-77.4572143,38.7971188],[-77.45709,38.7963504],[-77.4566357,38.7961039],[-77.4530272,38.7962856],[-77.4517593,38.7971439],[-77.4515276,38.7969697],[-77.4525537,38.7961241],[-77.4570951,38.7957676],[-77.4575846,38.7969448],[-77.4585063,38.797532],[-77.4593187,38.7976055],[-77.4614178,38.7956194],[-77.4624018,38.7953939],[-77.4658365,38.7965082],[-77.4704183,38.7956338],[-77.4722971,38.7963378],[-77.474593,38.7964597],[-77.4759723,38.7975661],[-77.4760412,38.7989124],[-77.4765374,38.7992323],[-77.4797231,38.7989373],[-77.4803051,38.7979817],[-77.4801504,38.7967835],[-77.4806836,38.7963719],[-77.4832789,38.7970706],[-77.4848369,38.797007],[-77.486783,38.7963965],[-77.4913811,38.7974979],[-77.4927921,38.7975669],[-77.4933456,38.7980177],[-77.4941009,38.7979328],[-77.4945025,38.8001657],[-77.4899384,38.8058156],[-77.4893599,38.8089038],[-77.4912404,38.8112388],[-77.4970545,38.8131372],[-77.5011898,38.8138071],[-77.5052367,38.8162144],[-77.5056586,38.8187242],[-77.5065569,38.8206489],[-77.5062303,38.8217376],[-77.505391,38.8223844],[-77.5035755,38.824808]]],"type":"Polygon"},"properties":{"kind":"water"},"type":"Feature"},{"geometry":{"coordinates":[[[-77.5065722,38.8944212],[-77.5058104,38.8929181],[-77.505966,38.8921457],[-77.5062932,38.8919912],[-77.5067167,38.8927118],[-77.5065776,38.8936822],[-77.5068658,38.8939052],[-77.5065722,38.8944212]]],"type":"Polygon"},"properties":{"kind":"water"},"type":"Feature"},{"geometry":{"coordinates":[[[-77.5102767,38.8983677],[-77.5107219,38.8970317],[-77.5113603,38.8971528],[-77.5108399,38.8984721],[-77.5102767,38.8983677]]],"type":"Polygon"},"properties":{"kind":"water"},"type":"Feature"},{"geometry":{"coordinates":[[[-77.5172459,38.9170531],[-77.5176804,38.9159262],[-77.5181525,38.9161474],[-77.5177126,38.9171742],[-77.5172459,38.9170531]]],"type":"Polygon"},"properties":{"kind":"water"},"type":"Feature"},{"geometry":{"coordinates":[[[-77.5102764,38.9198608],[-77.5104345,38.9173066],[-77.5111493,38.9165426],[-77.5113237,38.9171248],[-77.5110487,38.9186159],[-77.5102764,38.9198608]]],"type":"Polygon"},"properties":{"kind":"water"},"type":"Feature"},{"geometry":{"coordinates":[[[-77.5177477,38.9512318],[-77.5180669,38.9507359],[-77.5197239,38.9509126],[-77.5192802,38.9512603],[-77.5177477,38.9512318]]],"type":"Polygon"},"properties":{"kind":"water"},"type":"Feature"},{"geometry":{"coordinates":[[[-77.5219493,38.9603101],[-77.5209713,38.9598886],[-77.5209761,38.9594081],[-77.5210582,38.9596242],[-77.5211182,38.9593797],[-77.5220038,38.9594885],[-77.5219493,38.9603101]]],"type":"Polygon"},"properties":{"kind":"water"},"type":"Feature"},{"geometry":{"coordinates":[[[-77.5074002,39.0554761],[-77.5077941,39.0549303],[-77.5086584,39.0553147],[-77.5078734,39.055799],[-77.5074002,39.0554761]]],"type":"Polygon"},"properties":{"kind":"water"},"type":"Feature"},{"geometry":{"coordinates":[[[-77.5145059,39.0681775],[-77.5154016,39.0677216],[-77.5166754,39.0681466],[-77.5173422,39.0689965],[-77.51572,39.0702869],[-77.5146104,39.0687068],[-77.5145059,39.0681775]]],"type":"Polygon"},"properties":{"kind":"water"},"type":"Feature"},{"geometry":{"coordinates":[[[-77.5170423,39.0706454],[-77.5161089,39.0717366],[-77.5131262,39.072961],[-77.5123645,39.0738938],[-77.5110588,39.0786563],[-77.5101973,39.0834134],[-77.5115137,39.0857227],[-77.5113345,39.0867446],[-77.5094677,39.0881019],[-77.5024442,39.0908336],[-77.5004233,39.0940808],[-77.4977996,39.0965938],[-77.4976741,39.0981171],[-77.4972524,39.0987628],[-77.4944441,39.0998535],[-77.4912716,39.1004838],[-77.4784002,39.1013528],[-77.4775544,39.1013711],[-77.4772712,39.1010451],[-77.4767352,39.1002545],[-77.4780642,39.1007739],[-77.4872106,39.1002926],[-77.4926127,39.0998427],[-77.4965395,39.098777],[-77.4972207,39.0979714],[-77.4972421,39.0964813],[-77.5006245,39.0932273],[-77.5022445,39.0905283],[-77.5087382,39.0879937],[-77.5107981,39.0867612],[-77.5111784,39.0856686],[-77.5098218,39.0837465],[-77.5098325,39.0827055],[-77.5106264,39.0782998],[-77.5112916,39.0768923],[-77.511989,39.0736689],[-77.5131692,39.0726278],[-77.5158085,39.0714867],[-77.5170959,39.0702539],[-77.5190164,39.0695625],[-77.5192524,39.0698291],[-77.5170423,39.0706454]]],"type":"Polygon"},"properties":{"kind":"water"},"type":"Feature"},{"geometry":{"coordinates":[[[-77.5034916,38.718725],[-77.5025796,38.7189887],[-77.5030369,38.7186243],[-77.5024831,38.7178335],[-77.5024361,38.7172055],[-77.503615,38.7175949],[-77.5053222,38.7188545],[-77.5048595,38.7191352],[-77.5034916,38.718725]]],"type":"Polygon"},"properties":{"kind":"water"},"type":"Feature"},{"geometry":{"coordinates":[[[-77.5039529,38.7206252],[-77.5033414,38.7213953],[-77.5029176,38.7207005],[-77.5031268,38.719809],[-77.5027835,38.7193403],[-77.5042587,38.7193277],[-77.5034969,38.720102],[-77.5039529,38.7206252]]],"type":"Polygon"},"properties":{"kind":"water"},"type":"Feature"},{"geometry":{"coordinates":[[[-77.5045467,38.7331146],[-77.5054404,38.7318157],[-77.5059259,38.7321708],[-77.5054694,38.7327589],[-77.5045467,38.7331146]]],"type":"Polygon"},"properties":{"kind":"water"},"type":"Feature"},{"geometry":{"coordinates":[[[-77.4965989,38.7421115],[-77.4959551,38.7423437],[-77.4956976,38.7416156],[-77.4989807,38.7402851],[-77.4973284,38.7415487],[-77.4987875,38.7435654],[-77.4976503,38.7439587],[-77.4963306,38.7428123],[-77.4965989,38.7421115]]],"type":"Polygon"},"properties":{"kind":"water"},"type":"Feature"},{"geometry":{"coordinates":[[[-77.4887603,38.7653312],[-77.488518,38.7654611],[-77.4881226,38.7650182],[-77.4896896,38.7654531],[-77.4900872,38.7661118],[-77.4895336,38.766319],[-77.4886426,38.765533],[-77.4887603,38.7653312]]],"type":"Polygon"},"properties":{"kind":"water"},"type":"Feature"},{"geometry":{"coordinates":[[[-77.503548,38.7795798],[-77.502983,38.7786323],[-77.503361,38.7781548],[-77.5038548,38.7794726],[-77.503548,38.7795798]]],"type":"Polygon"},"properties":{"kind":"water"},"type":"Feature"},{"geometry":{"coordinates":[[[-77.4969574,38.7980392],[-77.4965711,38.7977591],[-77.496378,38.7981145],[-77.4961956,38.7977967],[-77.4962546,38.7973452],[-77.4968286,38.7970525],[-77.4973114,38.7976295],[-77.4969574,38.7980392]]],"type":"Polygon"},"properties":{"kind":"water"},"type":"Feature"},{"geometry":{"coordinates":[[[-77.4965575,38.8282328],[-77.4970698,38.8274335],[-77.4976948,38.8277376],[-77.496642,38.8285869],[-77.4965575,38.8282328]]],"type":"Polygon"},"properties":{"kind":"water"},"type":"Feature"},{"geometry":{"coordinates":[[[-77.5019782,38.8298138],[-77.5017529,38.8293583],[-77.5020479,38.8288025],[-77.5029921,38.8288569],[-77.5024663,38.8298765],[-77.5019782,38.8298138]]],"type":"Polygon"},"properties":{"kind":"water"},"type":"Feature"},{"geometry":{"coordinates":[[[-77.5050124,38.8431162],[-77.5050407,38.8426572],[-77.5043807,38.8426421],[-77.504294,38.8423981],[-77.5027739,38.8431424],[-77.503549,38.8420894],[-77.5046603,38.8422603],[-77.505607,38.8418151],[-77.5059114,38.8423953],[-77.5050124,38.8431162]]],"type":"Polygon"},"properties":{"kind":"water"},"type":"Feature"},{"geometry":{"coordinates":[[[-77.4914431,38.8663983],[-77.4921941,38.866603],[-77.4923014,38.8672128],[-77.4916952,38.8671794],[-77.4912929,38.8667241],[-77.4914431,38.8663983]]],"type":"Polygon"},"properties":{"kind":"water"},"type":"Feature"},{"geometry":{"coordinates":[[[-77.4949394,38.881882],[-77.4951942,38.882358],[-77.4946846,38.8828748],[-77.4926559,38.8824061],[-77.4931169,38.8822265],[-77.4934414,38.8812524],[-77.4949394,38.881882]]],"type":"Polygon"},"properties":{"kind":"water"},"type":"Feature"},{"geometry":{"coordinates":[[[-77.4955585,38.8903787],[-77.4953654,38.8894768],[-77.4960735,38.8891887],[-77.4964276,38.8908964],[-77.4952903,38.8912179],[-77.4955585,38.8903787]]],"type":"Polygon"},"properties":{"kind":"water"},"type":"Feature"},{"geometry":{"coordinates":[[[-77.5013038,38.8898025],[-77.5022265,38.8901365],[-77.5018832,38.8902492],[-77.5014648,38.8916438],[-77.5013038,38.8898025]]],"type":"Polygon"},"properties":{"kind":"water"},"type":"Feature"},{"geometry":{"coordinates":[[[-77.4972473,38.9015624],[-77.4982768,38.9020114],[-77.498148,38.9026835],[-77.4972366,38.901888],[-77.4972473,38.9015624]]],"type":"Polygon"},"properties":{"kind":"water"},"type":"Feature"},{"geometry":{"coordinates":[[[-77.5032021,38.9567642],[-77.5031002,38.9557964],[-77.5036635,38.954207],[-77.5040926,38.9550079],[-77.5039049,38.956347],[-77.5032021,38.9567642]]],"type":"Polygon"},"properties":{"kind":"water"},"type":"Feature"},{"geometry":{"coordinates":[[[-77.4868416,38.9680695],[-77.487716,38.9676941],[-77.4875175,38.9683281],[-77.4871795,38.9683197],[-77.4864392,38.9691872],[-77.485935,38.9690746],[-77.4868416,38.9680695]]],"type":"Polygon"},"properties":{"kind":"water"},"type":"Feature"},{"geometry":{"coordinates":[[[-77.4901401,38.9914612],[-77.4900971,38.9898001],[-77.4908525,38.9897134],[-77.4909297,38.9903605],[-77.490449,38.991061],[-77.4910756,38.9919682],[-77.4901401,38.9914612]]],"type":"Polygon"},"properties":{"kind":"water"},"type":"Feature"},{"geometry":{"coordinates":[[[-77.4971482,38.9959558],[-77.4964468,38.9953294],[-77.4964897,38.9951553],[-77.4974446,38.9952075],[-77.4976203,38.9963008],[-77.4971589,38.996404],[-77.4971482,38.9959558]]],"type":"Polygon"},"properties":{"kind":"water"},"type":"Feature"},{"geometry":{"coordinates":[[[-77.4882607,38.9967417],[-77.4872576,38.9969147],[-77.4870819,38.99665],[-77.4873313,38.9963717],[-77.4871369,38.9957797],[-77.4878624,38.9958078],[-77.488663,38.9953857],[-77.4881481,38.9962404],[-77.4882607,38.9967417]]],"type":"Polygon"},"properties":{"kind":"water"},"type":"Feature"},{"geometry":{"coordinates":[[[-77.5003438,39.010994],[-77.5008007,39.0098109],[-77.5019531,39.009931],[-77.5011538,39.0102812],[-77.5009106,39.011036],[-77.5003438,39.010994]]],"type":"Polygon"},"properties":{"kind":"water"},"type":"Feature"},{"geometry":{"coordinates":[[[-77.5002984,39.0329748],[-77.4989866,39.0324918],[-77.4993192,39.0318959],[-77.5005863,39.0326604],[-77.5002984,39.0329748]]],"type":"Polygon"},"properties":{"kind":"water"},"type":"Feature"},{"geometry":{"coordinates":[[[-77.5038987,39.0459927],[-77.5034601,39.0462586],[-77.5035071,39.0456219],[-77.5050581,39.0458651],[-77.5053182,39.0462692],[-77.5047261,39.0463969],[-77.5038987,39.0459927]]],"type":"Polygon"},"properties":{"kind":"water"},"type":"Feature"},{"geometry":{"coordinates":[[[-77.4957483,39.0551942],[-77.496709,39.0572389],[-77.4961097,39.0571238],[-77.4949155,39.0557401],[-77.4946004,39.0562206],[-77.494628,39.0575398],[-77.4944373,39.057287],[-77.4942399,39.0550876],[-77.4947102,39.054937],[-77.4947892,39.0526481],[-77.4955779,39.0530238],[-77.4956304,39.0535946],[-77.4962998,39.0544077],[-77.4957483,39.0551942]]],"type":"Polygon"},"properties":{"kind":"water"},"type":"Feature"},{"geometry":{"coordinates":[[[-77.4998512,39.0731075],[-77.500267,39.0720575],[-77.5002887,39.0715135],[-77.5006582,39.0725083],[-77.5011082,39.0727874],[-77.5007705,39.0732845],[-77.4998512,39.0731075]]],"type":"Polygon"},"properties":{"kind":"water"},"type":"Feature"},{"geometry":{"coordinates":[[[-77.4961142,39.0797771],[-77.4948445,39.0790989],[-77.4948573,39.0789344],[-77.4951169,39.0787836],[-77.4964552,39.0794979],[-77.4961142,39.0797771]]],"type":"Polygon"},"properties":{"kind":"water"},"type":"Feature"},{"geometry":{"coordinates":[[[-77.4775306,38.7040282],[-77.4764067,38.7043945],[-77.4761895,38.7035154],[-77.4766937,38.7034768],[-77.4775306,38.7040282]]],"type":"Polygon"},"properties":{"kind":"water"},"type":"Feature"},{"geometry":{"coordinates":[[[-77.466909,38.7296042],[-77.466445,38.7290497],[-77.4681589,38.7287588],[-77.4681388,38.7290497],[-77.466909,38.7296042]]],"type":"Polygon"},"properties":{"kind":"water"},"type":"Feature"},{"geometry":{"coordinates":[[[-77.4789204,38.7323356],[-77.478993,38.7313595],[-77.4797583,38.7310021],[-77.4803584,38.7321156],[-77.4781772,38.7331358],[-77.4789204,38.7323356]]],"type":"Polygon"},"properties":{"kind":"water"},"type":"Feature"},{"geometry":{"coordinates":[[[-77.4784267,38.7759654],[-77.4771131,38.7758765],[-77.4771555,38.7751452],[-77.4765656,38.7737509],[-77.4771745,38.7736716],[-77.4785328,38.7716924],[-77.4773438,38.7742371],[-77.4776067,38.775061],[-77.4782987,38.7754332],[-77.4784267,38.7759654]]],"type":"Polygon"},"properties":{"kind":"water"},"type":"Feature"},{"geometry":{"coordinates":[[[-77.4720533,38.7954123],[-77.4714345,38.7952376],[-77.4713855,38.7948573],[-77.4727788,38.7935136],[-77.4733312,38.7933511],[-77.4741473,38.7937788],[-77.4732138,38.7951867],[-77.4724923,38.7949665],[-77.4720533,38.7954123]]],"type":"Polygon"},"properties":{"kind":"water"},"type":"Feature"},{"geometry":{"coordinates":[[[-77.4681274,38.8204077],[-77.4694524,38.8197772],[-77.4700794,38.8206841],[-77.4696194,38.8209297],[-77.4684265,38.8206162],[-77.4681274,38.8204077]]],"type":"Polygon"},"properties":{"kind":"water"},"type":"Feature"},{"geometry":{"coordinates":[[[-77.475903,38.8261857],[-77.4762248,38.8268126],[-77.4746477,38.8264323],[-77.4752646,38.8260353],[-77.475903,38.8261857]]],"type":"Polygon"},"properties":{"kind":"water"},"type":"Feature"},{"geometry":{"coordinates":[[[-77.4860302,38.8491514],[-77.4870172,38.8493519],[-77.4869958,38.8496026],[-77.4862018,38.8501039],[-77.4860302,38.8491514]]],"type":"Polygon"},"properties":{"kind":"water"},"type":"Feature"},{"geometry":{"coordinates":[[[-77.4795397,38.8615205],[-77.4777197,38.8630134],[-77.4768568,38.8625461],[-77.4767408,38.8627177],[-77.4762907,38.8629381],[-77.4759591,38.86262],[-77.4751827,38.8629413],[-77.4737759,38.8630277],[-77.4724576,38.8629102],[-77.4752646,38.8628647],[-77.4759004,38.8625371],[-77.4763122,38.8628775],[-77.4768113,38.8625116],[-77.4776483,38.8629067],[-77.4787033,38.8619615],[-77.4795397,38.8615205]]],"type":"Polygon"},"properties":{"kind":"water"},"type":"Feature"},{"geometry":{"coordinates":[[[-77.4702353,38.8655687],[-77.4693384,38.8653539],[-77.4696649,38.865808],[-77.4694388,38.8661365],[-77.4686499,38.866212],[-77.4677953,38.8657999],[-77.4679641,38.8654597],[-77.4647869,38.8673611],[-77.4642528,38.8676309],[-77.4638756,38.8675832],[-77.4671792,38.8658471],[-77.4684972,38.8648088],[-77.470072,38.864309],[-77.4715447,38.8628813],[-77.47207,38.862902],[-77.4723264,38.8640991],[-77.4702353,38.8655687]]],"type":"Polygon"},"properties":{"kind":"water"},"type":"Feature"},{"geometry":{"coordinates":[[[-77.4809895,38.8754786],[-77.479981,38.8755872],[-77.4798952,38.8750777],[-77.4806676,38.8747603],[-77.4809895,38.8754786]]],"type":"Polygon"},"properties":{"kind":"water"},"type":"Feature"},{"geometry":{"coordinates":[[[-77.4679756,38.8815602],[-77.4674498,38.8801102],[-77.4681031,38.8797541],[-77.468299,38.8815356],[-77.4679756,38.8815602]]],"type":"Polygon"},"properties":{"kind":"water"},"type":"Feature"},{"geometry":{"coordinates":[[[-77.4728141,38.8874505],[-77.473936,38.8874723],[-77.4738816,38.8882522],[-77.4728739,38.888011],[-77.4728141,38.8874505]]],"type":"Polygon"},"properties":{"kind":"water"},"type":"Feature"},{"geometry":{"coordinates":[[[-77.4800069,38.8890673],[-77.4806104,38.8870318],[-77.4810127,38.8869587],[-77.4807552,38.8881947],[-77.4803395,38.888988],[-77.4800069,38.8890673]]],"type":"Polygon"},"properties":{"kind":"water"},"type":"Feature"},{"geometry":{"coordinates":[[[-77.4662602,38.9487578],[-77.4669091,38.9486664],[-77.467108,38.9494354],[-77.4664229,38.9495564],[-77.4662602,38.9487578]]],"type":"Polygon"},"properties":{"kind":"water"},"type":"Feature"},{"geometry":{"coordinates":[[[-77.4859842,38.9997769],[-77.4865206,38.9996185],[-77.4865367,39.0005399],[-77.4860539,39.0011777],[-77.4857857,39.0009984],[-77.4859842,38.9997769]]],"type":"Polygon"},"properties":{"kind":"water"},"type":"Feature"},{"geometry":{"coordinates":[[[-77.4709822,39.0089541],[-77.4712504,39.0084789],[-77.4723019,39.0083747],[-77.4729671,39.0074743],[-77.4735464,39.0075368],[-77.4743618,39.0082538],[-77.4741472,39.0085664],[-77.4723448,39.0088832],[-77.4716474,39.0093334],[-77.4709822,39.0089541]]],"type":"Polygon"},"properties":{"kind":"water"},"type":"Feature"},{"geometry":{"coordinates":[[[-77.4676509,39.0101087],[-77.4673183,39.0098461],[-77.4674202,39.0095669],[-77.469169,39.0092751],[-77.4696411,39.0095543],[-77.4693461,39.0099337],[-77.4676509,39.0101087]]],"type":"Polygon"},"properties":{"kind":"water"},"type":"Feature"},{"geometry":{"coordinates":[[[-77.4810322,39.0095835],[-77.4822539,39.0102651],[-77.4822231,39.010436],[-77.4808632,39.01019],[-77.4810322,39.0095835]]],"type":"Polygon"},"properties":{"kind":"water"},"type":"Feature"},{"geometry":{"coordinates":[[[-77.4848124,39.0203381],[-77.4832012,39.0209101],[-77.481923,39.0206784],[-77.4821907,39.0201333],[-77.4844466,39.0197953],[-77.4853321,39.0189797],[-77.4848124,39.0203381]]],"type":"Polygon"},"properties":{"kind":"water"},"type":"Feature"},{"geometry":{"coordinates":[[[-77.4841851,39.0270239],[-77.4804541,39.0279939],[-77.4799704,39.0273653],[-77.4799712,39.026568],[-77.4804944,39.0262051],[-77.4804038,39.0269998],[-77.4809485,39.0272125],[-77.4841851,39.0270239]]],"type":"Polygon"},"properties":{"kind":"water"},"type":"Feature"},{"geometry":{"coordinates":[[[-77.477721,39.0284439],[-77.4773668,39.0280157],[-77.4772596,39.0268395],[-77.4777934,39.0278116],[-77.4795046,39.0278001],[-77.4797943,39.0281074],[-77.4794912,39.0283877],[-77.477721,39.0284439]]],"type":"Polygon"},"properties":{"kind":"water"},"type":"Feature"},{"geometry":{"coordinates":[[[-77.477139,39.0285231],[-77.4762494,39.0293116],[-77.4744663,39.0298199],[-77.4739488,39.0296836],[-77.4742254,39.0291336],[-77.4770058,39.0283139],[-77.477139,39.0285231]]],"type":"Polygon"},"properties":{"kind":"water"},"type":"Feature"},{"geometry":{"coordinates":[[[-77.4737513,39.0346383],[-77.4734885,39.0341529],[-77.4742985,39.0337986],[-77.4759937,39.0354556],[-77.4752127,39.0354756],[-77.4737513,39.0346383]]],"type":"Polygon"},"properties":{"kind":"water"},"type":"Feature"},{"geometry":{"coordinates":[[[-77.4723756,39.0485993],[-77.4718219,39.0474967],[-77.4725014,39.0473892],[-77.4728427,39.0468994],[-77.4744252,39.0469995],[-77.474472,39.0460502],[-77.4746844,39.0470824],[-77.4758066,39.0471083],[-77.4761948,39.0468389],[-77.4758324,39.0461471],[-77.4759836,39.0459104],[-77.4762432,39.0467942],[-77.4772158,39.0466799],[-77.4765998,39.0470817],[-77.4766065,39.0476224],[-77.4776742,39.0485605],[-77.4795542,39.04914],[-77.4770647,39.0487367],[-77.4765687,39.0480889],[-77.4759191,39.0479351],[-77.4750316,39.0484465],[-77.4742575,39.048037],[-77.4736591,39.0481372],[-77.4733366,39.0486261],[-77.4734389,39.049248],[-77.4723756,39.0485993]]],"type":"Polygon"},"properties":{"kind":"water"},"type":"Feature"},{"geometry":{"coordinates":[[[-77.4861532,39.0796331],[-77.4848855,39.0793921],[-77.4857605,39.0792438],[-77.4859629,39.0787655],[-77.4863152,39.079066],[-77.4862672,39.0786984],[-77.4864673,39.0791209],[-77.4861532,39.0796331]]],"type":"Polygon"},"properties":{"kind":"water"},"type":"Feature"},{"geometry":{"coordinates":[[[-77.469409,39.0825609],[-77.4688903,39.0813741],[-77.4697128,39.0807453],[-77.4698395,39.0811676],[-77.4694062,39.0815126],[-77.4700398,39.0820311],[-77.4697548,39.0825881],[-77.469409,39.0825609]]],"type":"Polygon"},"properties":{"kind":"water"},"type":"Feature"},{"geometry":{"coordinates":[[[-77.4693472,39.0852689],[-77.471021,39.086058],[-77.4701358,39.0861871],[-77.4712082,39.0869576],[-77.4713697,39.0873821],[-77.4709888,39.0872655],[-77.4712409,39.0877027],[-77.4710371,39.0878651],[-77.4723776,39.0892143],[-77.4711765,39.0885771],[-77.4699583,39.0873365],[-77.4697276,39.0869284],[-77.4707254,39.0870492],[-77.4709722,39.0876738],[-77.4711009,39.0876904],[-77.4704947,39.0865995],[-77.4696847,39.0862206],[-77.4696289,39.0855198],[-77.4688567,39.0852522],[-77.4687639,39.0851049],[-77.4693472,39.0852689]]],"type":"Polygon"},"properties":{"kind":"water"},"type":"Feature"},{"geometry":{"coordinates":[[[-77.4662294,38.7225765],[-77.4648936,38.7233745],[-77.4641577,38.7231948],[-77.4654928,38.7226047],[-77.4662294,38.7225765]]],"type":"Polygon"},"properties":{"kind":"water"},"type":"Feature"},{"geometry":{"coordinates":[[[-77.4621385,38.7337891],[-77.4614986,38.7329138],[-77.4617899,38.7326713],[-77.4626031,38.7331558],[-77.4626403,38.7337659],[-77.4621385,38.7337891]]],"type":"Polygon"},"properties":{"kind":"water"},"type":"Feature"},{"geometry":{"coordinates":[[[-77.4622352,38.7700788],[-77.4616143,38.7700024],[-77.4627448,38.7686902],[-77.4626289,38.7695126],[-77.4622352,38.7700788]]],"type":"Polygon"},"properties":{"kind":"water"},"type":"Feature"},{"geometry":{"coordinates":[[[-77.4622423,38.7730627],[-77.4617202,38.7730893],[-77.4615647,38.7722969],[-77.4617514,38.7711395],[-77.4621025,38.7710355],[-77.4622423,38.7730627]]],"type":"Polygon"},"properties":{"kind":"water"},"type":"Feature"},{"geometry":{"coordinates":[[[-77.4622444,38.8040613],[-77.460517,38.8039735],[-77.4601952,38.8045379],[-77.460281,38.8031583],[-77.4641702,38.8038816],[-77.4638108,38.8047469],[-77.4631027,38.8052527],[-77.462239,38.8051942],[-77.4622444,38.8040613]]],"type":"Polygon"},"properties":{"kind":"water"},"type":"Feature"},{"geometry":{"coordinates":[[[-77.465286,38.8050437],[-77.4641702,38.8047135],[-77.4646208,38.8037854],[-77.466611,38.8041031],[-77.467362,38.8054074],[-77.4657095,38.8063037],[-77.465286,38.8050437]]],"type":"Polygon"},"properties":{"kind":"water"},"type":"Feature"},{"geometry":{"coordinates":[[[-77.4528641,38.8579636],[-77.4532537,38.8560323],[-77.4536769,38.8559637],[-77.453194,38.8578526],[-77.4528641,38.8579636]]],"type":"Polygon"},"properties":{"kind":"water"},"type":"Feature"},{"geometry":{"coordinates":[[[-77.4484701,38.8729527],[-77.4494893,38.8739885],[-77.4493498,38.8742725],[-77.4477945,38.8728443],[-77.4484701,38.8729527]]],"type":"Polygon"},"properties":{"kind":"water"},"type":"Feature"},{"geometry":{"coordinates":[[[-77.4566609,38.876093],[-77.4573733,38.8760195],[-77.4572188,38.8769282],[-77.4565236,38.876681],[-77.4566609,38.876093]]],"type":"Polygon"},"properties":{"kind":"water"},"type":"Feature"},{"geometry":{"coordinates":[[[-77.4543538,38.886298],[-77.454225,38.8850536],[-77.4548688,38.8851079],[-77.4556198,38.8857927],[-77.4553194,38.8861811],[-77.4543538,38.886298]]],"type":"Polygon"},"properties":{"kind":"water"},"type":"Feature"},{"geometry":{"coordinates":[[[-77.4534794,38.8917512],[-77.4536511,38.8909077],[-77.4546381,38.8912376],[-77.4543913,38.8916259],[-77.4534794,38.8917512]]],"type":"Polygon"},"properties":{"kind":"water"},"type":"Feature"},{"geometry":{"coordinates":[[[-77.4642161,38.8999821],[-77.4646507,38.8991827],[-77.4654954,38.8996773],[-77.4647526,38.89998],[-77.4642161,38.8999821]]],"type":"Polygon"},"properties":{"kind":"water"},"type":"Feature"},{"geometry":{"coordinates":[[[-77.4640123,38.9036829],[-77.4626175,38.9031841],[-77.4630852,38.9027253],[-77.4641742,38.9034475],[-77.4640123,38.9036829]]],"type":"Polygon"},"properties":{"kind":"water"},"type":"Feature"},{"geometry":{"coordinates":[[[-77.4617818,38.9083509],[-77.4612715,38.9081461],[-77.4620183,38.907933],[-77.462646,38.9084243],[-77.4618227,38.9096364],[-77.4614422,38.9095672],[-77.4617818,38.9083509]]],"type":"Polygon"},"properties":{"kind":"water"},"type":"Feature"},{"geometry":{"coordinates":[[[-77.4458765,38.9349088],[-77.4471479,38.9351759],[-77.4473464,38.9355013],[-77.4469279,38.9357559],[-77.44556,38.9356432],[-77.4458765,38.9349088]]],"type":"Polygon"},"properties":{"kind":"water"},"type":"Feature"},{"geometry":{"coordinates":[[[-77.4640654,38.9897296],[-77.4615531,38.9869211],[-77.4616761,38.9858655],[-77.4627623,38.985637],[-77.4635549,38.9846777],[-77.4638451,38.9839632],[-77.4639236,38.980765],[-77.4646704,38.9794439],[-77.4640524,38.9818859],[-77.4644173,38.9839876],[-77.4625503,38.986356],[-77.4630653,38.9876236],[-77.4653033,38.9891919],[-77.4640654,38.9897296]]],"type":"Polygon"},"properties":{"kind":"water"},"type":"Feature"},{"geometry":{"coordinates":[[[-77.4562368,38.9885915],[-77.4553892,38.9882695],[-77.4554057,38.9878026],[-77.454949,38.9874262],[-77.4555901,38.9874241],[-77.4562368,38.9885915]]],"type":"Polygon"},"properties":{"kind":"water"},"type":"Feature"},{"geometry":{"coordinates":[[[-77.4549202,39.002452],[-77.4551294,39.0015056],[-77.4561594,39.0014014],[-77.4562532,39.0025895],[-77.4549202,39.002452]]],"type":"Polygon"},"properties":{"kind":"water"},"type":"Feature"},{"geometry":{"coordinates":[[[-77.4592835,39.0102932],[-77.4588503,39.0099868],[-77.4600559,39.009496],[-77.4598199,39.0097753],[-77.4600559,39.0097868],[-77.4604248,39.0094137],[-77.4601874,39.0099837],[-77.4592835,39.0102932]]],"type":"Polygon"},"properties":{"kind":"water"},"type":"Feature"},{"geometry":{"coordinates":[[[-77.4496289,39.0099724],[-77.4507242,39.0096839],[-77.4509578,39.0097533],[-77.4505175,39.0103852],[-77.4498088,39.0104402],[-77.4496289,39.0099724]]],"type":"Polygon"},"properties":{"kind":"water"},"type":"Feature"},{"geometry":{"coordinates":[[[-77.4592097,39.0105454],[-77.4588597,39.0113561],[-77.4581784,39.0106121],[-77.4585579,39.0102182],[-77.4592097,39.0105454]]],"type":"Polygon"},"properties":{"kind":"water"},"type":"Feature"},{"geometry":{"coordinates":[[[-77.4475267,39.0154683],[-77.4465906,39.0148035],[-77.4465825,39.0141762],[-77.4476179,39.0144555],[-77.4478459,39.0143138],[-77.4476527,39.0139699],[-77.4480926,39.0140533],[-77.4481838,39.0145222],[-77.4475267,39.0154683]]],"type":"Polygon"},"properties":{"kind":"water"},"type":"Feature"},{"geometry":{"coordinates":[[[-77.4476581,39.0188735],[-77.44684,39.0187401],[-77.4463418,39.0182746],[-77.4466871,39.0179066],[-77.4473979,39.0178461],[-77.4493452,39.0182754],[-77.4476581,39.0188735]]],"type":"Polygon"},"properties":{"kind":"water"},"type":"Feature"},{"geometry":{"coordinates":[[[-77.4642563,39.0225137],[-77.4633292,39.0221354],[-77.4650606,39.0213783],[-77.4642563,39.0225137]]],"type":"Polygon"},"properties":{"kind":"water"},"type":"Feature"},{"geometry":{"coordinates":[[[-77.4633972,39.0237654],[-77.4628183,39.0236361],[-77.4634943,39.0227824],[-77.463938,39.023049],[-77.4633972,39.0237654]]],"type":"Polygon"},"properties":{"kind":"water"},"type":"Feature"},{"geometry":{"coordinates":[[[-77.4637009,39.0363551],[-77.4631318,39.0365033],[-77.4629708,39.0355783],[-77.4618663,39.0347925],[-77.4636092,39.0348928],[-77.4637009,39.0363551]]],"type":"Polygon"},"properties":{"kind":"water"},"type":"Feature"},{"geometry":{"coordinates":[[[-77.4545137,39.0592304],[-77.453254,39.0586703],[-77.4514356,39.057892],[-77.4526568,39.0580711],[-77.4545137,39.0592304]]],"type":"Polygon"},"properties":{"kind":"water"},"type":"Feature"},{"geometry":{"coordinates":[[[-77.4660842,39.0611119],[-77.4643582,39.0586834],[-77.4644119,39.0584459],[-77.4651253,39.0584084],[-77.46674,39.0605411],[-77.4665206,39.0610528],[-77.4660842,39.0611119]]],"type":"Polygon"},"properties":{"kind":"water"},"type":"Feature"},{"geometry":{"coordinates":[[[-77.4662349,39.0728228],[-77.4648297,39.0722384],[-77.4644468,39.0715871],[-77.4663433,39.0723001],[-77.4662349,39.0728228]]],"type":"Polygon"},"properties":{"kind":"water"},"type":"Feature"},{"geometry":{"coordinates":[[[-77.4391429,38.7295526],[-77.4408309,38.7310689],[-77.4408585,38.7312684],[-77.4388694,38.730579],[-77.438607,38.7298467],[-77.4391429,38.7295526]]],"type":"Polygon"},"properties":{"kind":"water"},"type":"Feature"},{"geometry":{"coordinates":[[[-77.4424715,38.872212],[-77.4430756,38.8711984],[-77.4434779,38.8713237],[-77.4430187,38.8723582],[-77.4424715,38.872212]]],"type":"Polygon"},"properties":{"kind":"water"},"type":"Feature"},{"geometry":{"coordinates":[[[-77.4340064,38.8740017],[-77.4340842,38.8730996],[-77.4335757,38.8725964],[-77.4340708,38.8725984],[-77.4348245,38.8735506],[-77.4340064,38.8740017]]],"type":"Polygon"},"properties":{"kind":"water"},"type":"Feature"},{"geometry":{"coordinates":[[[-77.4381157,38.8794621],[-77.4370385,38.87806],[-77.4384494,38.8784275],[-77.4384376,38.8794245],[-77.4381157,38.8794621]]],"type":"Polygon"},"properties":{"kind":"water"},"type":"Feature"},{"geometry":{"coordinates":[[[-77.4457519,38.8815522],[-77.4453482,38.8812248],[-77.4459739,38.8805379],[-77.4468402,38.880796],[-77.4457519,38.8815522]]],"type":"Polygon"},"properties":{"kind":"water"},"type":"Feature"},{"geometry":{"coordinates":[[[-77.4407088,38.8912456],[-77.4424682,38.8906462],[-77.4430404,38.8907878],[-77.4428211,38.8911416],[-77.4407088,38.8912456]]],"type":"Polygon"},"properties":{"kind":"water"},"type":"Feature"},{"geometry":{"coordinates":[[[-77.4404782,38.8943253],[-77.4392484,38.8936888],[-77.4404508,38.8935102],[-77.4410018,38.8937633],[-77.4404782,38.8943253]]],"type":"Polygon"},"properties":{"kind":"water"},"type":"Feature"},{"geometry":{"coordinates":[[[-77.4336431,38.8969371],[-77.4336266,38.8980098],[-77.4318189,38.8978845],[-77.4321098,38.8976115],[-77.4332115,38.8977091],[-77.4336431,38.8969371]]],"type":"Polygon"},"properties":{"kind":"water"},"type":"Feature"},{"geometry":{"coordinates":[[[-77.4446875,38.9082688],[-77.4458837,38.9082459],[-77.4460312,38.9088595],[-77.4446365,38.9088824],[-77.4446875,38.9082688]]],"type":"Polygon"},"properties":{"kind":"water"},"type":"Feature"},{"geometry":{"coordinates":[[[-77.4285675,38.9117851],[-77.4285944,38.9130749],[-77.4275429,38.9131041],[-77.4279721,38.9118477],[-77.4285675,38.9117851]]],"type":"Polygon"},"properties":{"kind":"water"},"type":"Feature"},{"geometry":{"coordinates":[[[-77.4435153,38.9135199],[-77.4423539,38.9135325],[-77.4428099,38.9125933],[-77.443518,38.9127018],[-77.4435153,38.9135199]]],"type":"Polygon"},"properties":{"kind":"water"},"type":"Feature"},{"geometry":{"coordinates":[[[-77.4290818,38.9222451],[-77.4280572,38.9213811],[-77.4283844,38.9208469],[-77.4290389,38.9213394],[-77.4290818,38.9222451]]],"type":"Polygon"},"properties":{"kind":"water"},"type":"Feature"},{"geometry":{"coordinates":[[[-77.4266569,38.9557767],[-77.4258254,38.9546879],[-77.4265282,38.9548662],[-77.4278873,38.9566775],[-77.4268661,38.9566767],[-77.4265067,38.9561521],[-77.4266569,38.9557767]]],"type":"Polygon"},"properties":{"kind":"water"},"type":"Feature"},{"geometry":{"coordinates":[[[-77.4360497,38.9846279],[-77.4405451,38.982372],[-77.4412013,38.9824065],[-77.4403952,38.982564],[-77.4366452,38.9845654],[-77.4360497,38.9846279]]],"type":"Polygon"},"properties":{"kind":"water"},"type":"Feature"},{"geometry":{"coordinates":[[[-77.4414805,39.0022355],[-77.4409037,39.0020286],[-77.4415249,39.0005915],[-77.4422651,39.0006586],[-77.4414805,39.0022355]]],"type":"Polygon"},"properties":{"kind":"water"},"type":"Feature"},{"geometry":{"coordinates":[[[-77.4448508,39.0065988],[-77.4446158,39.0059122],[-77.4440863,39.0055847],[-77.4443422,39.0051733],[-77.4447727,39.0052181],[-77.4462721,39.006823],[-77.4448508,39.0065988]]],"type":"Polygon"},"properties":{"kind":"water"},"type":"Feature"},{"geometry":{"coordinates":[[[-77.444528,39.0133926],[-77.4432832,39.0108287],[-77.4444341,39.0115003],[-77.444528,39.0133926]]],"type":"Polygon"},"properties":{"kind":"water"},"type":"Feature"},{"geometry":{"coordinates":[[[-77.4435659,39.0167655],[-77.4434338,39.0163039],[-77.4444975,39.015758],[-77.4446033,39.0161682],[-77.4442108,39.0166169],[-77.4444258,39.0174459],[-77.4435659,39.0167655]]],"type":"Polygon"},"properties":{"kind":"water"},"type":"Feature"},{"geometry":{"coordinates":[[[-77.4303505,39.0245912],[-77.4305306,39.0230261],[-77.4309115,39.0229052],[-77.4307153,39.0248912],[-77.4303505,39.0245912]]],"type":"Polygon"},"properties":{"kind":"water"},"type":"Feature"},{"geometry":{"coordinates":[[[-77.4390429,39.0240283],[-77.440386,39.0251101],[-77.4411987,39.029067],[-77.4410646,39.0295191],[-77.4401741,39.0307922],[-77.4379975,39.0305328],[-77.4371579,39.0307807],[-77.4376112,39.0318454],[-77.4373376,39.0331726],[-77.4365075,39.0338528],[-77.4355017,39.0338549],[-77.4346299,39.0348831],[-77.4344127,39.0356706],[-77.4380739,39.0387592],[-77.4399555,39.0410217],[-77.4443315,39.0428706],[-77.4449363,39.0445611],[-77.4464451,39.0435153],[-77.4468474,39.0426216],[-77.4467401,39.0415311],[-77.4475555,39.0398384],[-77.4481121,39.0395676],[-77.4498475,39.0397342],[-77.4519959,39.0394436],[-77.4517599,39.0376072],[-77.4525109,39.0359571],[-77.4534738,39.0353008],[-77.4536441,39.0347425],[-77.4551556,39.0339487],[-77.4566267,39.0326423],[-77.4574824,39.0327017],[-77.4581904,39.032175],[-77.4575977,39.0327715],[-77.4566898,39.0327205],[-77.4552333,39.0340081],[-77.453683,39.034806],[-77.4534188,39.0354821],[-77.4526021,39.0360134],[-77.4518953,39.0375561],[-77.4522212,39.0392707],[-77.4519798,39.039528],[-77.4499065,39.039878],[-77.4477392,39.0398197],[-77.4469158,39.0414019],[-77.4470016,39.0425945],[-77.4464116,39.0437466],[-77.4467576,39.0439695],[-77.4470016,39.0444871],[-77.4471572,39.0455089],[-77.4475957,39.0457901],[-77.4470821,39.0455485],[-77.4466784,39.0440653],[-77.4463364,39.0438799],[-77.4452716,39.0446329],[-77.4429703,39.0452381],[-77.442348,39.0465098],[-77.4416246,39.0469753],[-77.4342716,39.046087],[-77.4326202,39.0468329],[-77.4314285,39.0478892],[-77.4317298,39.0488003],[-77.4326703,39.0484412],[-77.4329329,39.048566],[-77.4328712,39.0512608],[-77.432533,39.0523328],[-77.4346286,39.052251],[-77.435632,39.0535383],[-77.4366078,39.0564399],[-77.4357596,39.0574344],[-77.4358483,39.0579768],[-77.4364137,39.0583513],[-77.4386313,39.0587388],[-77.4405453,39.0613329],[-77.4406992,39.062234],[-77.4426153,39.0660385],[-77.4444741,39.0686047],[-77.4446271,39.0701477],[-77.4443546,39.0712577],[-77.4437498,39.0712396],[-77.4442643,39.0702533],[-77.4440801,39.0685619],[-77.4422906,39.066252],[-77.4403888,39.0623444],[-77.4402369,39.0613821],[-77.4385143,39.058873],[-77.436643,39.058618],[-77.435695,39.058132],[-77.435571,39.057403],[-77.4363084,39.0564864],[-77.4354564,39.0535753],[-77.4345827,39.0524252],[-77.4331606,39.0526322],[-77.4323551,39.0523507],[-77.4328286,39.0487027],[-77.4317442,39.0490131],[-77.4311927,39.0480194],[-77.4312888,39.0475887],[-77.4324018,39.0466934],[-77.4343806,39.045816],[-77.4415616,39.0467697],[-77.4421777,39.0463088],[-77.442749,39.0451048],[-77.4446721,39.0444527],[-77.4442041,39.0430258],[-77.439521,39.0409811],[-77.4379586,39.0389332],[-77.4353381,39.0369499],[-77.4341995,39.0355988],[-77.4343711,39.0348081],[-77.4352723,39.0337893],[-77.4365021,39.0336601],[-77.4371177,39.0331007],[-77.4373685,39.0315714],[-77.436875,39.0309599],[-77.4369997,39.0306651],[-77.4381933,39.0303421],[-77.4400882,39.0306505],[-77.440964,39.0292993],[-77.4402519,39.0252601],[-77.4391367,39.0244284],[-77.4390429,39.0240283]]],"type":"Polygon"},"properties":{"kind":"water"},"type":"Feature"},{"geometry":{"coordinates":[[[-77.4292566,39.0265205],[-77.4284488,39.0266353],[-77.4289745,39.0265019],[-77.4295168,39.0254036],[-77.4304636,39.024791],[-77.4306004,39.0252328],[-77.4292566,39.0265205]]],"type":"Polygon"},"properties":{"kind":"water"},"type":"Feature"},{"geometry":{"coordinates":[[[-77.4388109,39.0294816],[-77.4378874,39.0296116],[-77.4372181,39.0286037],[-77.4376134,39.0284788],[-77.4384992,39.0289911],[-77.4388109,39.0294816]]],"type":"Polygon"},"properties":{"kind":"water"},"type":"Feature"},{"geometry":{"coordinates":[[[-77.4392086,39.0444166],[-77.4377147,39.0450265],[-77.4376439,39.0449328],[-77.4376948,39.0443225],[-77.4392086,39.0444166]]],"type":"Polygon"},"properties":{"kind":"water"},"type":"Feature"},{"geometry":{"coordinates":[[[-77.4268285,39.0455258],[-77.4290172,39.0448326],[-77.4293605,39.0453392],[-77.4280473,39.0455725],[-77.4268285,39.0455258]]],"type":"Polygon"},"properties":{"kind":"water"},"type":"Feature"},{"geometry":{"coordinates":[[[-77.4406871,39.0525012],[-77.4398583,39.0520742],[-77.4398181,39.0519471],[-77.4403223,39.0518846],[-77.4411216,39.0524762],[-77.4406495,39.0530906],[-77.4404135,39.0529573],[-77.4406871,39.0525012]]],"type":"Polygon"},"properties":{"kind":"water"},"type":"Feature"},{"geometry":{"coordinates":[[[-77.4456056,39.0703289],[-77.4457158,39.0697733],[-77.4452826,39.0689832],[-77.4463829,39.0685018],[-77.4470791,39.0693397],[-77.4461347,39.0697419],[-77.4462519,39.0705251],[-77.4456056,39.0703289]]],"type":"Polygon"},"properties":{"kind":"water"},"type":"Feature"},{"geometry":{"coordinates":[[[-77.410437,38.7104979],[-77.4095196,38.7138427],[-77.4099536,38.7147027],[-77.4094806,38.7145848],[-77.4079688,38.71624],[-77.4075543,38.7172826],[-77.4080127,38.7175223],[-77.4073934,38.7174158],[-77.4078713,38.7187247],[-77.4071934,38.7182909],[-77.4063497,38.7195199],[-77.4068862,38.7195047],[-77.4056133,38.7205244],[-77.4059986,38.720551],[-77.406379,38.7212587],[-77.4055304,38.7213348],[-77.4053256,38.7210304],[-77.4047404,38.7216506],[-77.4037894,38.7219436],[-77.4020192,38.7213196],[-77.4005074,38.7193068],[-77.3998976,38.7175959],[-77.4004083,38.7181865],[-77.4004398,38.7174438],[-77.401039,38.7184089],[-77.4024581,38.7183974],[-77.4008878,38.7186372],[-77.4019704,38.7205168],[-77.4030238,38.7212245],[-77.4038967,38.7212625],[-77.4065107,38.7180246],[-77.4076567,38.715536],[-77.4087247,38.7148511],[-77.4088661,38.7124614],[-77.4100248,38.7100445],[-77.410437,38.7104979]]],"type":"Polygon"},"properties":{"kind":"water"},"type":"Feature"},{"geometry":{"coordinates":[[[-77.3919477,38.7396247],[-77.3901292,38.7411435],[-77.3895874,38.740859],[-77.3906442,38.7399971],[-77.3919477,38.7396247]]],"type":"Polygon"},"properties":{"kind":"water"},"type":"Feature"},{"geometry":{"coordinates":[[[-77.4117659,38.75006],[-77.412812,38.7505766],[-77.4110879,38.7506588],[-77.4106734,38.7503001],[-77.4114834,38.7493455],[-77.4130761,38.7489162],[-77.4128713,38.7494873],[-77.4120005,38.749684],[-77.4117659,38.75006]]],"type":"Polygon"},"properties":{"kind":"water"},"type":"Feature"},{"geometry":{"coordinates":[[[-77.4029824,38.7512172],[-77.401296,38.7516464],[-77.4005032,38.7510847],[-77.4029824,38.7512172]]],"type":"Polygon"},"properties":{"kind":"water"},"type":"Feature"},{"geometry":{"coordinates":[[[-77.3935546,38.7590895],[-77.3926373,38.7587716],[-77.3929422,38.7584908],[-77.3928012,38.7571637],[-77.3935331,38.757136],[-77.3936933,38.758739],[-77.3935546,38.7590895]]],"type":"Polygon"},"properties":{"kind":"water"},"type":"Feature"},{"geometry":{"coordinates":[[[-77.407281,38.868202],[-77.406685,38.868701],[-77.406328,38.868725],[-77.405826,38.868495],[-77.405683,38.868682],[-77.405507,38.868742],[-77.405309,38.868641],[-77.405269,38.868255],[-77.404632,38.867755],[-77.402966,38.867431],[-77.402323,38.867202],[-77.402285,38.867342],[-77.402166,38.867423],[-77.400036,38.867284],[-77.39946,38.86705],[-77.399399,38.866878],[-77.398716,38.867104],[-77.398244,38.866877],[-77.398245,38.86666],[-77.398032,38.866684],[-77.39825,38.866631],[-77.398861,38.867016],[-77.399468,38.86686],[-77.399971,38.867232],[-77.402158,38.867379],[-77.402323,38.867154],[-77.404691,38.867726],[-77.405268,38.868175],[-77.405498,38.868718],[-77.405661,38.868486],[-77.405966,38.868432],[-77.406539,38.868661],[-77.406791,38.868327],[-77.407281,38.868202]]],"type":"Polygon"},"properties":{"kind":"water"},"type":"Feature"},{"geometry":{"coordinates":[[[-77.4002829,38.884532],[-77.3996305,38.8847832],[-77.3990887,38.8839559],[-77.3994598,38.8838207],[-77.4002829,38.884532]]],"type":"Polygon"},"properties":{"kind":"water"},"type":"Feature"},{"geometry":{"coordinates":[[[-77.3949811,38.8885314],[-77.3948115,38.8872662],[-77.395651,38.8882517],[-77.3966085,38.888594],[-77.3960211,38.8890847],[-77.3949811,38.8885314]]],"type":"Polygon"},"properties":{"kind":"water"},"type":"Feature"},{"geometry":{"coordinates":[[[-77.3943044,38.8989656],[-77.3937894,38.898857],[-77.3936282,38.8992918],[-77.3934968,38.8990226],[-77.3940067,38.8983874],[-77.3940898,38.8974396],[-77.3957315,38.8984563],[-77.3943044,38.8989656]]],"type":"Polygon"},"properties":{"kind":"water"},"type":"Feature"},{"geometry":{"coordinates":[[[-77.3934139,38.8995208],[-77.3913805,38.9005756],[-77.3924266,38.8994213],[-77.3929284,38.8992035],[-77.3934139,38.8995208]]],"type":"Polygon"},"properties":{"kind":"water"},"type":"Feature"},{"geometry":{"coordinates":[[[-77.3889889,38.9078222],[-77.3889723,38.907337],[-77.388453,38.9068315],[-77.3891923,38.9068461],[-77.3893603,38.9064165],[-77.389721,38.9064176],[-77.389946,38.9066569],[-77.3889889,38.9078222]]],"type":"Polygon"},"properties":{"kind":"water"},"type":"Feature"},{"geometry":{"coordinates":[[[-77.3908658,38.9132171],[-77.3904049,38.9123976],[-77.3915924,38.9125013],[-77.3913491,38.9130488],[-77.3908658,38.9132171]]],"type":"Polygon"},"properties":{"kind":"water"},"type":"Feature"},{"geometry":{"coordinates":[[[-77.4104927,38.9314514],[-77.4117131,38.9308985],[-77.4125554,38.9298177],[-77.413183,38.9302308],[-77.4120779,38.931658],[-77.4118258,38.9313158],[-77.4104927,38.9314514]]],"type":"Polygon"},"properties":{"kind":"water"},"type":"Feature"},{"geometry":{"coordinates":[[[-77.3936548,38.9407731],[-77.3920157,38.9399984],[-77.3935552,38.9402763],[-77.3941009,38.9397121],[-77.3944885,38.9398098],[-77.3945577,38.940278],[-77.3936548,38.9407731]]],"type":"Polygon"},"properties":{"kind":"water"},"type":"Feature"},{"geometry":{"coordinates":[[[-77.3876639,38.949364],[-77.3875022,38.9489179],[-77.3887364,38.9487429],[-77.3881053,38.9494534],[-77.3883383,38.950161],[-77.3877685,38.9500147],[-77.3874441,38.9495728],[-77.3876639,38.949364]]],"type":"Polygon"},"properties":{"kind":"water"},"type":"Feature"},{"geometry":{"coordinates":[[[-77.4118459,38.9513889],[-77.4122091,38.9514561],[-77.4116367,38.9524798],[-77.4110359,38.9529366],[-77.4105826,38.952847],[-77.4118459,38.9513889]]],"type":"Polygon"},"properties":{"kind":"water"},"type":"Feature"},{"geometry":{"coordinates":[[[-77.4053769,38.9545227],[-77.4030772,38.9547247],[-77.4029452,38.9546646],[-77.4043479,38.9541323],[-77.4053769,38.9545227]]],"type":"Polygon"},"properties":{"kind":"water"},"type":"Feature"},{"geometry":{"coordinates":[[[-77.4017982,38.9550998],[-77.4011223,38.9550592],[-77.3996149,38.9544866],[-77.4014817,38.9548047],[-77.4024258,38.954641],[-77.4026404,38.9553168],[-77.4015979,38.9552384],[-77.4017982,38.9550998]]],"type":"Polygon"},"properties":{"kind":"water"},"type":"Feature"},{"geometry":{"coordinates":[[[-77.3957515,38.957916],[-77.3947776,38.9570082],[-77.3950251,38.9568557],[-77.3963942,38.9575881],[-77.3972793,38.9585325],[-77.3957515,38.957916]]],"type":"Polygon"},"properties":{"kind":"water"},"type":"Feature"},{"geometry":{"coordinates":[[[-77.3966297,38.975283],[-77.3968738,38.9750599],[-77.3972305,38.9737254],[-77.3977576,38.9756393],[-77.3967692,38.9757877],[-77.3966297,38.975283]]],"type":"Polygon"},"properties":{"kind":"water"},"type":"Feature"},{"geometry":{"coordinates":[[[-77.4097186,39.0039804],[-77.4091178,39.0029398],[-77.4109632,39.0040537],[-77.4104996,39.0048547],[-77.4095384,39.0043805],[-77.4097186,39.0039804]]],"type":"Polygon"},"properties":{"kind":"water"},"type":"Feature"},{"geometry":{"coordinates":[[[-77.4053893,39.0171134],[-77.4056468,39.0163265],[-77.4067884,39.0163132],[-77.4065995,39.0174602],[-77.4053893,39.0171134]]],"type":"Polygon"},"properties":{"kind":"water"},"type":"Feature"},{"geometry":{"coordinates":[[[-77.3945958,39.0180016],[-77.3940092,39.0174968],[-77.3944029,39.016945],[-77.3958688,39.0176418],[-77.3945958,39.0180016]]],"type":"Polygon"},"properties":{"kind":"water"},"type":"Feature"},{"geometry":{"coordinates":[[[-77.4249089,39.0200021],[-77.4261097,39.0193081],[-77.4263644,39.0198042],[-77.4252983,39.020135],[-77.4249089,39.0200021]]],"type":"Polygon"},"properties":{"kind":"water"},"type":"Feature"},{"geometry":{"coordinates":[[[-77.3998182,39.0282418],[-77.3986226,39.0282356],[-77.3977838,39.0277147],[-77.3981948,39.0275396],[-77.3998182,39.0282418]]],"type":"Polygon"},"properties":{"kind":"water"},"type":"Feature"},{"geometry":{"coordinates":[[[-77.4002694,39.032251],[-77.3982695,39.0317776],[-77.3986472,39.0304441],[-77.3993252,39.0306908],[-77.4005183,39.0318843],[-77.4007414,39.0325377],[-77.4003037,39.032711],[-77.4002694,39.032251]]],"type":"Polygon"},"properties":{"kind":"water"},"type":"Feature"},{"geometry":{"coordinates":[[[-77.4101055,39.0339844],[-77.4115733,39.0328444],[-77.4120282,39.0329577],[-77.4116934,39.0342711],[-77.412423,39.0349645],[-77.4101055,39.0339844]]],"type":"Polygon"},"properties":{"kind":"water"},"type":"Feature"},{"geometry":{"coordinates":[[[-77.4030409,39.0328626],[-77.4056058,39.0349102],[-77.4048441,39.0352912],[-77.4035996,39.0345978],[-77.4035653,39.0341178],[-77.4017548,39.0336169],[-77.4024716,39.033681],[-77.4030409,39.0328626]]],"type":"Polygon"},"properties":{"kind":"water"},"type":"Feature"},{"geometry":{"coordinates":[[[-77.4052487,39.0502226],[-77.40621,39.0510625],[-77.406416,39.0518356],[-77.4058324,39.0519356],[-77.4051886,39.0507958],[-77.4045106,39.0503226],[-77.4052487,39.0502226]]],"type":"Polygon"},"properties":{"kind":"water"},"type":"Feature"},{"geometry":{"coordinates":[[[-77.3564543,38.742887],[-77.3575922,38.7429687],[-77.3581611,38.7436927],[-77.3572478,38.7439613],[-77.3564543,38.742887]]],"type":"Polygon"},"properties":{"kind":"water"},"type":"Feature"},{"geometry":{"coordinates":[[[-77.3437838,38.7794596],[-77.3420758,38.7804833],[-77.3428052,38.7780335],[-77.3442042,38.7784164],[-77.3437838,38.7794596]]],"type":"Polygon"},"properties":{"kind":"water"},"type":"Feature"},{"geometry":{"coordinates":[[[-77.379425,38.869859],[-77.382491,38.869336],[-77.382942,38.869977],[-77.380364,38.870488],[-77.379346,38.870147],[-77.379425,38.869859]]],"type":"Polygon"},"properties":{"kind":"water"},"type":"Feature"},{"geometry":{"coordinates":[[[-77.3549477,38.8723024],[-77.3553247,38.8721874],[-77.3561245,38.8723093],[-77.3554556,38.8730981],[-77.3549973,38.8731545],[-77.3549477,38.8723024]]],"type":"Polygon"},"properties":{"kind":"water"},"type":"Feature"},{"geometry":{"coordinates":[[[-77.3577429,38.8727826],[-77.3561324,38.873218],[-77.355653,38.8730582],[-77.3564485,38.8721625],[-77.3577429,38.8727826]]],"type":"Polygon"},"properties":{"kind":"water"},"type":"Feature"},{"geometry":{"coordinates":[[[-77.339221,38.8741109],[-77.3404223,38.8725638],[-77.3406736,38.8727794],[-77.3394046,38.8743943],[-77.339221,38.8741109]]],"type":"Polygon"},"properties":{"kind":"water"},"type":"Feature"},{"geometry":{"coordinates":[[[-77.3386288,38.8850848],[-77.3364413,38.8841974],[-77.3356341,38.8828927],[-77.3359853,38.8827153],[-77.3396148,38.8846627],[-77.3392327,38.8850656],[-77.3386288,38.8850848]]],"type":"Polygon"},"properties":{"kind":"water"},"type":"Feature"},{"geometry":{"coordinates":[[[-77.3878184,38.8877298],[-77.3871881,38.8869615],[-77.3866463,38.886855],[-77.3859328,38.8873477],[-77.3856592,38.8869218],[-77.3864862,38.8864697],[-77.3880491,38.8874709],[-77.3878184,38.8877298]]],"type":"Polygon"},"properties":{"kind":"water"},"type":"Feature"},{"geometry":{"coordinates":[[[-77.3440947,38.8971313],[-77.3437165,38.897719],[-77.3427793,38.8972388],[-77.3431372,38.896959],[-77.3440947,38.8971313]]],"type":"Polygon"},"properties":{"kind":"water"},"type":"Feature"},{"geometry":{"coordinates":[[[-77.3415005,38.9042124],[-77.341243,38.9030102],[-77.3423052,38.9031354],[-77.3424018,38.9033358],[-77.3415005,38.9042124]]],"type":"Polygon"},"properties":{"kind":"water"},"type":"Feature"},{"geometry":{"coordinates":[[[-77.3448801,38.9033107],[-77.3435283,38.9044629],[-77.3434639,38.9054523],[-77.3432064,38.9055775],[-77.3427397,38.9044629],[-77.344333,38.9032982],[-77.3448801,38.9033107]]],"type":"Polygon"},"properties":{"kind":"water"},"type":"Feature"},{"geometry":{"coordinates":[[[-77.3694701,38.9201356],[-77.3686462,38.9191246],[-77.3688123,38.918785],[-77.3700498,38.9194565],[-77.3694701,38.9201356]]],"type":"Polygon"},"properties":{"kind":"water"},"type":"Feature"},{"geometry":{"coordinates":[[[-77.3768699,38.9222284],[-77.3767384,38.9217986],[-77.3770093,38.9216921],[-77.3780742,38.9221158],[-77.3775833,38.9224768],[-77.3768699,38.9222284]]],"type":"Polygon"},"properties":{"kind":"water"},"type":"Feature"},{"geometry":{"coordinates":[[[-77.3740493,38.9383334],[-77.3739634,38.9395601],[-77.3735343,38.9396102],[-77.3728798,38.9387924],[-77.3738132,38.9381999],[-77.3740493,38.9383334]]],"type":"Polygon"},"properties":{"kind":"water"},"type":"Feature"},{"geometry":{"coordinates":[[[-77.350166,38.9400033],[-77.3491762,38.9385555],[-77.3502196,38.9382175],[-77.3505334,38.9399303],[-77.350166,38.9400033]]],"type":"Polygon"},"properties":{"kind":"water"},"type":"Feature"},{"geometry":{"coordinates":[[[-77.348035,38.9487968],[-77.3480738,38.949375],[-77.3470545,38.9491163],[-77.3478896,38.9483978],[-77.3494427,38.9479662],[-77.3484795,38.9488324],[-77.348035,38.9487968]]],"type":"Polygon"},"properties":{"kind":"water"},"type":"Feature"},{"geometry":{"coordinates":[[[-77.3412912,38.9514175],[-77.3417258,38.9499156],[-77.3436409,38.950458],[-77.3421549,38.9505414],[-77.3412912,38.9514175]]],"type":"Polygon"},"properties":{"kind":"water"},"type":"Feature"},{"geometry":{"coordinates":[[[-77.3667757,38.9594749],[-77.3672488,38.9587428],[-77.3682136,38.9587355],[-77.3673833,38.9600304],[-77.3670772,38.9600664],[-77.3667757,38.9594749]]],"type":"Polygon"},"properties":{"kind":"water"},"type":"Feature"},{"geometry":{"coordinates":[[[-77.3608881,38.9656292],[-77.3612502,38.9640984],[-77.362653,38.9655311],[-77.3608881,38.9656292]]],"type":"Polygon"},"properties":{"kind":"water"},"type":"Feature"},{"geometry":{"coordinates":[[[-77.3365756,38.9642467],[-77.3401198,38.9657455],[-77.3408674,38.9657713],[-77.3409737,38.9667129],[-77.342939,38.9676387],[-77.3415819,38.9672692],[-77.3408107,38.9674805],[-77.3409586,38.9685476],[-77.340537,38.9686375],[-77.3402499,38.9670622],[-77.3395063,38.9666037],[-77.3370531,38.9657716],[-77.335539,38.9655621],[-77.3350923,38.966128],[-77.334757,38.9655228],[-77.3332256,38.9656413],[-77.3330541,38.9653756],[-77.3335101,38.9644184],[-77.3353212,38.9644423],[-77.3360523,38.9641998],[-77.3362913,38.9636655],[-77.3365756,38.9642467]]],"type":"Polygon"},"properties":{"kind":"water"},"type":"Feature"},{"geometry":{"coordinates":[[[-77.3599265,38.970365],[-77.3598005,38.9697081],[-77.3603368,38.9692609],[-77.3601383,38.9685206],[-77.3615223,38.9672839],[-77.3612407,38.9702681],[-77.3599265,38.970365]]],"type":"Polygon"},"properties":{"kind":"water"},"type":"Feature"},{"geometry":{"coordinates":[[[-77.3419502,38.9760859],[-77.342138,38.9752747],[-77.341682,38.9747597],[-77.3416176,38.9734064],[-77.3430751,38.9722157],[-77.3451152,38.9726557],[-77.3431787,38.9732979],[-77.3447855,38.9751819],[-77.342771,38.9743176],[-77.3425216,38.9745741],[-77.3425725,38.9754374],[-77.3429668,38.9760254],[-77.3419502,38.9760859]]],"type":"Polygon"},"properties":{"kind":"water"},"type":"Feature"},{"geometry":{"coordinates":[[[-77.3552614,38.9862134],[-77.354572,38.9851064],[-77.3540892,38.985221],[-77.3536038,38.9846748],[-77.3536869,38.9842828],[-77.3551621,38.984779],[-77.3558193,38.9844684],[-77.3562243,38.9860362],[-77.3552614,38.9862134]]],"type":"Polygon"},"properties":{"kind":"water"},"type":"Feature"},{"geometry":{"coordinates":[[[-77.364932,39.0184819],[-77.365844,39.0186444],[-77.3661336,39.0184152],[-77.366595,39.0189112],[-77.366257,39.0196322],[-77.3643473,39.0187403],[-77.364932,39.0184819]]],"type":"Polygon"},"properties":{"kind":"water"},"type":"Feature"},{"geometry":{"coordinates":[[[-77.3763513,39.0387059],[-77.3772611,39.0380126],[-77.3777074,39.0380192],[-77.3775014,39.0375659],[-77.3779048,39.0375726],[-77.3783425,39.0380659],[-77.3791579,39.0380792],[-77.3776645,39.0386792],[-77.3776645,39.0392592],[-77.3763513,39.0387059]]],"type":"Polygon"},"properties":{"kind":"water"},"type":"Feature"},{"geometry":{"coordinates":[[[-77.2938555,38.7536943],[-77.2935122,38.7543408],[-77.2937876,38.7546096],[-77.2929059,38.7549109],[-77.2927143,38.7543293],[-77.2930207,38.7536196],[-77.2938555,38.7536943]]],"type":"Polygon"},"properties":{"kind":"water"},"type":"Feature"},{"geometry":{"coordinates":[[[-77.262803,38.7548886],[-77.262803,38.7567627],[-77.2599706,38.7562339],[-77.2599964,38.7567827],[-77.259756,38.7568363],[-77.258975,38.7558591],[-77.2565116,38.7549019],[-77.256031,38.7549153],[-77.255516,38.7558189],[-77.2553272,38.7548015],[-77.2558679,38.7540452],[-77.2566575,38.7540251],[-77.2568635,38.75359],[-77.2576017,38.7533022],[-77.2578849,38.7533692],[-77.2574472,38.7539381],[-77.2576446,38.7542125],[-77.262803,38.7548886]]],"type":"Polygon"},"properties":{"kind":"water"},"type":"Feature"},{"geometry":{"coordinates":[[[-77.2921245,38.7810971],[-77.2924523,38.7821404],[-77.2919974,38.7822542],[-77.2914653,38.7816721],[-77.2921777,38.7807487],[-77.2926669,38.780722],[-77.2921245,38.7810971]]],"type":"Polygon"},"properties":{"kind":"water"},"type":"Feature"},{"geometry":{"coordinates":[[[-77.288856,38.7829166],[-77.2883668,38.7823479],[-77.2888474,38.7821605],[-77.2889676,38.7823947],[-77.2903237,38.7823612],[-77.288856,38.7829166]]],"type":"Polygon"},"properties":{"kind":"water"},"type":"Feature"},{"geometry":{"coordinates":[[[-77.2682262,38.8810355],[-77.2685427,38.8824616],[-77.2682208,38.8826207],[-77.2679366,38.8806638],[-77.2682048,38.8800855],[-77.2688378,38.8798412],[-77.2686719,38.8809515],[-77.2682262,38.8810355]]],"type":"Polygon"},"properties":{"kind":"water"},"type":"Feature"},{"geometry":{"coordinates":[[[-77.3345757,38.892441],[-77.3360497,38.8933101],[-77.3338431,38.8930993],[-77.3325282,38.8920237],[-77.3325796,38.891554],[-77.3338236,38.8914438],[-77.3345757,38.892441]]],"type":"Polygon"},"properties":{"kind":"water"},"type":"Feature"},{"geometry":{"coordinates":[[[-77.2949209,38.8973451],[-77.2961654,38.8969881],[-77.2963317,38.8976039],[-77.2953378,38.8975995],[-77.2949209,38.8973451]]],"type":"Polygon"},"properties":{"kind":"water"},"type":"Feature"},{"geometry":{"coordinates":[[[-77.2695632,38.9262316],[-77.2683272,38.9260313],[-77.2686706,38.9251766],[-77.2697263,38.9252233],[-77.270061,38.925871],[-77.2695632,38.9262316]]],"type":"Polygon"},"properties":{"kind":"water"},"type":"Feature"},{"geometry":{"coordinates":[[[-77.3356602,38.9290955],[-77.3355075,38.9293591],[-77.3343167,38.9293874],[-77.3335059,38.9302123],[-77.3317141,38.9305348],[-77.3316997,38.9312563],[-77.3304197,38.93074],[-77.3296207,38.9315133],[-77.3286573,38.9317139],[-77.3284507,38.9332412],[-77.3296765,38.9349437],[-77.3308111,38.9357574],[-77.3304919,38.9361496],[-77.3301834,38.9359243],[-77.3295022,38.9362227],[-77.3273242,38.9327488],[-77.3259509,38.9329512],[-77.3254628,38.9325005],[-77.3270319,38.9315679],[-77.3275951,38.9306185],[-77.3286224,38.9305789],[-77.3293976,38.9295919],[-77.3310069,38.929256],[-77.3322434,38.9296754],[-77.3327289,38.9289096],[-77.3360038,38.927858],[-77.3388574,38.9287349],[-77.3356602,38.9290955]]],"type":"Polygon"},"properties":{"kind":"water"},"type":"Feature"},{"geometry":{"coordinates":[[[-77.292604,38.9337484],[-77.2929792,38.9332432],[-77.2935177,38.9333543],[-77.2930967,38.9343571],[-77.292721,38.934261],[-77.292604,38.9337484]]],"type":"Polygon"},"properties":{"kind":"water"},"type":"Feature"},{"geometry":{"coordinates":[[[-77.2842734,38.9364967],[-77.2838111,38.9365005],[-77.2831711,38.935751],[-77.2846694,38.9355725],[-77.2848411,38.9358996],[-77.2842734,38.9364967]]],"type":"Polygon"},"properties":{"kind":"water"},"type":"Feature"},{"geometry":{"coordinates":[[[-77.3376756,38.9395983],[-77.3364576,38.9390385],[-77.3360675,38.9393995],[-77.3357868,38.938833],[-77.3348488,38.9385163],[-77.334182,38.93918],[-77.3338411,38.9386741],[-77.3340771,38.9381996],[-77.333516,38.9382198],[-77.332356,38.9395299],[-77.3323074,38.9405429],[-77.332695,38.9416411],[-77.3324097,38.9417345],[-77.3317643,38.9410475],[-77.331103,38.940913],[-77.3315892,38.9400916],[-77.3309435,38.9391505],[-77.3315722,38.9388434],[-77.331819,38.9379889],[-77.331731,38.9373119],[-77.3310894,38.9367938],[-77.3331686,38.9348819],[-77.3335202,38.9356151],[-77.3338876,38.9355713],[-77.3339118,38.935807],[-77.3330378,38.9361062],[-77.333571,38.9369119],[-77.3346063,38.9365698],[-77.334316,38.9369756],[-77.3354834,38.9374921],[-77.3358667,38.9369877],[-77.3363127,38.9372645],[-77.3360555,38.937585],[-77.3374902,38.9384279],[-77.3392776,38.9379154],[-77.3396124,38.9375216],[-77.3398213,38.9379173],[-77.3404967,38.9380644],[-77.3397363,38.9381268],[-77.3385359,38.9388527],[-77.3388898,38.9400449],[-77.3393892,38.9405792],[-77.3382673,38.9405834],[-77.3376756,38.9395983]]],"type":"Polygon"},"properties":{"kind":"water"},"type":"Feature"},{"geometry":{"coordinates":[[[-77.268043,38.9456972],[-77.2684659,38.9449495],[-77.2694342,38.9452165],[-77.2682362,38.9461228],[-77.268043,38.9456972]]],"type":"Polygon"},"properties":{"kind":"water"},"type":"Feature"},{"geometry":{"coordinates":[[[-77.2591746,38.9524951],[-77.2587562,38.9533128],[-77.25815,38.9527329],[-77.2587508,38.9520446],[-77.2591746,38.9524951]]],"type":"Polygon"},"properties":{"kind":"water"},"type":"Feature"},{"geometry":{"coordinates":[[[-77.3193473,38.9644017],[-77.3199309,38.965253],[-77.3209517,38.9652087],[-77.3215794,38.9655226],[-77.3212208,38.9656989],[-77.3229098,38.9652275],[-77.3217317,38.9658834],[-77.3211028,38.9666405],[-77.3186383,38.9669727],[-77.3190972,38.9684006],[-77.318033,38.9673902],[-77.3180038,38.9661173],[-77.3173857,38.9647141],[-77.3179798,38.9637461],[-77.3193473,38.9644017]]],"type":"Polygon"},"properties":{"kind":"water"},"type":"Feature"},{"geometry":{"coordinates":[[[-77.2477122,38.7177209],[-77.2488494,38.7171015],[-77.2494717,38.7174865],[-77.2487863,38.7190343],[-77.2483237,38.7181311],[-77.2477122,38.7177209]]],"type":"Polygon"},"properties":{"kind":"water"},"type":"Feature"},{"geometry":{"coordinates":[[[-77.2339812,38.7203842],[-77.2338818,38.7194129],[-77.2343514,38.7190969],[-77.234826,38.7204113],[-77.2339812,38.7203842]]],"type":"Polygon"},"properties":{"kind":"water"},"type":"Feature"},{"geometry":{"coordinates":[[[-77.1907992,38.7204405],[-77.1884662,38.7212296],[-77.1878249,38.7219213],[-77.186763,38.7224383],[-77.1854462,38.722195],[-77.1845172,38.7215748],[-77.1866384,38.7222927],[-77.1876361,38.7218356],[-77.1883111,38.7210837],[-77.1901642,38.7204378],[-77.1907992,38.7204405]]],"type":"Polygon"},"properties":{"kind":"water"},"type":"Feature"},{"geometry":{"coordinates":[[[-77.2063567,38.7232655],[-77.2059272,38.7242733],[-77.2043297,38.7251456],[-77.2063567,38.7232655]]],"type":"Polygon"},"properties":{"kind":"water"},"type":"Feature"},{"geometry":{"coordinates":[[[-77.1629184,38.7252429],[-77.1613412,38.7252626],[-77.161689,38.7248773],[-77.161668,38.7241674],[-77.1625885,38.7242584],[-77.1629184,38.7252429]]],"type":"Polygon"},"properties":{"kind":"water"},"type":"Feature"},{"geometry":{"coordinates":[[[-77.2015448,38.7255888],[-77.2007317,38.7250885],[-77.201044,38.7255758],[-77.200582,38.7255917],[-77.2004457,38.7259633],[-77.1991217,38.7257673],[-77.1997532,38.7253736],[-77.2011846,38.724898],[-77.2015674,38.7251928],[-77.2015448,38.7255888]]],"type":"Polygon"},"properties":{"kind":"water"},"type":"Feature"},{"geometry":{"coordinates":[[[-77.1549567,38.7464353],[-77.1547025,38.7457094],[-77.1553871,38.745193],[-77.1557356,38.7458134],[-77.1549567,38.7464353]]],"type":"Polygon"},"properties":{"kind":"water"},"type":"Feature"},{"geometry":{"coordinates":[[[-77.2067916,38.7458723],[-77.2059953,38.7464304],[-77.2048151,38.7454061],[-77.2067916,38.7458723]]],"type":"Polygon"},"properties":{"kind":"water"},"type":"Feature"},{"geometry":{"coordinates":[[[-77.2110445,38.7471759],[-77.210423,38.7476762],[-77.2098592,38.747215],[-77.2104757,38.7466951],[-77.2110445,38.7471759]]],"type":"Polygon"},"properties":{"kind":"water"},"type":"Feature"},{"geometry":{"coordinates":[[[-77.1496368,38.7502307],[-77.1490852,38.7504751],[-77.1487801,38.7502747],[-77.1499565,38.7494696],[-77.1511413,38.7498558],[-77.1504831,38.7503936],[-77.1496368,38.7502307]]],"type":"Polygon"},"properties":{"kind":"water"},"type":"Feature"},{"geometry":{"coordinates":[[[-77.168749,38.7503384],[-77.1705076,38.7502977],[-77.1705394,38.7504483],[-77.169642,38.7512368],[-77.168749,38.7503384]]],"type":"Polygon"},"properties":{"kind":"water"},"type":"Feature"},{"geometry":{"coordinates":[[[-77.1973895,38.7521159],[-77.1983087,38.7527822],[-77.1980426,38.7532051],[-77.1969705,38.752345],[-77.1973895,38.7521159]]],"type":"Polygon"},"properties":{"kind":"water"},"type":"Feature"},{"geometry":{"coordinates":[[[-77.1853396,38.7582844],[-77.1856762,38.7587139],[-77.1855978,38.7593223],[-77.1846473,38.7595087],[-77.1853396,38.7582844]]],"type":"Polygon"},"properties":{"kind":"water"},"type":"Feature"},{"geometry":{"coordinates":[[[-77.2275636,38.7731541],[-77.229057,38.7733549],[-77.2298329,38.7738298],[-77.2270979,38.7737686],[-77.2269072,38.7733963],[-77.2265061,38.7733839],[-77.2275636,38.7731541]]],"type":"Polygon"},"properties":{"kind":"water"},"type":"Feature"},{"geometry":{"coordinates":[[[-77.2206285,38.7746062],[-77.2202744,38.7750804],[-77.2198067,38.7743618],[-77.2203528,38.7739352],[-77.2215297,38.7740575],[-77.2224137,38.773395],[-77.2236219,38.7733958],[-77.2223747,38.7739918],[-77.2224009,38.7746714],[-77.2206285,38.7746062]]],"type":"Polygon"},"properties":{"kind":"water"},"type":"Feature"},{"geometry":{"coordinates":[[[-77.2149666,38.8719573],[-77.213515,38.8732877],[-77.2138616,38.8727842],[-77.2135794,38.8722937],[-77.2139259,38.8711136],[-77.2134592,38.8708505],[-77.2130515,38.8699235],[-77.2170641,38.8701031],[-77.2168549,38.8705416],[-77.2159108,38.8707335],[-77.2162487,38.8720408],[-77.2166993,38.8723039],[-77.2160234,38.8726714],[-77.2159108,38.8721076],[-77.2149666,38.8719573]]],"type":"Polygon"},"properties":{"kind":"water"},"type":"Feature"},{"geometry":{"coordinates":[[[-77.2173055,38.8727383],[-77.2179332,38.8732269],[-77.2180834,38.8738909],[-77.2186252,38.8739244],[-77.2187164,38.8746636],[-77.2181209,38.8746552],[-77.2169729,38.8728719],[-77.2173055,38.8727383]]],"type":"Polygon"},"properties":{"kind":"water"},"type":"Feature"},{"geometry":{"coordinates":[[[-77.2318697,38.9046391],[-77.2304465,38.9039437],[-77.2295426,38.9043883],[-77.2304347,38.9038125],[-77.2303543,38.9035433],[-77.2305232,38.9038],[-77.2322291,38.9039941],[-77.2318697,38.9046391]]],"type":"Polygon"},"properties":{"kind":"water"},"type":"Feature"},{"geometry":{"coordinates":[[[-77.2174307,38.9320067],[-77.2171002,38.9323799],[-77.2165756,38.9323756],[-77.2154774,38.9314435],[-77.2159853,38.9311807],[-77.2169246,38.9320115],[-77.2174307,38.9320067]]],"type":"Polygon"},"properties":{"kind":"water"},"type":"Feature"},{"geometry":{"coordinates":[[[-77.2478664,38.9486132],[-77.2481239,38.9477121],[-77.249347,38.9471614],[-77.248773,38.9487676],[-77.2478664,38.9486132]]],"type":"Polygon"},"properties":{"kind":"water"},"type":"Feature"},{"geometry":{"coordinates":[[[-122.3337046,47.535017],[-122.3341672,47.5354235],[-122.3342424,47.5365154],[-122.3331936,47.5348702],[-122.3332137,47.5343452],[-122.3339245,47.5345425],[-122.3339854,47.5350337],[-122.3337046,47.535017]]],"type":"Polygon"},"properties":{"kind":"water"},"type":"Feature"},{"geometry":{"coordinates":[[[-122.3581241,47.6518792],[-122.3495024,47.6478957],[-122.3494969,47.6470644],[-122.361239,47.6525277],[-122.3630461,47.6525027],[-122.3629122,47.6530324],[-122.3632552,47.6531093],[-122.3638173,47.6527221],[-122.3654931,47.6530478],[-122.3658606,47.6533372],[-122.3657162,47.6538408],[-122.3660854,47.6539942],[-122.3666801,47.6536707],[-122.3662613,47.6541845],[-122.3669842,47.6544714],[-122.3672061,47.6542224],[-122.369331,47.6554143],[-122.3687678,47.6557875],[-122.3695905,47.6556055],[-122.3697395,47.6558768],[-122.3689973,47.6564779],[-122.371185,47.6577004],[-122.3736389,47.6577907],[-122.3737693,47.6571059],[-122.3754209,47.6571279],[-122.3754222,47.6577242],[-122.3763397,47.6579048],[-122.3763372,47.6558689],[-122.3823872,47.6558685],[-122.3823872,47.6594466],[-122.3835198,47.6598338],[-122.3840257,47.6604919],[-122.3838549,47.6606336],[-122.3849005,47.6613356],[-122.3899108,47.6632585],[-122.3950591,47.6632628],[-122.3975045,47.6647544],[-122.3971981,47.665327],[-122.3960992,47.6650886],[-122.397806,47.6655661],[-122.3946387,47.6649621],[-122.3984606,47.6659146],[-122.3983174,47.6661327],[-122.3942032,47.6651378],[-122.3958726,47.6655873],[-122.3954873,47.6662599],[-122.393779,47.6665451],[-122.3936543,47.6675709],[-122.3914365,47.6670976],[-122.3911047,47.6676678],[-122.3902979,47.6676601],[-122.3882151,47.6671529],[-122.3877319,47.6668006],[-122.3879963,47.6665133],[-122.3856765,47.664822],[-122.3852087,47.6648309],[-122.3847595,47.6642532],[-122.383974,47.6646691],[-122.382947,47.6637393],[-122.3824305,47.6640151],[-122.3820711,47.6635831],[-122.3823752,47.6630881],[-122.3802199,47.6614936],[-122.3803176,47.6613016],[-122.3778912,47.6606809],[-122.3775184,47.661183],[-122.3772437,47.6608853],[-122.3756387,47.6610779],[-122.3752919,47.6608584],[-122.3754139,47.6606082],[-122.372259,47.660621],[-122.3681277,47.6574734],[-122.3670747,47.657281],[-122.3674478,47.6571875],[-122.3669018,47.6568485],[-122.3670131,47.65664],[-122.3581241,47.6518792]]],"type":"Polygon"},"properties":{"kind":"water"},"type":"Feature"},{"geometry":{"coordinates":[[[-122.3344408,47.7207849],[-122.3345199,47.7205947],[-122.3325469,47.7207475],[-122.3317736,47.7199088],[-122.3315763,47.7192107],[-122.333361,47.7185447],[-122.3352023,47.7192776],[-122.3362867,47.7201231],[-122.3359631,47.7205676],[-122.3353048,47.7203693],[-122.3344408,47.7207849]]],"type":"Polygon"},"properties":{"kind":"water"},"type":"Feature"},{"geometry":{"coordinates":[[[-122.3310097,47.7405023],[-122.3304869,47.7399715],[-122.3305143,47.7396039],[-122.3315732,47.7397048],[-122.3316199,47.7404624],[-122.3310097,47.7405023]]],"type":"Polygon"},"properties":{"kind":"water"},"type":"Feature"},{"geometry":{"coordinates":[[[-122.3336198,47.7552939],[-122.3318874,47.7548618],[-122.3319709,47.7541379],[-122.3343308,47.7542324],[-122.3345041,47.7557488],[-122.3337945,47.7558211],[-122.3336198,47.7552939]]],"type":"Polygon"},"properties":{"kind":"water"},"type":"Feature"},{"geometry":{"coordinates":[[[-122.3175421,47.6295265],[-122.3170278,47.6299206],[-122.3159429,47.6299893],[-122.3155246,47.6296899],[-122.3166422,47.6288295],[-122.3171988,47.6289847],[-122.3175421,47.6295265]]],"type":"Polygon"},"properties":{"kind":"water"},"type":"Feature"},{"geometry":{"coordinates":[[[-122.3121092,47.6809115],[-122.3144873,47.680881],[-122.314581,47.6824194],[-122.3122397,47.682517],[-122.3121092,47.6809115]]],"type":"Polygon"},"properties":{"kind":"water"},"type":"Feature"},{"geometry":{"coordinates":[[[-122.3307681,47.7012759],[-122.3306092,47.6994555],[-122.330972,47.6994396],[-122.3310732,47.7012782],[-122.3307681,47.7012759]]],"type":"Polygon"},"properties":{"kind":"water"},"type":"Feature"},{"geometry":{"coordinates":[[[-122.3081165,47.808297],[-122.3079122,47.8073628],[-122.3084878,47.8071034],[-122.3101959,47.8073034],[-122.3106839,47.807794],[-122.3098609,47.8085189],[-122.3081165,47.808297]]],"type":"Polygon"},"properties":{"kind":"water"},"type":"Feature"},{"geometry":{"coordinates":[[[-122.3028855,47.8172901],[-122.3013863,47.8170433],[-122.3024268,47.8165097],[-122.3020176,47.8160965],[-122.3028964,47.8160149],[-122.3030241,47.8163856],[-122.302556,47.8165308],[-122.3029304,47.8166257],[-122.3028855,47.8172901]]],"type":"Polygon"},"properties":{"kind":"water"},"type":"Feature"},{"geometry":{"coordinates":[[[-122.3077695,47.8208326],[-122.3063952,47.8204975],[-122.3073367,47.8200618],[-122.3081536,47.820418],[-122.3077695,47.8208326]]],"type":"Polygon"},"properties":{"kind":"water"},"type":"Feature"},{"geometry":{"coordinates":[[[-122.2783565,47.7704925],[-122.2805758,47.7704652],[-122.28062,47.7720731],[-122.2783638,47.7721226],[-122.2783565,47.7704925]]],"type":"Polygon"},"properties":{"kind":"water"},"type":"Feature"},{"geometry":{"coordinates":[[[-122.2831454,47.7822519],[-122.2817279,47.7813882],[-122.2814069,47.7805949],[-122.2838208,47.7811564],[-122.2854388,47.7822567],[-122.2847328,47.7825066],[-122.2831454,47.7822519]]],"type":"Polygon"},"properties":{"kind":"water"},"type":"Feature"},{"geometry":{"coordinates":[[[-122.2683154,47.8068417],[-122.2681679,47.8075623],[-122.2678943,47.8071624],[-122.2674115,47.8075209],[-122.2667651,47.8072651],[-122.2671379,47.8072056],[-122.2671755,47.8068904],[-122.2673042,47.8072255],[-122.2673713,47.8068075],[-122.2683154,47.8068417]]],"type":"Polygon"},"properties":{"kind":"water"},"type":"Feature"},{"geometry":{"coordinates":[[[-122.965373,45.5466635],[-122.9652979,45.5457769],[-122.966175,45.5458651],[-122.9660516,45.546609],[-122.965373,45.5466635]]],"type":"Polygon"},"properties":{"kind":"water"},"type":"Feature"},{"geometry":{"coordinates":[[[-122.9394108,45.5529737],[-122.9416674,45.5530121],[-122.9416461,45.5532557],[-122.9394009,45.5532436],[-122.9394108,45.5529737]]],"type":"Polygon"},"properties":{"kind":"water"},"type":"Feature"},{"geometry":{"coordinates":[[[-122.9651643,45.561583],[-122.9651681,45.5624646],[-122.9644529,45.5624648],[-122.9644539,45.5615969],[-122.9651643,45.561583]]],"type":"Polygon"},"properties":{"kind":"water"},"type":"Feature"},{"geometry":{"coordinates":[[[-122.9708311,45.5622956],[-122.9694735,45.5620541],[-122.9723848,45.562362],[-122.9723657,45.5632238],[-122.9708675,45.5629637],[-122.9708311,45.5622956]]],"type":"Polygon"},"properties":{"kind":"water"},"type":"Feature"},{"geometry":{"coordinates":[[[-122.9629813,45.5630101],[-122.9628534,45.5632874],[-122.9605479,45.5632566],[-122.9609629,45.5629945],[-122.9629813,45.5630101]]],"type":"Polygon"},"properties":{"kind":"water"},"type":"Feature"},{"geometry":{"coordinates":[[[-122.9688335,45.5637753],[-122.965446,45.5634939],[-122.9636708,45.5643278],[-122.9630563,45.5651962],[-122.9623431,45.5651139],[-122.9613532,45.5656105],[-122.9617969,45.5650422],[-122.9604465,45.56428],[-122.9615352,45.5645243],[-122.9593996,45.5635709],[-122.9623204,45.5643544],[-122.9636973,45.5634541],[-122.9656926,45.5628805],[-122.9689608,45.5631394],[-122.9688335,45.5637753]]],"type":"Polygon"},"properties":{"kind":"water"},"type":"Feature"},{"geometry":{"coordinates":[[[-122.8769726,45.5116886],[-122.8757702,45.5119777],[-122.8733572,45.5118368],[-122.8729873,45.5111306],[-122.8731264,45.5106426],[-122.8722503,45.5104735],[-122.8718767,45.510229],[-122.8719494,45.5101327],[-122.8717904,45.5101354],[-122.8716132,45.5099418],[-122.8731646,45.5106026],[-122.8733581,45.5117486],[-122.8758165,45.5119049],[-122.8769481,45.5116287],[-122.8772353,45.5117586],[-122.8773289,45.5119386],[-122.8769726,45.5116886]]],"type":"Polygon"},"properties":{"kind":"water"},"type":"Feature"},{"geometry":{"coordinates":[[[-122.9048331,45.5241394],[-122.9036244,45.5245049],[-122.9035271,45.5257972],[-122.903191,45.525938],[-122.9019973,45.5255428],[-122.9018289,45.5256037],[-122.9016957,45.5261981],[-122.9014476,45.5264123],[-122.9004512,45.5262044],[-122.9004505,45.5263231],[-122.9007653,45.5265461],[-122.9008646,45.5267095],[-122.8999624,45.5274531],[-122.9005062,45.5280306],[-122.8999804,45.5279044],[-122.8997779,45.5274184],[-122.9008281,45.5267352],[-122.9003643,45.5262767],[-122.9004167,45.526203],[-122.9005819,45.5261426],[-122.9015246,45.5263247],[-122.9017512,45.5256175],[-122.9019706,45.5254895],[-122.903242,45.5258511],[-122.9035992,45.5244838],[-122.9048331,45.5241394]]],"type":"Polygon"},"properties":{"kind":"water"},"type":"Feature"},{"geometry":{"coordinates":[[[-122.8859219,45.5468588],[-122.8862385,45.5471595],[-122.8855017,45.5479928],[-122.8847103,45.5478297],[-122.8859219,45.5468588]]],"type":"Polygon"},"properties":{"kind":"water"},"type":"Feature"},{"geometry":{"coordinates":[[[-122.8811822,45.5507266],[-122.8826427,45.5498156],[-122.8814219,45.5506137],[-122.8806398,45.5517182],[-122.8800733,45.5521192],[-122.8761893,45.5532751],[-122.8754233,45.5533333],[-122.8798735,45.5521142],[-122.8807578,45.5514927],[-122.8811822,45.5507266]]],"type":"Polygon"},"properties":{"kind":"water"},"type":"Feature"},{"geometry":{"coordinates":[[[-122.8869783,45.5560101],[-122.8866949,45.5562893],[-122.8870767,45.5566697],[-122.8862921,45.5571694],[-122.8861268,45.5560891],[-122.8865873,45.5557547],[-122.8869783,45.5560101]]],"type":"Polygon"},"properties":{"kind":"water"},"type":"Feature"},{"geometry":{"coordinates":[[[-122.869241,45.5570136],[-122.8719232,45.5568455],[-122.8743453,45.5563158],[-122.8741669,45.5572784],[-122.8731584,45.5574709],[-122.8678141,45.5571516],[-122.8682209,45.556753],[-122.869241,45.5570136]]],"type":"Polygon"},"properties":{"kind":"water"},"type":"Feature"},{"geometry":{"coordinates":[[[-122.8756169,45.5599817],[-122.8748621,45.5605062],[-122.8752585,45.5614224],[-122.8756985,45.5614543],[-122.8750537,45.560639],[-122.8756416,45.5600759],[-122.8757364,45.5603256],[-122.8752168,45.5606337],[-122.8756795,45.5612233],[-122.8765937,45.5611648],[-122.8763433,45.56185],[-122.8767985,45.5620837],[-122.876294,45.5618952],[-122.8764078,45.5612206],[-122.8757516,45.5616668],[-122.8765975,45.5623679],[-122.8756985,45.5625936],[-122.8746174,45.5610267],[-122.8745985,45.5600972],[-122.8750423,45.5597121],[-122.8755847,45.5595421],[-122.875084,45.5592659],[-122.8759642,45.5594125],[-122.8750005,45.5598502],[-122.8749361,45.5601052],[-122.8756169,45.5599817]]],"type":"Polygon"},"properties":{"kind":"water"},"type":"Feature"},{"geometry":{"coordinates":[[[-122.8794864,45.5678645],[-122.8784725,45.5681913],[-122.8792825,45.5684898],[-122.8801516,45.5681331],[-122.879878,45.5683809],[-122.8802404,45.5687106],[-122.8801999,45.5691414],[-122.8806558,45.5692428],[-122.8813371,45.5688522],[-122.8811038,45.5696615],[-122.8803232,45.5697253],[-122.8798243,45.5692953],[-122.8784215,45.569132],[-122.8784645,45.568809],[-122.8780326,45.569331],[-122.8780487,45.5688053],[-122.8772172,45.5681575],[-122.8762129,45.5678872],[-122.8745458,45.5667323],[-122.8753477,45.5668318],[-122.8757313,45.5665314],[-122.8765859,45.567271],[-122.8794864,45.5678645]]],"type":"Polygon"},"properties":{"kind":"water"},"type":"Feature"},{"geometry":{"coordinates":[[[-122.8418662,45.5216063],[-122.8438971,45.5209494],[-122.8451047,45.5209772],[-122.8431603,45.5214764],[-122.8431357,45.5217039],[-122.8426087,45.5214451],[-122.8424011,45.5215413],[-122.8418662,45.5216063]]],"type":"Polygon"},"properties":{"kind":"water"},"type":"Feature"},{"geometry":{"coordinates":[[[-122.8626078,45.5327001],[-122.8638332,45.5321457],[-122.8646243,45.532123],[-122.8618187,45.5336506],[-122.8626078,45.5327001]]],"type":"Polygon"},"properties":{"kind":"water"},"type":"Feature"},{"geometry":{"coordinates":[[[-122.8589387,45.5350275],[-122.8609074,45.5337279],[-122.8614693,45.5336756],[-122.8609817,45.5344646],[-122.8589387,45.5350275]]],"type":"Polygon"},"properties":{"kind":"water"},"type":"Feature"},{"geometry":{"coordinates":[[[-122.8438385,45.5492645],[-122.843115,45.5492832],[-122.8416033,45.5484174],[-122.8423918,45.5484858],[-122.8438385,45.5492645]]],"type":"Polygon"},"properties":{"kind":"water"},"type":"Feature"},{"geometry":{"coordinates":[[[-122.8307536,45.5083568],[-122.8299306,45.5083221],[-122.8282439,45.5089686],[-122.8277509,45.5087398],[-122.8281703,45.5079542],[-122.8285615,45.5078892],[-122.8284197,45.5074896],[-122.8291534,45.5077343],[-122.8292341,45.5071817],[-122.8298913,45.5073241],[-122.8299244,45.5078565],[-122.830516,45.5074613],[-122.8309563,45.5076273],[-122.8307536,45.5083568]]],"type":"Polygon"},"properties":{"kind":"water"},"type":"Feature"},{"geometry":{"coordinates":[[[-122.7842945,45.3167186],[-122.7841339,45.3164884],[-122.7899247,45.3165336],[-122.7877119,45.3166544],[-122.7842945,45.3167186]]],"type":"Polygon"},"properties":{"kind":"water"},"type":"Feature"},{"geometry":{"coordinates":[[[-122.781921,45.3246112],[-122.7817279,45.3242265],[-122.7831549,45.3235401],[-122.7833534,45.3227951],[-122.7844852,45.325094],[-122.7838039,45.3255768],[-122.781921,45.3246112]]],"type":"Polygon"},"properties":{"kind":"water"},"type":"Feature"},{"geometry":{"coordinates":[[[-122.800582,45.3254023],[-122.802074,45.3268915],[-122.8019543,45.3274832],[-122.8015363,45.3273355],[-122.800582,45.3254023]]],"type":"Polygon"},"properties":{"kind":"water"},"type":"Feature"},{"geometry":{"coordinates":[[[-122.7938872,45.3315336],[-122.7923122,45.331064],[-122.7930009,45.329151],[-122.7939092,45.3293975],[-122.7950589,45.3307143],[-122.7965721,45.3313901],[-122.799645,45.3344367],[-122.7998971,45.3349619],[-122.799262,45.3352771],[-122.7997477,45.336623],[-122.799178,45.3365902],[-122.798356,45.3350144],[-122.7938872,45.3315336]]],"type":"Polygon"},"properties":{"kind":"water"},"type":"Feature"},{"geometry":{"coordinates":[[[-122.8012123,45.3449],[-122.8011058,45.3423717],[-122.8015407,45.3422396],[-122.8014945,45.3414888],[-122.8004064,45.3392619],[-122.8024247,45.3390221],[-122.8027494,45.3415835],[-122.8022012,45.3428179],[-122.8030949,45.3443556],[-122.8028685,45.3452182],[-122.8014863,45.3453271],[-122.8012123,45.3449]]],"type":"Polygon"},"properties":{"kind":"water"},"type":"Feature"},{"geometry":{"coordinates":[[[-122.7893464,45.3675844],[-122.7895253,45.3686199],[-122.7888402,45.3686861],[-122.7881008,45.3678386],[-122.787868,45.3670145],[-122.7888562,45.3677275],[-122.7893464,45.3675844]]],"type":"Polygon"},"properties":{"kind":"water"},"type":"Feature"},{"geometry":{"coordinates":[[[-122.7777825,45.3816389],[-122.7779842,45.3818868],[-122.7775562,45.3821335],[-122.7776495,45.3824487],[-122.7759753,45.382594],[-122.7758043,45.3823281],[-122.7759053,45.3819097],[-122.7772215,45.3819843],[-122.7777825,45.3816389]]],"type":"Polygon"},"properties":{"kind":"water"},"type":"Feature"},{"geometry":{"coordinates":[[[-122.8057494,45.5120649],[-122.8086199,45.5117898],[-122.810321,45.5108999],[-122.8109277,45.5109477],[-122.8111414,45.5113323],[-122.8107948,45.5116979],[-122.8067608,45.5122438],[-122.8053295,45.5128639],[-122.8055331,45.5126668],[-122.8052963,45.5124354],[-122.8057494,45.5120649]]],"type":"Polygon"},"properties":{"kind":"water"},"type":"Feature"},{"geometry":{"coordinates":[[[-122.8141479,45.5544891],[-122.8156557,45.5537639],[-122.8157865,45.5543908],[-122.8147055,45.5546909],[-122.8141479,45.5544891]]],"type":"Polygon"},"properties":{"kind":"water"},"type":"Feature"},{"geometry":{"coordinates":[[[-122.7726182,45.3827245],[-122.7736361,45.38272],[-122.7748927,45.3832101],[-122.771992,45.3828219],[-122.7723732,45.382409],[-122.7726182,45.3827245]]],"type":"Polygon"},"properties":{"kind":"water"},"type":"Feature"},{"geometry":{"coordinates":[[[-122.7610387,45.3831638],[-122.7603132,45.3824915],[-122.7612091,45.3821226],[-122.7617708,45.3824905],[-122.761466,45.3831455],[-122.7617067,45.383513],[-122.7609234,45.3836972],[-122.7610387,45.3831638]]],"type":"Polygon"},"properties":{"kind":"water"},"type":"Feature"},{"geometry":{"coordinates":[[[-122.7598322,45.4016885],[-122.7598329,45.4006938],[-122.7606431,45.400691],[-122.7606216,45.401738],[-122.7598322,45.4016885]]],"type":"Polygon"},"properties":{"kind":"water"},"type":"Feature"},{"geometry":{"coordinates":[[[-122.7596302,45.4006399],[-122.759695,45.4017397],[-122.7585262,45.4015759],[-122.7584774,45.4009661],[-122.7596302,45.4006399]]],"type":"Polygon"},"properties":{"kind":"water"},"type":"Feature"},{"geometry":{"coordinates":[[[-122.7554095,45.4093735],[-122.7544163,45.4092892],[-122.7540635,45.4085926],[-122.7534156,45.4083715],[-122.7532433,45.4077291],[-122.7537888,45.4071228],[-122.753498,45.4069932],[-122.7534797,45.4067037],[-122.7543462,45.4056774],[-122.7529481,45.4052811],[-122.7527914,45.4050506],[-122.7527911,45.4047902],[-122.7531136,45.4046335],[-122.7535854,45.404859],[-122.7538718,45.404096],[-122.7543719,45.4037967],[-122.7543553,45.4035032],[-122.7551807,45.4031109],[-122.7552876,45.4024092],[-122.7555625,45.4020638],[-122.7560297,45.4019623],[-122.7576931,45.4024832],[-122.758102,45.4023173],[-122.7580779,45.4017868],[-122.7572177,45.401058],[-122.7572929,45.4006499],[-122.7576352,45.4001565],[-122.7588112,45.4001716],[-122.7596122,45.3994822],[-122.7589461,45.3989835],[-122.7583351,45.39903],[-122.7581894,45.398513],[-122.7586047,45.3981815],[-122.7592623,45.3980503],[-122.7597003,45.3981157],[-122.7599988,45.3983765],[-122.7602722,45.3981824],[-122.7605427,45.3981283],[-122.7606563,45.3976192],[-122.7610275,45.3974349],[-122.7614131,45.3975357],[-122.7615094,45.3978126],[-122.7617431,45.3973224],[-122.7612554,45.3971341],[-122.7617582,45.3967635],[-122.7624373,45.3967209],[-122.7629903,45.3969653],[-122.7629802,45.3964651],[-122.7622291,45.3960368],[-122.7620657,45.3958446],[-122.7622342,45.3954642],[-122.7626399,45.3951969],[-122.7635787,45.3950806],[-122.7634522,45.3948187],[-122.7629705,45.3948733],[-122.762922,45.3946638],[-122.7630356,45.3945368],[-122.7636531,45.3944549],[-122.7627442,45.3942289],[-122.7640231,45.3932671],[-122.7638141,45.3937793],[-122.7628844,45.3941613],[-122.7637404,45.3944146],[-122.7636994,45.3945793],[-122.7629923,45.3946708],[-122.7635476,45.3947529],[-122.7636561,45.3951285],[-122.7626493,45.3952765],[-122.7621808,45.3958015],[-122.7631747,45.3965047],[-122.7631635,45.3970479],[-122.7618744,45.3968256],[-122.761441,45.3970548],[-122.7619528,45.3974497],[-122.7615526,45.3978706],[-122.7610657,45.3975369],[-122.7607195,45.3976643],[-122.7606407,45.3981492],[-122.760111,45.3984067],[-122.7597409,45.3983906],[-122.7593714,45.3981049],[-122.7583467,45.398473],[-122.758376,45.3989491],[-122.759028,45.3989],[-122.7597083,45.3994855],[-122.7593495,45.400014],[-122.7584836,45.4003515],[-122.7577948,45.400266],[-122.7573484,45.4007271],[-122.7581407,45.401622],[-122.7582971,45.4022807],[-122.7576959,45.4025473],[-122.7556072,45.4021248],[-122.7552905,45.4031249],[-122.7544631,45.4035057],[-122.754437,45.4039006],[-122.7539203,45.4041685],[-122.7536443,45.404954],[-122.7529164,45.4048021],[-122.7530046,45.4052142],[-122.7544443,45.4056143],[-122.7543119,45.406166],[-122.7535571,45.4067383],[-122.7538813,45.4071167],[-122.7533619,45.4076707],[-122.75346,45.4082782],[-122.7543007,45.4086837],[-122.7545337,45.4092753],[-122.7555175,45.4093621],[-122.7556677,45.4096278],[-122.755479,45.4100508],[-122.7550345,45.4098549],[-122.7548685,45.4101727],[-122.7544532,45.4104557],[-122.7544448,45.410984],[-122.7541649,45.4113432],[-122.7535575,45.4113522],[-122.7535844,45.4114845],[-122.7540915,45.4115564],[-122.7544182,45.4118384],[-122.754881,45.4130988],[-122.7548101,45.4132528],[-122.7544791,45.413393],[-122.7539917,45.4133262],[-122.7535271,45.413908],[-122.754384,45.414209],[-122.7543041,45.4153416],[-122.7546124,45.4158533],[-122.755703,45.4165555],[-122.756528,45.4166399],[-122.7569149,45.4168679],[-122.7569238,45.4170631],[-122.75613,45.4176906],[-122.7574167,45.4178474],[-122.7577139,45.4183914],[-122.7571712,45.4186322],[-122.7572592,45.4190573],[-122.7592212,45.4188855],[-122.7618941,45.4190729],[-122.7630649,45.4195332],[-122.7630757,45.4196704],[-122.7627163,45.4198838],[-122.7631872,45.4200568],[-122.7632107,45.420177],[-122.7622023,45.4208133],[-122.7623311,45.4210905],[-122.7627793,45.4207716],[-122.7630721,45.4208355],[-122.7628151,45.4215118],[-122.7632097,45.421619],[-122.7637447,45.4224089],[-122.7635905,45.4227703],[-122.7629413,45.422577],[-122.7633639,45.4229244],[-122.7634135,45.4232033],[-122.763965,45.4231306],[-122.7645276,45.4235607],[-122.7655779,45.4235141],[-122.7661457,45.4239625],[-122.7668494,45.4240396],[-122.7675005,45.4236412],[-122.7681406,45.4241777],[-122.769106,45.4240064],[-122.7693091,45.4242029],[-122.7688991,45.4244138],[-122.7698078,45.4245916],[-122.7703008,45.4249403],[-122.7704995,45.4245686],[-122.7708518,45.4244832],[-122.7715931,45.424491],[-122.7719378,45.4247817],[-122.7714551,45.4249741],[-122.7714991,45.4254005],[-122.7719432,45.4260152],[-122.7717572,45.426126],[-122.7714744,45.426054],[-122.7716253,45.426215],[-122.7715235,45.4263181],[-122.7714113,45.4260651],[-122.7713959,45.4260021],[-122.771794,45.4260054],[-122.7712943,45.4250078],[-122.7717783,45.4248231],[-122.7714795,45.4245158],[-122.7704803,45.4246705],[-122.7702577,45.4250111],[-122.7687022,45.4243854],[-122.769131,45.4241148],[-122.7681181,45.4242584],[-122.7674329,45.4237428],[-122.7668477,45.4241289],[-122.7661822,45.4240425],[-122.7655834,45.4235801],[-122.7646824,45.4236701],[-122.7639028,45.4231819],[-122.7633614,45.4232672],[-122.7628318,45.4226481],[-122.7629573,45.4225121],[-122.763568,45.4227097],[-122.7636387,45.4223026],[-122.7627041,45.4215429],[-122.762944,45.4208536],[-122.7622921,45.4211375],[-122.7621259,45.4208631],[-122.7627588,45.4201631],[-122.7631378,45.4201828],[-122.7626129,45.4198407],[-122.7630036,45.4195267],[-122.7617119,45.4191453],[-122.7589023,45.4189502],[-122.7574361,45.4191977],[-122.7570587,45.4190182],[-122.7570952,45.4185709],[-122.7576032,45.4183287],[-122.7571957,45.4179212],[-122.7560428,45.4176847],[-122.7568249,45.4169],[-122.755623,45.4166272],[-122.7544936,45.4158845],[-122.7541899,45.415275],[-122.75429,45.4142505],[-122.7534651,45.4139379],[-122.7539653,45.4132767],[-122.7548172,45.4131551],[-122.7543292,45.4124816],[-122.7543749,45.4118963],[-122.753531,45.4115577],[-122.7534716,45.4114071],[-122.7536482,45.4112663],[-122.7540689,45.4112883],[-122.7542887,45.411086],[-122.7543224,45.4105039],[-122.7550326,45.4097022],[-122.7555866,45.4097628],[-122.7554095,45.4093735]]],"type":"Polygon"},"properties":{"kind":"water"},"type":"Feature"},{"geometry":{"coordinates":[[[-122.7536116,45.3649509],[-122.7556984,45.3645552],[-122.754714,45.3653259],[-122.7536143,45.36539],[-122.7536116,45.3649509]]],"type":"Polygon"},"properties":{"kind":"water"},"type":"Feature"},{"geometry":{"coordinates":[[[-122.7486555,45.3816162],[-122.7487984,45.3804793],[-122.7492959,45.3805772],[-122.749316,45.3810228],[-122.7506706,45.3807082],[-122.7510286,45.3809465],[-122.7500134,45.3809983],[-122.7500268,45.3812639],[-122.7506679,45.3812847],[-122.7502763,45.3814919],[-122.7508288,45.3816068],[-122.7505016,45.3818272],[-122.7486555,45.3816162]]],"type":"Polygon"},"properties":{"kind":"water"},"type":"Feature"},{"geometry":{"coordinates":[[[-122.7572843,45.5080468],[-122.757156,45.5066037],[-122.7579412,45.5064479],[-122.7579851,45.5069133],[-122.7572843,45.5080468]]],"type":"Polygon"},"properties":{"kind":"water"},"type":"Feature"},{"geometry":{"coordinates":[[[-122.7378726,45.2953673],[-122.7360114,45.2953803],[-122.7359833,45.2949407],[-122.7369722,45.2948784],[-122.7378726,45.2953673]]],"type":"Polygon"},"properties":{"kind":"water"},"type":"Feature"},{"geometry":{"coordinates":[[[-122.7116197,45.3791911],[-122.7113861,45.3793885],[-122.7109036,45.3791307],[-122.7107866,45.3786759],[-122.7096182,45.3778223],[-122.70947,45.3772323],[-122.7114249,45.3787315],[-122.7116197,45.3791911]]],"type":"Polygon"},"properties":{"kind":"water"},"type":"Feature"},{"geometry":{"coordinates":[[[-122.7365427,45.3832204],[-122.7366741,45.3828361],[-122.7373782,45.3828295],[-122.7379171,45.3835077],[-122.7371529,45.3835934],[-122.7365427,45.3832204]]],"type":"Polygon"},"properties":{"kind":"water"},"type":"Feature"},{"geometry":{"coordinates":[[[-122.6606064,45.4716801],[-122.6590315,45.4740098],[-122.6584844,45.4742656],[-122.6587848,45.4744461],[-122.6585058,45.4748524],[-122.6568227,45.4758098],[-122.6546241,45.4762437],[-122.6534707,45.4753264],[-122.6534874,45.4748938],[-122.6530355,45.4745561],[-122.6534457,45.4729835],[-122.6540977,45.4720615],[-122.6557526,45.4711212],[-122.6583114,45.470768],[-122.6606064,45.4716801]]],"type":"Polygon"},"properties":{"kind":"water"},"type":"Feature"},{"geometry":{"coordinates":[[[-122.6581371,45.4845467],[-122.6575685,45.4840747],[-122.6579359,45.4836234],[-122.6590517,45.4840691],[-122.6586467,45.4854757],[-122.6579922,45.4853252],[-122.6581371,45.4845467]]],"type":"Polygon"},"properties":{"kind":"water"},"type":"Feature"},{"geometry":{"coordinates":[[[-122.7033228,45.5198383],[-122.7039499,45.5210009],[-122.7030363,45.5208995],[-122.7026481,45.5200047],[-122.7033228,45.5198383]]],"type":"Polygon"},"properties":{"kind":"water"},"type":"Feature"},{"geometry":{"coordinates":[[[-122.1741841,37.4232125],[-122.1739774,37.421289],[-122.1744415,37.4209856],[-122.1755639,37.4210388],[-122.1759947,37.4204373],[-122.176611,37.4205352],[-122.1773294,37.4211444],[-122.1785375,37.4213766],[-122.1780402,37.4219224],[-122.1780052,37.4237236],[-122.177129,37.4244316],[-122.1741841,37.4232125]]],"type":"Polygon"},"properties":{"kind":"water"},"type":"Feature"},{"geometry":{"coordinates":[[[-122.1021363,37.4338919],[-122.1021792,37.4342412],[-122.1002427,37.4342668],[-122.1005002,37.4339899],[-122.1021363,37.4338919]]],"type":"Polygon"},"properties":{"kind":"water"},"type":"Feature"},{"geometry":{"coordinates":[[[-122.1051773,37.4343587],[-122.1061429,37.4336005],[-122.1071031,37.4345419],[-122.1068188,37.4350062],[-122.1051773,37.4343587]]],"type":"Polygon"},"properties":{"kind":"water"},"type":"Feature"},{"geometry":{"coordinates":[[[-122.0983874,37.4341647],[-122.0988416,37.4344676],[-122.0987871,37.4340348],[-122.0996683,37.4341286],[-122.0994172,37.4358328],[-122.098727,37.4354602],[-122.0983874,37.4341647]]],"type":"Polygon"},"properties":{"kind":"water"},"type":"Feature"},{"geometry":{"coordinates":[[[-122.1067598,37.4369187],[-122.107897,37.4365098],[-122.1093025,37.4372169],[-122.10875,37.4374213],[-122.1082189,37.438401],[-122.1064379,37.4374384],[-122.1067598,37.4369187]]],"type":"Polygon"},"properties":{"kind":"water"},"type":"Feature"},{"geometry":{"coordinates":[[[-122.1002071,37.4399748],[-122.0991182,37.4401026],[-122.099381,37.4395617],[-122.0992147,37.4391868],[-122.1002232,37.4389781],[-122.1006256,37.4383009],[-122.1021651,37.4382626],[-122.1018647,37.4393018],[-122.1013068,37.4398896],[-122.1005129,37.4394594],[-122.1001213,37.4395531],[-122.1002071,37.4399748]]],"type":"Polygon"},"properties":{"kind":"water"},"type":"Feature"},{"geometry":{"coordinates":[[[-122.1133705,37.4419233],[-122.1126723,37.4409591],[-122.1136151,37.4408391],[-122.1158629,37.4429374],[-122.1151874,37.4432648],[-122.1145758,37.4424167],[-122.1133705,37.4419233]]],"type":"Polygon"},"properties":{"kind":"water"},"type":"Feature"},{"geometry":{"coordinates":[[[-122.1201277,37.4531046],[-122.1207359,37.4536214],[-122.1207609,37.453762],[-122.1200472,37.4538032],[-122.1194784,37.4531401],[-122.1201277,37.4531046]]],"type":"Polygon"},"properties":{"kind":"water"},"type":"Feature"},{"geometry":{"coordinates":[[[-122.1080244,37.4573555],[-122.1093781,37.4567349],[-122.109639,37.4574321],[-122.108395,37.4577427],[-122.1080244,37.4573555]]],"type":"Polygon"},"properties":{"kind":"water"},"type":"Feature"},{"geometry":{"coordinates":[[[-122.1021698,37.4603408],[-122.102615,37.4598937],[-122.1034787,37.4602472],[-122.1051846,37.4598767],[-122.1047608,37.4603494],[-122.1033446,37.4607198],[-122.1021698,37.4603408]]],"type":"Polygon"},"properties":{"kind":"water"},"type":"Feature"},{"geometry":{"coordinates":[[[-122.0431626,37.3957086],[-122.0430647,37.3954987],[-122.0438791,37.3949131],[-122.0446949,37.3952458],[-122.0445737,37.3955171],[-122.0431626,37.3957086]]],"type":"Polygon"},"properties":{"kind":"water"},"type":"Feature"},{"geometry":{"coordinates":[[[-122.018979,37.4173372],[-122.0197705,37.4147805],[-122.0206459,37.4123645],[-122.0194741,37.4166117],[-122.018979,37.4173372]]],"type":"Polygon"},"properties":{"kind":"water"},"type":"Feature"},{"geometry":{"coordinates":[[[-122.0340715,37.4283646],[-122.0312583,37.4316526],[-122.0308403,37.4314031],[-122.0333422,37.4280336],[-122.0308572,37.4268875],[-122.0299371,37.426052],[-122.0270668,37.4253776],[-122.0260012,37.4236379],[-122.0189611,37.4213446],[-122.0181213,37.4216697],[-122.0158224,37.4239973],[-122.0157711,37.4236755],[-122.0170253,37.4222686],[-122.0162308,37.4206082],[-122.0166242,37.4204018],[-122.0178556,37.4205903],[-122.0260728,37.4233089],[-122.0267069,37.423713],[-122.0273098,37.4250745],[-122.0346553,37.4267163],[-122.0340715,37.4283646]]],"type":"Polygon"},"properties":{"kind":"water"},"type":"Feature"},{"geometry":{"coordinates":[[[-122.0263793,37.4340814],[-122.0228339,37.4315186],[-122.0203061,37.4312851],[-122.0188395,37.4315993],[-122.0174158,37.4314791],[-122.0176693,37.4266382],[-122.0162746,37.4245063],[-122.0188708,37.421897],[-122.0255631,37.4240509],[-122.0265903,37.4256896],[-122.0296839,37.4265162],[-122.0306609,37.4273317],[-122.0329585,37.4283505],[-122.0277576,37.4347893],[-122.0272798,37.4348199],[-122.0265505,37.4341932],[-122.0267183,37.4339849],[-122.0266812,37.4339544],[-122.0263793,37.4340814]]],"type":"Polygon"},"properties":{"kind":"water"},"type":"Feature"},{"geometry":{"coordinates":[[[-122.0512275,37.4303122],[-122.0495742,37.4278932],[-122.0496036,37.4277418],[-122.0508642,37.4289047],[-122.0512275,37.4303122]]],"type":"Polygon"},"properties":{"kind":"water"},"type":"Feature"},{"geometry":{"coordinates":[[[-122.0818772,37.429585],[-122.0819657,37.4298449],[-122.0812495,37.4298172],[-122.080757,37.4302855],[-122.0813664,37.4308444],[-122.0843697,37.4298734],[-122.0845078,37.4290178],[-122.0853576,37.4294676],[-122.0860957,37.4292427],[-122.0857859,37.4296894],[-122.0861558,37.4299993],[-122.0833577,37.4302446],[-122.0826625,37.430749],[-122.0810746,37.4310761],[-122.0804395,37.4299584],[-122.0811347,37.4295222],[-122.0818772,37.429585]]],"type":"Polygon"},"properties":{"kind":"water"},"type":"Feature"},{"geometry":{"coordinates":[[[-122.0701595,37.4308027],[-122.0698038,37.4305402],[-122.0696576,37.4299436],[-122.0704985,37.4310736],[-122.0720244,37.435764],[-122.0701595,37.4308027]]],"type":"Polygon"},"properties":{"kind":"water"},"type":"Feature"},{"geometry":{"coordinates":[[[-122.0458189,37.4429805],[-122.045879,37.4444891],[-122.0446716,37.4440982],[-122.0413733,37.4416481],[-122.0398367,37.4415741],[-122.0391594,37.4408738],[-122.0367065,37.4398495],[-122.0343145,37.4398444],[-122.0313461,37.4410896],[-122.0302933,37.4404489],[-122.0289431,37.436739],[-122.0279743,37.4355582],[-122.0287195,37.4350505],[-122.033939,37.4288681],[-122.0349929,37.4269411],[-122.0432761,37.427634],[-122.0469314,37.426856],[-122.0486669,37.4268408],[-122.0493679,37.4273753],[-122.0491984,37.4291442],[-122.047831,37.434595],[-122.0459144,37.436435],[-122.0454991,37.4374124],[-122.0449334,37.4412818],[-122.0458189,37.4429805]]],"type":"Polygon"},"properties":{"kind":"water"},"type":"Feature"},{"geometry":{"coordinates":[[[-122.059194,37.4434651],[-122.0512633,37.4455822],[-122.0507767,37.4451393],[-122.0509656,37.4355399],[-122.0502316,37.4346242],[-122.051228,37.4304044],[-122.0541725,37.435994],[-122.0614621,37.4337159],[-122.0673934,37.434981],[-122.0676486,37.4391569],[-122.0595743,37.43919],[-122.059194,37.4434651]]],"type":"Polygon"},"properties":{"kind":"water"},"type":"Feature"},{"geometry":{"coordinates":[[[-122.0347439,37.4511838],[-122.0319076,37.4506785],[-122.030938,37.4498093],[-122.0306178,37.4487596],[-122.0313169,37.4471394],[-122.032043,37.4465829],[-122.0331537,37.4465494],[-122.0371267,37.4483174],[-122.0396895,37.4473187],[-122.0404516,37.4465554],[-122.0412046,37.4447384],[-122.0399694,37.4416693],[-122.041189,37.4417269],[-122.0443053,37.4440553],[-122.0458876,37.4445933],[-122.0458746,37.4475882],[-122.045478,37.4485506],[-122.0418515,37.4497048],[-122.0396581,37.4509282],[-122.0347439,37.4511838]]],"type":"Polygon"},"properties":{"kind":"water"},"type":"Feature"},{"geometry":{"coordinates":[[[-122.0313471,37.4711776],[-122.0385417,37.4712683],[-122.0486366,37.4680068],[-122.0492975,37.4683777],[-122.0530741,37.4860862],[-122.052411,37.4875501],[-122.0527741,37.4892501],[-122.0526197,37.4899752],[-122.043437,37.491144],[-122.039763,37.4902453],[-122.0379563,37.4890599],[-122.0351587,37.4854674],[-122.0334567,37.4814603],[-122.0297842,37.4771934],[-122.0269047,37.4764989],[-122.0266414,37.4761459],[-122.0266732,37.4764869],[-122.0260967,37.4765085],[-122.0265416,37.4759106],[-122.0267298,37.4713342],[-122.027175,37.470548],[-122.0278113,37.4703701],[-122.0313471,37.4711776]]],"type":"Polygon"},"properties":{"kind":"water"},"type":"Feature"},{"geometry":{"coordinates":[[[-122.0185069,37.4190756],[-122.0172105,37.42035],[-122.0155826,37.4201911],[-122.0154706,37.4205563],[-122.0158958,37.4209705],[-122.0164075,37.4221683],[-122.0162591,37.4226246],[-122.0116,37.4268005],[-122.0102119,37.4277778],[-122.0097468,37.4292912],[-122.0073155,37.4302355],[-122.0064583,37.4315421],[-122.0064525,37.4327184],[-122.0075896,37.4336739],[-122.0122959,37.4344088],[-122.0188885,37.4322046],[-122.0207315,37.4318936],[-122.0225312,37.4320735],[-122.0254662,37.434037],[-122.0276981,37.4361365],[-122.0290028,37.4401804],[-122.030162,37.4415942],[-122.0315557,37.4417928],[-122.0336982,37.4404865],[-122.0352359,37.440059],[-122.0367768,37.4402179],[-122.0385728,37.4410442],[-122.0398137,37.4423492],[-122.0405613,37.4441263],[-122.0404754,37.4454847],[-122.0393356,37.4470875],[-122.0379758,37.4476377],[-122.0367756,37.4475879],[-122.0340145,37.4457438],[-122.0326774,37.4454309],[-122.0308267,37.4462189],[-122.0298637,37.4473696],[-122.029594,37.4486335],[-122.029834,37.449878],[-122.0309162,37.4513995],[-122.0319168,37.4520509],[-122.0331289,37.4523409],[-122.0327294,37.452987],[-122.0309291,37.4523236],[-122.029463,37.4508415],[-122.0287628,37.4493136],[-122.0291618,37.4470448],[-122.0304712,37.4456829],[-122.0323978,37.4450618],[-122.0342081,37.4453558],[-122.0369069,37.4472433],[-122.0387769,37.4469659],[-122.0397449,37.446067],[-122.0401623,37.4446152],[-122.0397991,37.4431809],[-122.0388652,37.4418131],[-122.037583,37.4408978],[-122.0357287,37.440384],[-122.0342374,37.4406268],[-122.0316343,37.4420555],[-122.0299375,37.4418114],[-122.0283891,37.440062],[-122.0276489,37.4374691],[-122.0266498,37.4360342],[-122.0233575,37.4331675],[-122.0221342,37.4325209],[-122.0206349,37.4324081],[-122.0183587,37.4328534],[-122.0126767,37.4348532],[-122.0110758,37.4348021],[-122.0070007,37.4339116],[-122.0060973,37.4331011],[-122.0057943,37.4320955],[-122.0060041,37.4313247],[-122.0069107,37.4301651],[-122.0068131,37.4296509],[-122.0036779,37.4284527],[-122.0026485,37.4268415],[-122.0005481,37.4249437],[-122.0006509,37.42283],[-122.0002545,37.4220637],[-121.9980842,37.4198048],[-121.995495,37.4187831],[-121.9947698,37.4175088],[-121.9953819,37.4172331],[-121.9963319,37.4172038],[-121.9972233,37.4176511],[-122.0027277,37.4179529],[-122.0028836,37.4181307],[-122.0024553,37.4182005],[-121.9972185,37.4179096],[-121.9963715,37.4173482],[-121.9950602,37.4174742],[-121.9955199,37.4184575],[-121.9985008,37.4197125],[-122.0005766,37.4218668],[-122.0009829,37.4226537],[-122.0008832,37.4247222],[-122.0028428,37.4264312],[-122.0038518,37.4280177],[-122.0047658,37.4285877],[-122.0064735,37.4289406],[-122.0072708,37.4299551],[-122.0093412,37.4293484],[-122.0101793,37.427737],[-122.0162426,37.4224755],[-122.0159728,37.4213253],[-122.0153449,37.4204818],[-122.0155381,37.4200093],[-122.01298,37.419506],[-122.0130322,37.4193981],[-122.0172602,37.4202369],[-122.0183938,37.4191614],[-122.0189431,37.4176482],[-122.0185069,37.4190756]]],"type":"Polygon"},"properties":{"kind":"water"},"type":"Feature"},{"geometry":{"coordinates":[[[-121.9759827,37.3424809],[-121.9751002,37.344301],[-121.9738657,37.3457541],[-121.9734614,37.346068],[-121.9751442,37.3441705],[-121.9762568,37.3407963],[-121.9766524,37.340328],[-121.9773747,37.3399226],[-121.9762479,37.3409405],[-121.9759827,37.3424809]]],"type":"Polygon"},"properties":{"kind":"water"},"type":"Feature"},{"geometry":{"coordinates":[[[-121.9936061,37.3452427],[-121.9898828,37.347318],[-121.9897961,37.3490075],[-121.9895678,37.3493789],[-121.9889053,37.3496924],[-121.985431,37.3505572],[-121.9840215,37.3515737],[-121.9840834,37.3574965],[-121.9871318,37.3634357],[-121.9871919,37.3639294],[-121.9839713,37.3575424],[-121.9839483,37.3514763],[-121.9853064,37.3505115],[-121.9894149,37.3493555],[-121.9896984,37.3489188],[-121.9897294,37.3474199],[-121.9900318,37.3469764],[-121.9936061,37.3452427]]],"type":"Polygon"},"properties":{"kind":"water"},"type":"Feature"},{"geometry":{"coordinates":[[[-121.973434,37.3462788],[-121.9733852,37.3522077],[-121.973272,37.3522095],[-121.9731938,37.3467266],[-121.9733132,37.3462799],[-121.973434,37.3462788]]],"type":"Polygon"},"properties":{"kind":"water"},"type":"Feature"},{"geometry":{"coordinates":[[[-121.9867932,37.388041],[-121.9869979,37.4032264],[-121.98668,37.403424],[-121.9867932,37.388041]]],"type":"Polygon"},"properties":{"kind":"water"},"type":"Feature"},{"geometry":{"coordinates":[[[-121.9713542,37.3987384],[-121.9701129,37.3987482],[-121.9701923,37.3978467],[-121.9695042,37.3974973],[-121.9713981,37.398261],[-121.9713542,37.3987384]]],"type":"Polygon"},"properties":{"kind":"water"},"type":"Feature"},{"geometry":{"coordinates":[[[-121.9797867,37.4098994],[-121.9793001,37.4091961],[-121.9795737,37.4086059],[-121.9784459,37.4079006],[-121.9805913,37.4080713],[-121.9801215,37.4089316],[-121.9806572,37.4097881],[-121.9804004,37.4100834],[-121.9797867,37.4098994]]],"type":"Polygon"},"properties":{"kind":"water"},"type":"Feature"},{"geometry":{"coordinates":[[[-121.9862029,37.4128611],[-121.9861171,37.4139245],[-121.9847953,37.4134064],[-121.9855077,37.4129565],[-121.9862029,37.4128611]]],"type":"Polygon"},"properties":{"kind":"water"},"type":"Feature"},{"geometry":{"coordinates":[[[-121.9870738,37.4159126],[-121.9935282,37.4155853],[-121.9937686,37.415708],[-121.9937686,37.4169351],[-121.9872569,37.416844],[-121.9871351,37.4164701],[-121.9874171,37.416267],[-121.9870738,37.4159126]]],"type":"Polygon"},"properties":{"kind":"water"},"type":"Feature"},{"geometry":{"coordinates":[[[-121.9825208,37.4171899],[-121.9811389,37.4169513],[-121.9809501,37.416106],[-121.9833362,37.4157447],[-121.9862201,37.4161265],[-121.9861514,37.4170536],[-121.9825208,37.4171899]]],"type":"Polygon"},"properties":{"kind":"water"},"type":"Feature"},{"geometry":{"coordinates":[[[-121.9687661,37.4178213],[-121.9709548,37.4167988],[-121.9712552,37.4172214],[-121.9706801,37.4180394],[-121.9689635,37.418278],[-121.9687661,37.4178213]]],"type":"Polygon"},"properties":{"kind":"water"},"type":"Feature"},{"geometry":{"coordinates":[[[-121.9694929,37.4204113],[-121.9687977,37.4194355],[-121.9695794,37.419406],[-121.9701699,37.420603],[-121.9711478,37.4213855],[-121.9694929,37.4204113]]],"type":"Polygon"},"properties":{"kind":"water"},"type":"Feature"},{"geometry":{"coordinates":[[[-122.0104069,37.4271191],[-122.0086143,37.4271768],[-122.006694,37.4277312],[-122.0042325,37.427333],[-122.0033421,37.4258168],[-122.0013001,37.4242854],[-122.0017012,37.4227307],[-122.0012123,37.4218102],[-121.9986726,37.4192452],[-121.9966475,37.4182816],[-122.004737,37.41893],[-121.9968029,37.4181194],[-121.9997736,37.4180378],[-122.0038478,37.4184126],[-122.0121591,37.4195574],[-122.0149192,37.4202483],[-122.0156592,37.4219428],[-122.0154557,37.4226201],[-122.015583,37.4220271],[-122.0153306,37.4212057],[-122.0144689,37.420445],[-122.0122902,37.4199448],[-122.010726,37.4197003],[-122.0086813,37.4194662],[-122.0140735,37.4204265],[-122.0152181,37.4211222],[-122.0155137,37.4218237],[-122.0151209,37.4227858],[-122.0104069,37.4271191]]],"type":"Polygon"},"properties":{"kind":"water"},"type":"Feature"},{"geometry":{"coordinates":[[[-122.0168051,37.431859],[-122.0084046,37.4319219],[-122.007995,37.431478],[-122.0082957,37.4310466],[-122.0103019,37.4299997],[-122.0112517,37.4283225],[-122.014697,37.4252381],[-122.01576,37.4251454],[-122.0170568,37.426573],[-122.0171225,37.4272907],[-122.0168051,37.431859]]],"type":"Polygon"},"properties":{"kind":"water"},"type":"Feature"},{"geometry":{"coordinates":[[[-121.9790491,37.4294714],[-121.9777785,37.4299428],[-121.9776255,37.4314581],[-121.9776464,37.4289117],[-121.9790491,37.4294714]]],"type":"Polygon"},"properties":{"kind":"water"},"type":"Feature"},{"geometry":{"coordinates":[[[-121.9718868,37.4338096],[-121.9724739,37.4331814],[-121.972752,37.4331289],[-121.9725313,37.4327336],[-121.9727685,37.4324935],[-121.9715618,37.4318211],[-121.9755547,37.4290832],[-121.9754175,37.4283675],[-121.9742545,37.4287691],[-121.9754235,37.4282545],[-121.9754194,37.427576],[-121.9758443,37.4277194],[-121.9754369,37.4278241],[-121.9756438,37.4290294],[-121.9761541,37.4287253],[-121.9760011,37.428498],[-121.9763921,37.4285613],[-121.9762968,37.4283668],[-121.9774103,37.4289087],[-121.9774471,37.4291907],[-121.9773947,37.429338],[-121.9764898,37.4286824],[-121.9717213,37.4317862],[-121.9732782,37.432598],[-121.9734633,37.4338975],[-121.9742867,37.433228],[-121.9735882,37.4326889],[-121.9736914,37.4324252],[-121.9750512,37.4323858],[-121.9755591,37.4326761],[-121.9737651,37.4325102],[-121.9744049,37.4332564],[-121.9738079,37.4341785],[-121.9732114,37.4338786],[-121.9733369,37.4331081],[-121.9730487,37.4325821],[-121.9727335,37.4327585],[-121.9728273,37.4332119],[-121.9722369,37.4337675],[-121.9718868,37.4338096]]],"type":"Polygon"},"properties":{"kind":"water"},"type":"Feature"},{"geometry":{"coordinates":[[[-121.9771295,37.4328175],[-121.9768119,37.4330379],[-121.9766499,37.4328603],[-121.976897,37.4327677],[-121.9759994,37.432468],[-121.9757435,37.4316556],[-121.9751052,37.4318315],[-121.9749691,37.4312397],[-121.9744722,37.4311733],[-121.9752859,37.4305494],[-121.9756725,37.4306964],[-121.9759608,37.4300761],[-121.9771497,37.4297373],[-121.9770927,37.4295337],[-121.9772943,37.4297057],[-121.9773287,37.4313536],[-121.9772346,37.4318782],[-121.9770506,37.4317638],[-121.9771295,37.4328175]]],"type":"Polygon"},"properties":{"kind":"water"},"type":"Feature"},{"geometry":{"coordinates":[[[-121.9693816,37.4333367],[-121.9701107,37.4326625],[-121.9713257,37.4336074],[-121.970692,37.4340549],[-121.9693816,37.4333367]]],"type":"Polygon"},"properties":{"kind":"water"},"type":"Feature"},{"geometry":{"coordinates":[[[-122.0149313,37.461855],[-122.0035605,37.4630412],[-122.0013498,37.4626221],[-122.0010905,37.461525],[-122.0014062,37.461064],[-122.0018487,37.4522359],[-122.0170507,37.454673],[-122.0169147,37.4557539],[-122.0182973,37.4568804],[-122.0198811,37.459333],[-122.0195754,37.4601464],[-122.0183808,37.4610257],[-122.0149313,37.461855]]],"type":"Polygon"},"properties":{"kind":"water"},"type":"Feature"},{"geometry":{"coordinates":[[[-121.9368491,37.2894082],[-121.938259,37.2871824],[-121.9372875,37.2891552],[-121.9371945,37.2899833],[-121.9351653,37.2909297],[-121.9342186,37.2920149],[-121.933959,37.2918994],[-121.9347871,37.2909631],[-121.9368907,37.2900126],[-121.9368491,37.2894082]]],"type":"Polygon"},"properties":{"kind":"water"},"type":"Feature"},{"geometry":{"coordinates":[[[-121.9332813,37.2932277],[-121.9330664,37.2940041],[-121.9338153,37.2959131],[-121.932503,37.2970935],[-121.9294445,37.2975842],[-121.9260155,37.2995169],[-121.9235755,37.2996377],[-121.9225756,37.300203],[-121.9225737,37.2999525],[-121.9235568,37.2994792],[-121.9261279,37.2993444],[-121.9292505,37.2974908],[-121.9321481,37.2970471],[-121.9333168,37.2961323],[-121.9334277,37.2952852],[-121.9328236,37.2935815],[-121.933959,37.2918994],[-121.9342186,37.2920149],[-121.9332813,37.2932277]]],"type":"Polygon"},"properties":{"kind":"water"},"type":"Feature"},{"geometry":{"coordinates":[[[-121.9450911,37.4015193],[-121.9466172,37.4018653],[-121.9469066,37.4022188],[-121.9459648,37.4026719],[-121.9450911,37.4015193]]],"type":"Polygon"},"properties":{"kind":"water"},"type":"Feature"},{"geometry":{"coordinates":[[[-121.9640899,37.4172713],[-121.9652658,37.4163032],[-121.9656177,37.4168282],[-121.9649396,37.4173394],[-121.9640899,37.4172713]]],"type":"Polygon"},"properties":{"kind":"water"},"type":"Feature"},{"geometry":{"coordinates":[[[-121.9587929,37.4368818],[-121.9579716,37.4366756],[-121.9584761,37.4363118],[-121.9583785,37.4356904],[-121.9591397,37.435058],[-121.9585608,37.4356357],[-121.9592895,37.4358837],[-121.9598855,37.4354044],[-121.9602166,37.4358172],[-121.9603381,37.4363206],[-121.9595809,37.4362556],[-121.9596355,37.4367651],[-121.9597791,37.4366742],[-121.9599109,37.4367799],[-121.9597229,37.4367681],[-121.9596745,37.4368041],[-121.9595013,37.436794],[-121.9591867,37.4362918],[-121.9589857,37.4365265],[-121.9591284,37.4363065],[-121.9587392,37.4362675],[-121.9587929,37.4368818]]],"type":"Polygon"},"properties":{"kind":"water"},"type":"Feature"},{"geometry":{"coordinates":[[[-121.9653043,37.4402588],[-121.9608832,37.4404133],[-121.9600419,37.4400198],[-121.9602615,37.4396939],[-121.9607018,37.440238],[-121.9646546,37.4401623],[-121.9630538,37.4381776],[-121.9626637,37.4381589],[-121.9621439,37.4387928],[-121.9615238,37.4388471],[-121.9612493,37.4382481],[-121.9606348,37.438555],[-121.9601812,37.43844],[-121.9603043,37.4385596],[-121.9603087,37.4385899],[-121.9602315,37.4386411],[-121.95986,37.4380118],[-121.9591537,37.438149],[-121.9586185,37.4378648],[-121.9585184,37.4371676],[-121.9581602,37.4368978],[-121.9586277,37.437039],[-121.9586517,37.437466],[-121.9588393,37.4372037],[-121.9590936,37.4371144],[-121.9586756,37.4363905],[-121.9588823,37.4364486],[-121.9591515,37.4371026],[-121.9586847,37.4375738],[-121.958928,37.4378741],[-121.9597194,37.4378556],[-121.9606182,37.4384035],[-121.9610063,37.4378991],[-121.9612039,37.4378482],[-121.9610289,37.4378311],[-121.961049,37.4375516],[-121.9612188,37.4378429],[-121.9610318,37.4381173],[-121.9620805,37.438593],[-121.9629368,37.4375423],[-121.9620012,37.4369232],[-121.9624665,37.4365726],[-121.9621465,37.4360028],[-121.9621153,37.4353302],[-121.96259,37.4364846],[-121.9622535,37.4369],[-121.9630534,37.4373424],[-121.9630879,37.4379112],[-121.9653043,37.4402588]]],"type":"Polygon"},"properties":{"kind":"water"},"type":"Feature"},{"geometry":{"coordinates":[[[-121.9247211,37.4481572],[-121.9246306,37.4472663],[-121.9238208,37.446949],[-121.923513,37.44631],[-121.9241893,37.4446414],[-121.9238072,37.4433246],[-121.9239478,37.442769],[-121.9250751,37.4411331],[-121.9270102,37.4389967],[-121.9268674,37.4380934],[-121.9260514,37.4367386],[-121.9259412,37.4358852],[-121.9274667,37.4325827],[-121.9284333,37.4312077],[-121.9284195,37.4290812],[-121.9280488,37.4279348],[-121.9285045,37.4290374],[-121.928604,37.4312624],[-121.9275633,37.4326909],[-121.926035,37.4359443],[-121.9270337,37.4382048],[-121.9271503,37.4390307],[-121.9253332,37.4409949],[-121.9239431,37.4432659],[-121.924371,37.4445329],[-121.9237602,37.4462959],[-121.9240391,37.4468318],[-121.9249721,37.4472868],[-121.9247211,37.4481572]]],"type":"Polygon"},"properties":{"kind":"water"},"type":"Feature"},{"geometry":{"coordinates":[[[-121.9615415,37.4396517],[-121.9624083,37.4387309],[-121.9625147,37.4389809],[-121.9628901,37.4383031],[-121.963257,37.4385345],[-121.9632799,37.4391431],[-121.9625962,37.4392527],[-121.9622301,37.4398913],[-121.9615415,37.4396517]]],"type":"Polygon"},"properties":{"kind":"water"},"type":"Feature"},{"geometry":{"coordinates":[[[-121.9660545,37.4494994],[-121.9669791,37.4506377],[-121.966993,37.4510726],[-121.9647741,37.4527962],[-121.9652841,37.453586],[-121.9667216,37.4546373],[-121.9667464,37.4574699],[-121.9629556,37.4595314],[-121.9630972,37.461043],[-121.9616113,37.4618847],[-121.9596081,37.4618169],[-121.9587166,37.4611146],[-121.957778,37.4610281],[-121.9541239,37.4573844],[-121.9537505,37.4560819],[-121.9523159,37.4551066],[-121.9471657,37.4529063],[-121.9458583,37.4525401],[-121.9437266,37.4526512],[-121.939968,37.4519227],[-121.9379569,37.451856],[-121.9379603,37.4480224],[-121.9381841,37.4476804],[-121.9427694,37.4474938],[-121.9425487,37.4443252],[-121.9429216,37.4439925],[-121.9497742,37.4440426],[-121.9514232,37.444321],[-121.9517047,37.4439743],[-121.9517829,37.4407142],[-121.9521696,37.4404543],[-121.9550988,37.4403791],[-121.957877,37.440773],[-121.9607657,37.4443692],[-121.9641897,37.4467962],[-121.9641531,37.4480965],[-121.9660389,37.4488064],[-121.9660545,37.4494994]]],"type":"Polygon"},"properties":{"kind":"water"},"type":"Feature"},{"geometry":{"coordinates":[[[-121.9505257,37.4560043],[-121.9491265,37.4550755],[-121.9488735,37.4544524],[-121.9523494,37.4558315],[-121.9515248,37.4562457],[-121.9505257,37.4560043]]],"type":"Polygon"},"properties":{"kind":"water"},"type":"Feature"},{"geometry":{"coordinates":[[[-121.9240501,37.4569024],[-121.9241944,37.4560183],[-121.924845,37.4549635],[-121.9252362,37.4548488],[-121.9240501,37.4569024]]],"type":"Polygon"},"properties":{"kind":"water"},"type":"Feature"},{"geometry":{"coordinates":[[[-121.9521898,37.4780861],[-121.9479141,37.4763154],[-121.9462396,37.4744692],[-121.9460199,37.4729456],[-121.9453336,37.4719574],[-121.9448464,37.4715868],[-121.9431443,37.4713122],[-121.9400628,37.4687043],[-121.9381618,37.4666042],[-121.937901,37.4657669],[-121.9382098,37.4649845],[-121.9381755,37.4630698],[-121.9388755,37.4623766],[-121.9394863,37.4626854],[-121.9391844,37.4636051],[-121.9401932,37.4655954],[-121.9430551,37.4660346],[-121.9433777,37.4679151],[-121.9440571,37.4691024],[-121.9439336,37.4702073],[-121.9451758,37.4701112],[-121.9469602,37.4689376],[-121.9476945,37.4680798],[-121.9484975,37.4681484],[-121.9487514,37.4685327],[-121.9473239,37.4704612],[-121.9474612,37.4721495],[-121.9485249,37.4731927],[-121.950426,37.4738722],[-121.9504329,37.4744486],[-121.9510162,37.4746683],[-121.9513868,37.4740163],[-121.950927,37.4736663],[-121.9513731,37.4730829],[-121.9526496,37.4728702],[-121.9533085,37.4731447],[-121.9530957,37.4745653],[-121.953432,37.475382],[-121.952128,37.4756085],[-121.9518947,37.4759654],[-121.9529104,37.47764],[-121.9521898,37.4780861]]],"type":"Polygon"},"properties":{"kind":"water"},"type":"Feature"},{"geometry":{"coordinates":[[[-121.7603653,37.2339893],[-121.7608133,37.2352006],[-121.7597731,37.2352035],[-121.7594283,37.2347704],[-121.7571252,37.2337392],[-121.7569054,37.2326837],[-121.756193,37.2320888],[-121.7557453,37.2321303],[-121.7561076,37.2320627],[-121.7552631,37.2311284],[-121.7549159,37.2312944],[-121.754714,37.2305094],[-121.7565137,37.2319043],[-121.756956,37.2320092],[-121.7542918,37.2300062],[-121.751313,37.2271674],[-121.7517334,37.2272008],[-121.7533817,37.2287281],[-121.7523522,37.2276099],[-121.7554348,37.2291194],[-121.7567871,37.2306691],[-121.7591117,37.2322203],[-121.7595513,37.2334082],[-121.7599102,37.2333599],[-121.7603653,37.2339893]]],"type":"Polygon"},"properties":{"kind":"water"},"type":"Feature"},{"geometry":{"coordinates":[[[-121.7557032,37.2332855],[-121.7563255,37.2324185],[-121.7570068,37.2332043],[-121.7568029,37.2339176],[-121.7557032,37.2332855]]],"type":"Polygon"},"properties":{"kind":"water"},"type":"Feature"},{"geometry":{"coordinates":[[[-121.7646768,37.2386714],[-121.7630117,37.2378241],[-121.762829,37.2364715],[-121.7631318,37.2362388],[-121.7625568,37.2353709],[-121.7633035,37.2354392],[-121.7642133,37.2360474],[-121.7646768,37.2370314],[-121.7646768,37.2386714]]],"type":"Polygon"},"properties":{"kind":"water"},"type":"Feature"},{"geometry":{"coordinates":[[[-121.780226,37.2524242],[-121.7811775,37.2514462],[-121.7820436,37.2513942],[-121.7802622,37.2534494],[-121.780226,37.2524242]]],"type":"Polygon"},"properties":{"kind":"water"},"type":"Feature"},{"geometry":{"coordinates":[[[-121.7841376,37.2519297],[-121.7841011,37.251429],[-121.7843507,37.2513595],[-121.7856828,37.2518682],[-121.787681,37.2530378],[-121.7882918,37.2537214],[-121.7881277,37.2539014],[-121.7879621,37.2539923],[-121.7878503,37.2539713],[-121.7862958,37.2526855],[-121.7841376,37.2519297]]],"type":"Polygon"},"properties":{"kind":"water"},"type":"Feature"},{"geometry":{"coordinates":[[[-121.7791267,37.2554255],[-121.778353,37.2549885],[-121.7776821,37.2539721],[-121.7779436,37.2538571],[-121.7789779,37.2548703],[-121.779491,37.2547311],[-121.7804608,37.2536069],[-121.7810784,37.2538785],[-121.7791267,37.2554255]]],"type":"Polygon"},"properties":{"kind":"water"},"type":"Feature"},{"geometry":{"coordinates":[[[-121.8697307,37.2574261],[-121.8700248,37.2549125],[-121.8710103,37.2549045],[-121.8700737,37.2571913],[-121.8697307,37.2574261]]],"type":"Polygon"},"properties":{"kind":"water"},"type":"Feature"},{"geometry":{"coordinates":[[[-121.8669891,37.254545],[-121.8675233,37.2546172],[-121.8669177,37.2559572],[-121.868554,37.2547616],[-121.8690015,37.2550582],[-121.8685212,37.2588488],[-121.8677214,37.2582252],[-121.8672185,37.2566607],[-121.8663199,37.2562143],[-121.8669891,37.254545]]],"type":"Polygon"},"properties":{"kind":"water"},"type":"Feature"},{"geometry":{"coordinates":[[[-121.812313,37.2810014],[-121.8101027,37.2804468],[-121.809236,37.2805371],[-121.8086944,37.2797067],[-121.8092545,37.2793214],[-121.8113506,37.2791768],[-121.812153,37.2801114],[-121.812313,37.2810014]]],"type":"Polygon"},"properties":{"kind":"water"},"type":"Feature"},{"geometry":{"coordinates":[[[-121.8867616,37.3732647],[-121.8872844,37.3739864],[-121.8873052,37.3746675],[-121.8869876,37.3749199],[-121.8866074,37.3743134],[-121.8869876,37.3742174],[-121.8865818,37.3736861],[-121.8867616,37.3732647]]],"type":"Polygon"},"properties":{"kind":"water"},"type":"Feature"},{"geometry":{"coordinates":[[[-121.8929361,37.4587509],[-121.8944131,37.458927],[-121.8941913,37.4597532],[-121.8938598,37.4598782],[-121.8932234,37.459449],[-121.8928249,37.459091],[-121.8929361,37.4587509]]],"type":"Polygon"},"properties":{"kind":"water"},"type":"Feature"},{"geometry":{"coordinates":[[[-118.3309684,33.8809529],[-118.3344943,33.8846635],[-118.3350348,33.8857116],[-118.3350375,33.8918656],[-118.3339124,33.8942309],[-118.3320291,33.8968087],[-118.3266922,33.9015605],[-118.3266845,33.901276],[-118.3318199,33.8967605],[-118.3337176,33.894161],[-118.3348341,33.8917195],[-118.3347048,33.8855378],[-118.331017,33.8812323],[-118.3295203,33.8806006],[-118.3223343,33.8788366],[-118.3139366,33.8772955],[-118.3123668,33.8760938],[-118.3111194,33.8722558],[-118.3099944,33.8714109],[-118.2911484,33.8712526],[-118.2897891,33.8708626],[-118.2892441,33.8702809],[-118.2865928,33.8634968],[-118.2840864,33.8620965],[-118.2779663,33.8542826],[-118.2693987,33.8475185],[-118.2507785,33.8284172],[-118.2440069,33.8252727],[-118.2416973,33.8235934],[-118.2407343,33.8196909],[-118.239023,33.8164454],[-118.2382569,33.8160833],[-118.2335885,33.8159504],[-118.2309041,33.8151505],[-118.2298226,33.8142876],[-118.2293076,33.8132749],[-118.227179,33.8038041],[-118.2288852,33.7947625],[-118.2299186,33.7924315],[-118.2404934,33.7772782],[-118.2412716,33.7768271],[-118.2414123,33.7771219],[-118.2399893,33.7784964],[-118.2306102,33.7922316],[-118.2294172,33.7947973],[-118.2276882,33.8037042],[-118.2296939,33.8131822],[-118.230123,33.8140736],[-118.231771,33.8151219],[-118.233684,33.8155757],[-118.2382575,33.8157319],[-118.2393868,33.8161982],[-118.2413673,33.8200541],[-118.2418415,33.8229489],[-118.2423832,33.823673],[-118.2437252,33.8246388],[-118.2511042,33.8281779],[-118.2697266,33.8472464],[-118.278234,33.8540706],[-118.2843894,33.8618959],[-118.2869209,33.8632813],[-118.2896151,33.8700743],[-118.2904004,33.870879],[-118.3101227,33.8712499],[-118.3112567,33.8721097],[-118.312328,33.8756528],[-118.3139265,33.8770813],[-118.3222597,33.8786284],[-118.3299083,33.880499],[-118.3309684,33.8809529]]],"type":"Polygon"},"properties":{"kind":"water"},"type":"Feature"},{"geometry":{"coordinates":[[[-118.3912468,33.903722],[-118.3917747,33.9034228],[-118.3922467,33.9037629],[-118.3920515,33.9042082],[-118.3912318,33.9042651],[-118.3912468,33.903722]]],"type":"Polygon"},"properties":{"kind":"water"},"type":"Feature"},{"geometry":{"coordinates":[[[-118.3897063,33.907693],[-118.3904731,33.9083418],[-118.3903633,33.9086979],[-118.3889659,33.9083453],[-118.3897063,33.907693]]],"type":"Polygon"},"properties":{"kind":"water"},"type":"Feature"},{"geometry":{"coordinates":[[[-118.3972647,33.9142469],[-118.3967497,33.9138124],[-118.3967497,33.9126941],[-118.3973763,33.912224],[-118.3979771,33.9126229],[-118.3979942,33.9138124],[-118.3972647,33.9142469]]],"type":"Polygon"},"properties":{"kind":"water"},"type":"Feature"},{"geometry":{"coordinates":[[[-118.3401807,33.9492951],[-118.3398898,33.9506895],[-118.3392254,33.9509809],[-118.3371306,33.9504616],[-118.3390222,33.949859],[-118.3397306,33.9491386],[-118.3401807,33.9492951]]],"type":"Polygon"},"properties":{"kind":"water"},"type":"Feature"},{"geometry":{"coordinates":[[[-118.3325913,34.1472761],[-118.3402283,34.1450454],[-118.3447958,34.1425311],[-118.346747,34.1420122],[-118.3532373,34.1429687],[-118.3710328,34.1435576],[-118.3710272,34.1438938],[-118.3535424,34.1433369],[-118.3480572,34.1423855],[-118.3458613,34.1425238],[-118.3406274,34.145373],[-118.3320343,34.1479041],[-118.3307657,34.1488159],[-118.3286308,34.1512715],[-118.3260927,34.1529643],[-118.3262513,34.153111],[-118.3050572,34.1569852],[-118.3004216,34.1570241],[-118.3030542,34.1574589],[-118.3042774,34.1580908],[-118.3050283,34.1590451],[-118.3051452,34.1606124],[-118.3049766,34.1594545],[-118.3043616,34.158381],[-118.3025676,34.1575272],[-118.292865,34.1564673],[-118.2826879,34.1566522],[-118.2813632,34.1564361],[-118.2796199,34.1552188],[-118.2790336,34.1535443],[-118.2782789,34.1533994],[-118.2777927,34.1470632],[-118.2722848,34.1277281],[-118.2702083,34.1223547],[-118.2667254,34.1158773],[-118.263025,34.1120289],[-118.2598459,34.110046],[-118.2550556,34.1087575],[-118.2486586,34.1090222],[-118.2456422,34.1081259],[-118.2434415,34.1067069],[-118.2419203,34.1044648],[-118.241733,34.0998555],[-118.2394604,34.0963279],[-118.23827,34.0952684],[-118.2367082,34.0945713],[-118.2331143,34.0940186],[-118.2315628,34.093379],[-118.2300282,34.0920695],[-118.228438,34.0900912],[-118.2272785,34.08506],[-118.2272453,34.0816507],[-118.2261014,34.0794858],[-118.2242802,34.0812085],[-118.2196829,34.0844284],[-118.2147629,34.0860831],[-118.2120757,34.0864344],[-118.2108308,34.0869147],[-118.2085044,34.0887652],[-118.2063357,34.0917821],[-118.2060027,34.0916953],[-118.2078024,34.0890997],[-118.2107321,34.0867474],[-118.2118958,34.0863062],[-118.2146703,34.0859581],[-118.219204,34.0843869],[-118.2215162,34.0829504],[-118.2259893,34.0793055],[-118.2242212,34.0706414],[-118.2240945,34.0678479],[-118.2265002,34.0616871],[-118.2260464,34.0559448],[-118.2284261,34.0527652],[-118.22972,34.047638],[-118.2223165,34.0153387],[-118.2214986,34.0133682],[-118.2200171,34.0114302],[-118.2181752,34.0099118],[-118.2146237,34.007904],[-118.2121942,34.0074265],[-118.2046096,34.0076195],[-118.201606,34.0069135],[-118.1760172,33.991777],[-118.1730925,33.9893114],[-118.1701075,33.9850807],[-118.168795,33.9813534],[-118.1685213,33.9777273],[-118.1752984,33.9326549],[-118.1772966,33.9138251],[-118.1777515,33.9117309],[-118.1799049,33.905671],[-118.181213,33.9040205],[-118.1838958,33.9016187],[-118.1852173,33.8997041],[-118.1883475,33.8804029],[-118.1902301,33.8725563],[-118.2011011,33.8548966],[-118.2023199,33.8513968],[-118.2032812,33.8391569],[-118.2050028,33.8246096],[-118.2047129,33.7763491],[-118.2061892,33.7771838],[-118.2063196,33.8025553],[-118.2059505,33.8071982],[-118.2060474,33.8224081],[-118.203307,33.851518],[-118.2027147,33.8536635],[-118.2017191,33.8557306],[-118.1912944,33.8725207],[-118.1892657,33.8809129],[-118.1861467,33.8998162],[-118.1851382,33.9015695],[-118.1807393,33.9060845],[-118.1785068,33.9126854],[-118.1744784,33.9445593],[-118.1698144,33.9760143],[-118.169679,33.9796672],[-118.1706462,33.9840056],[-118.1731781,33.9878445],[-118.1766707,33.9910688],[-118.2019535,34.0059815],[-118.2043815,34.0066609],[-118.2121279,34.0066375],[-118.2149977,34.0071325],[-118.2172901,34.0080526],[-118.2199753,34.0101947],[-118.2217532,34.012286],[-118.2233494,34.0157452],[-118.2305314,34.0477776],[-118.2292828,34.0524794],[-118.2269486,34.0556749],[-118.2267439,34.0566918],[-118.2272978,34.0616204],[-118.2250231,34.0670757],[-118.2247658,34.0683363],[-118.2267203,34.0794727],[-118.2277567,34.0814898],[-118.2294373,34.0894726],[-118.2310834,34.0916868],[-118.2325343,34.0927467],[-118.2381837,34.0941426],[-118.2404066,34.0958244],[-118.24278,34.0994438],[-118.2429753,34.104294],[-118.2436777,34.1054569],[-118.2451605,34.1067832],[-118.2466912,34.1075187],[-118.2493042,34.108161],[-118.255765,34.1080073],[-118.2597689,34.1091519],[-118.2625141,34.1105827],[-118.2642325,34.1119159],[-118.2676102,34.1154898],[-118.2690093,34.1176677],[-118.2729961,34.1268403],[-118.2786193,34.1463973],[-118.2798083,34.1537972],[-118.280479,34.1549979],[-118.2824868,34.1558135],[-118.2924007,34.1556478],[-118.3017761,34.1568214],[-118.3048929,34.1567162],[-118.3249533,34.1530176],[-118.3276818,34.1516307],[-118.3306559,34.1483965],[-118.3325913,34.1472761]]],"type":"Polygon"},"properties":{"kind":"water"},"type":"Feature"},{"geometry":{"coordinates":[[[-118.3259108,33.9020515],[-118.3261954,33.9020544],[-118.3259053,33.9027349],[-118.3256871,33.9163339],[-118.3256661,33.9092688],[-118.3251096,33.9094569],[-118.3179921,33.9094526],[-118.3252793,33.9093516],[-118.3256693,33.9091226],[-118.3259108,33.9020515]]],"type":"Polygon"},"properties":{"kind":"water"},"type":"Feature"},{"geometry":{"coordinates":[[[-118.2742672,34.138806],[-118.2738964,34.1385341],[-118.2741336,34.1382485],[-118.2739309,34.1375459],[-118.274417,34.1371842],[-118.2746842,34.137516],[-118.2743594,34.138002],[-118.2746934,34.1384996],[-118.2742672,34.138806]]],"type":"Polygon"},"properties":{"kind":"water"},"type":"Feature"},{"geometry":{"coordinates":[[[-118.0980505,33.8007725],[-118.096909,33.8014928],[-118.0961623,33.8010435],[-118.0968575,33.8007725],[-118.0973553,33.8001377],[-118.0980849,33.7999665],[-118.0980505,33.8007725]]],"type":"Polygon"},"properties":{"kind":"water"},"type":"Feature"},{"geometry":{"coordinates":[[[-118.1515446,33.8320092],[-118.1516676,33.8314497],[-118.1523608,33.8313822],[-118.1522573,33.8308723],[-118.1534254,33.8300215],[-118.1527652,33.8314051],[-118.1520394,33.8320405],[-118.1515446,33.8320092]]],"type":"Polygon"},"properties":{"kind":"water"},"type":"Feature"},{"geometry":{"coordinates":[[[-118.2054032,33.8335481],[-118.2059443,33.8299234],[-118.2062987,33.8299576],[-118.2063133,33.8355436],[-118.2054032,33.8335481]]],"type":"Polygon"},"properties":{"kind":"water"},"type":"Feature"},{"geometry":{"coordinates":[[[-118.1476383,33.8345898],[-118.1481868,33.8345403],[-118.1480031,33.8341342],[-118.1484077,33.8336745],[-118.1499911,33.8336023],[-118.1510682,33.8330931],[-118.15219,33.8329343],[-118.1497429,33.8340785],[-118.1489884,33.834062],[-118.1493111,33.8345197],[-118.14912,33.8352557],[-118.1476234,33.835769],[-118.146993,33.8356267],[-118.1469434,33.8359916],[-118.1463549,33.8360659],[-118.1462685,33.8353219],[-118.1475216,33.834262],[-118.1476383,33.8345898]]],"type":"Polygon"},"properties":{"kind":"water"},"type":"Feature"},{"geometry":{"coordinates":[[[-118.211048,33.8520338],[-118.2120189,33.8544907],[-118.2118043,33.8548182],[-118.2096452,33.8533191],[-118.211048,33.8520338]]],"type":"Polygon"},"properties":{"kind":"water"},"type":"Feature"},{"geometry":{"coordinates":[[[-118.2234813,33.8639434],[-118.2222443,33.8638505],[-118.2225777,33.8625084],[-118.2229035,33.8630347],[-118.2234889,33.8631129],[-118.2234813,33.8639434]]],"type":"Polygon"},"properties":{"kind":"water"},"type":"Feature"},{"geometry":{"coordinates":[[[-118.2315322,34.0800317],[-118.231394,34.0803194],[-118.2309724,34.0802946],[-118.2294094,34.0794148],[-118.2290579,34.0787114],[-118.2299782,34.0780512],[-118.2315322,34.0800317]]],"type":"Polygon"},"properties":{"kind":"water"},"type":"Feature"},{"geometry":{"coordinates":[[[-118.2648402,34.103809],[-118.2641415,34.1023832],[-118.266208,34.1023756],[-118.2662195,34.1038537],[-118.2648402,34.103809]]],"type":"Polygon"},"properties":{"kind":"water"},"type":"Feature"},{"geometry":{"coordinates":[[[-117.7910791,33.7162018],[-117.7948889,33.7140895],[-117.7991415,33.7098676],[-117.8015086,33.7078504],[-117.8039306,33.7049162],[-117.8098736,33.6999897],[-117.8239916,33.6907395],[-117.8344094,33.6801366],[-117.8352081,33.6784744],[-117.8360614,33.6727177],[-117.8355266,33.6678985],[-117.8355291,33.6656971],[-117.8358618,33.664558],[-117.8377145,33.6621558],[-117.8458773,33.6545053],[-117.8490783,33.6524889],[-117.8521561,33.6514796],[-117.8609841,33.6511529],[-117.8637482,33.6513307],[-117.8636807,33.650977],[-117.8645572,33.6511715],[-117.867033,33.6504384],[-117.867146,33.6511133],[-117.8647457,33.651506],[-117.8524046,33.6517527],[-117.8497522,33.6525444],[-117.8466966,33.6542439],[-117.8381587,33.6626539],[-117.8366378,33.6646673],[-117.8360569,33.667038],[-117.8362858,33.6728871],[-117.8358732,33.677805],[-117.8354576,33.6792486],[-117.8346757,33.6804301],[-117.8241292,33.690989],[-117.8097625,33.7004812],[-117.8032137,33.705931],[-117.801316,33.7087438],[-117.8016709,33.707908],[-117.7949511,33.7143563],[-117.7910791,33.7162018]]],"type":"Polygon"},"properties":{"kind":"water"},"type":"Feature"},{"geometry":{"coordinates":[[[-117.8640459,33.6989055],[-117.8641504,33.6980945],[-117.8639382,33.6970926],[-117.8647614,33.6976754],[-117.8645046,33.6989193],[-117.8640459,33.6989055]]],"type":"Polygon"},"properties":{"kind":"water"},"type":"Feature"},{"geometry":{"coordinates":[[[-118.0462238,33.782874],[-118.0456203,33.7815271],[-118.0461763,33.7815158],[-118.0465764,33.7821357],[-118.0461221,33.7822541],[-118.0467866,33.7826993],[-118.046373,33.7838546],[-118.0461153,33.783787],[-118.0462238,33.782874]]],"type":"Polygon"},"properties":{"kind":"water"},"type":"Feature"},{"geometry":{"coordinates":[[[-118.0453355,33.7852974],[-118.0452135,33.7857078],[-118.0448965,33.7857203],[-118.0439176,33.7841757],[-118.0433917,33.7843969],[-118.0434253,33.7849436],[-118.0431897,33.784995],[-118.0432335,33.7843731],[-118.0436105,33.7838362],[-118.0446595,33.7839366],[-118.0444395,33.7846899],[-118.0448028,33.7852385],[-118.0453355,33.7852974]]],"type":"Polygon"},"properties":{"kind":"water"},"type":"Feature"},{"geometry":{"coordinates":[[[-118.0448072,33.789615],[-118.0439101,33.7901818],[-118.0442873,33.789505],[-118.0440543,33.7888142],[-118.044282,33.7885464],[-118.0446462,33.7887304],[-118.0448072,33.789615]]],"type":"Polygon"},"properties":{"kind":"water"},"type":"Feature"},{"geometry":{"coordinates":[[[-118.0839723,33.800705],[-118.0864452,33.7977539],[-118.0899484,33.7888764],[-118.0908979,33.7877294],[-118.0913398,33.787751],[-118.0883256,33.793405],[-118.08821,33.7950256],[-118.0878219,33.7954423],[-118.0877428,33.7962658],[-118.0842101,33.8024214],[-118.0839723,33.800705]]],"type":"Polygon"},"properties":{"kind":"water"},"type":"Feature"},{"geometry":{"coordinates":[[[-118.0423678,33.808207],[-118.0432897,33.8089191],[-118.0432837,33.8092997],[-118.0419018,33.8090324],[-118.0417996,33.8084356],[-118.0423678,33.808207]]],"type":"Polygon"},"properties":{"kind":"water"},"type":"Feature"},{"geometry":{"coordinates":[[[-118.046606,33.8089586],[-118.0474924,33.8083626],[-118.0483823,33.8085966],[-118.0467425,33.8092925],[-118.046606,33.8089586]]],"type":"Polygon"},"properties":{"kind":"water"},"type":"Feature"},{"geometry":{"coordinates":[[[-118.0449548,33.8093447],[-118.0446825,33.8087584],[-118.0444032,33.8087871],[-118.0446795,33.8091899],[-118.0440609,33.8092734],[-118.0434999,33.8091164],[-118.0434043,33.8087311],[-118.0448391,33.8084332],[-118.0453393,33.809156],[-118.0449548,33.8093447]]],"type":"Polygon"},"properties":{"kind":"water"},"type":"Feature"},{"geometry":{"coordinates":[[[-118.0846367,33.8128065],[-118.0854521,33.8127138],[-118.0855036,33.8129777],[-118.0842419,33.8131417],[-118.0841132,33.8122289],[-118.0851861,33.8118509],[-118.0845252,33.8125142],[-118.0846367,33.8128065]]],"type":"Polygon"},"properties":{"kind":"water"},"type":"Feature"},{"geometry":{"coordinates":[[[-118.0855962,33.8153532],[-118.0857364,33.8162516],[-118.086624,33.8165823],[-118.0864976,33.8170369],[-118.0856685,33.8171739],[-118.0844908,33.8163793],[-118.0844908,33.8160512],[-118.0850144,33.8157018],[-118.084817,33.8149816],[-118.0859702,33.8148329],[-118.0855962,33.8153532]]],"type":"Polygon"},"properties":{"kind":"water"},"type":"Feature"},{"geometry":{"coordinates":[[[-118.0901929,33.7963082],[-118.0913688,33.8184441],[-118.0937893,33.8348559],[-118.0955276,33.8396051],[-118.0966776,33.8418126],[-118.0964513,33.8418934],[-118.094588,33.8380117],[-118.0935471,33.8349013],[-118.0910126,33.8177479],[-118.0899236,33.7963414],[-118.0907396,33.7919965],[-118.0913955,33.7907372],[-118.0920937,33.7909693],[-118.090555,33.7942072],[-118.0901929,33.7963082]]],"type":"Polygon"},"properties":{"kind":"water"},"type":"Feature"},{"geometry":{"coordinates":[[[-118.0591571,33.8183588],[-118.0565547,33.8184535],[-118.0565165,33.8180073],[-118.056835,33.8177583],[-118.0590626,33.8177649],[-118.0591571,33.8183588]]],"type":"Polygon"},"properties":{"kind":"water"},"type":"Feature"},{"geometry":{"coordinates":[[[-118.0850147,33.8187141],[-118.0851561,33.8203111],[-118.0860959,33.8203369],[-118.0862933,33.8207219],[-118.0850659,33.8215491],[-118.0851861,33.8225331],[-118.0847065,33.8230269],[-118.0840445,33.8225402],[-118.0841389,33.8214065],[-118.0831862,33.8206506],[-118.0831604,33.8192102],[-118.0836668,33.8188751],[-118.0847226,33.8192601],[-118.0850147,33.8187141]]],"type":"Polygon"},"properties":{"kind":"water"},"type":"Feature"},{"geometry":{"coordinates":[[[-118.084088,33.8247243],[-118.0841996,33.8243052],[-118.0853092,33.8236381],[-118.0857298,33.8239875],[-118.0854908,33.8245835],[-118.0859597,33.8249524],[-118.0854036,33.8249715],[-118.0857727,33.8254207],[-118.0859873,33.8249857],[-118.0861418,33.8256132],[-118.0853435,33.825656],[-118.084088,33.8247243]]],"type":"Polygon"},"properties":{"kind":"water"},"type":"Feature"},{"geometry":{"coordinates":[[[-121.4820879,38.6055475],[-121.4819087,38.6045811],[-121.4797735,38.6028677],[-121.4800982,38.602256],[-121.4818329,38.6024364],[-121.4876041,38.6041399],[-121.489927,38.6041289],[-121.4901669,38.6049314],[-121.4896032,38.6063804],[-121.4852571,38.6061127],[-121.4820879,38.6055475]]],"type":"Polygon"},"properties":{"kind":"water"},"type":"Feature"},{"geometry":{"coordinates":[[[-121.5131227,38.6280981],[-121.5094069,38.6302098],[-121.5085147,38.6310423],[-121.5078261,38.6306062],[-121.5131227,38.6280981]]],"type":"Polygon"},"properties":{"kind":"water"},"type":"Feature"},{"geometry":{"coordinates":[[[-121.5384761,38.6481863],[-121.5378753,38.6481729],[-121.5377551,38.6476969],[-121.5372402,38.6475025],[-121.5367509,38.6481796],[-121.5359613,38.6482064],[-121.5358669,38.6474757],[-121.5353176,38.6472277],[-121.5348798,38.647536],[-121.5349142,38.6481528],[-121.5338584,38.6481997],[-121.5338241,38.6477036],[-121.534279,38.6472344],[-121.5341159,38.6468724],[-121.5335409,38.6467786],[-121.5323032,38.6473537],[-121.5321162,38.6470832],[-121.5331375,38.6464367],[-121.5323993,38.6452502],[-121.5329315,38.6448345],[-121.5334722,38.6448479],[-121.5334293,38.6455116],[-121.5339872,38.6456926],[-121.5345279,38.6448613],[-121.5349828,38.6451764],[-121.5357787,38.6450889],[-121.5357553,38.6453909],[-121.5345622,38.6460412],[-121.5346223,38.646497],[-121.5351545,38.6466512],[-121.535721,38.6463026],[-121.5375663,38.6469663],[-121.5384933,38.6465506],[-121.5385314,38.6473379],[-121.538853,38.6475818],[-121.5385345,38.6475772],[-121.5384761,38.6481863]]],"type":"Polygon"},"properties":{"kind":"water"},"type":"Feature"},{"geometry":{"coordinates":[[[-121.5053502,38.6508305],[-121.5062821,38.6507212],[-121.506443,38.6512315],[-121.5053004,38.6519581],[-121.5053502,38.6508305]]],"type":"Polygon"},"properties":{"kind":"water"},"type":"Feature"},{"geometry":{"coordinates":[[[-121.5188068,38.6520585],[-121.5179753,38.6523853],[-121.517412,38.65156],[-121.5180075,38.6511913],[-121.5186834,38.6512164],[-121.5188068,38.6520585]]],"type":"Polygon"},"properties":{"kind":"water"},"type":"Feature"},{"geometry":{"coordinates":[[[-121.5098928,38.6522522],[-121.5077811,38.6528395],[-121.5077297,38.6521216],[-121.5082819,38.6516769],[-121.5082738,38.6507371],[-121.5089062,38.6507045],[-121.5098928,38.6522522]]],"type":"Polygon"},"properties":{"kind":"water"},"type":"Feature"},{"geometry":{"coordinates":[[[-121.5060591,38.6678274],[-121.5054399,38.6678321],[-121.5044882,38.6678203],[-121.5046889,38.6674719],[-121.5062606,38.6674929],[-121.5060591,38.6678274]]],"type":"Polygon"},"properties":{"kind":"water"},"type":"Feature"},{"geometry":{"coordinates":[[[-121.5060222,38.6745126],[-121.5047424,38.6745611],[-121.5045515,38.6738024],[-121.5053426,38.6741313],[-121.5062805,38.6737998],[-121.5060222,38.6745126]]],"type":"Polygon"},"properties":{"kind":"water"},"type":"Feature"},{"geometry":{"coordinates":[[[-121.4836763,38.6779988],[-121.482128,38.6773178],[-121.4799608,38.6776585],[-121.4790444,38.6775125],[-121.4788901,38.6761861],[-121.4793128,38.6753953],[-121.4785837,38.6745615],[-121.4784853,38.6732914],[-121.4797047,38.6730623],[-121.4829842,38.6744506],[-121.4828737,38.6753233],[-121.4818989,38.6759065],[-121.4819834,38.6764768],[-121.4835064,38.6768153],[-121.4839631,38.6777239],[-121.4836763,38.6779988]]],"type":"Polygon"},"properties":{"kind":"water"},"type":"Feature"},{"geometry":{"coordinates":[[[-121.4256973,38.5926895],[-121.4255793,38.5916413],[-121.4244313,38.5916161],[-121.4242489,38.5910543],[-121.4250965,38.5906602],[-121.4249141,38.5902492],[-121.4251609,38.5895113],[-121.4255579,38.58957],[-121.4256437,38.5901822],[-121.4263196,38.5893855],[-121.4266522,38.5897377],[-121.4261372,38.5907776],[-121.4264269,38.5926392],[-121.4256973,38.5926895]]],"type":"Polygon"},"properties":{"kind":"water"},"type":"Feature"},{"geometry":{"coordinates":[[[-121.4247746,38.5922283],[-121.4253755,38.592547],[-121.425236,38.593243],[-121.4246674,38.5934274],[-121.4247746,38.5922283]]],"type":"Polygon"},"properties":{"kind":"water"},"type":"Feature"},{"geometry":{"coordinates":[[[-121.4494091,38.5955948],[-121.4469546,38.5948394],[-121.4458292,38.5940659],[-121.4463097,38.5938331],[-121.4468356,38.5940157],[-121.4477838,38.5950021],[-121.4494091,38.5955948]]],"type":"Polygon"},"properties":{"kind":"water"},"type":"Feature"},{"geometry":{"coordinates":[[[-121.4100397,38.6303355],[-121.4092403,38.6302481],[-121.4103647,38.6293921],[-121.4105166,38.6298437],[-121.4100397,38.6303355]]],"type":"Polygon"},"properties":{"kind":"water"},"type":"Feature"},{"geometry":{"coordinates":[[[-121.4444431,38.6707872],[-121.4448894,38.6707671],[-121.4450524,38.6711357],[-121.4442113,38.6760676],[-121.4435933,38.6764227],[-121.4431213,38.6758063],[-121.4444431,38.6707872]]],"type":"Polygon"},"properties":{"kind":"water"},"type":"Feature"},{"geometry":{"coordinates":[[[-121.3880648,38.622824],[-121.3878839,38.6225096],[-121.3886081,38.6222784],[-121.3898497,38.6224829],[-121.3895044,38.6230764],[-121.3880648,38.622824]]],"type":"Polygon"},"properties":{"kind":"water"},"type":"Feature"},{"geometry":{"coordinates":[[[-121.285295,38.6247903],[-121.2853036,38.6252329],[-121.2830548,38.6247299],[-121.283484,38.6241063],[-121.2847629,38.6244416],[-121.2857156,38.6249378],[-121.285295,38.6247903]]],"type":"Polygon"},"properties":{"kind":"water"},"type":"Feature"},{"geometry":{"coordinates":[[[-121.2852779,38.625776],[-121.2828145,38.6254743],[-121.2829175,38.6252664],[-121.2838359,38.6251591],[-121.2852779,38.625776]]],"type":"Polygon"},"properties":{"kind":"water"},"type":"Feature"}],"type":"FeatureCollection"}
