{"features":[{"geometry":{"coordinates":[[[-74.1769182,40.5954024],[-74.1764477,40.5931722],[-74.1757742,40.5927682],[-74.1754566,40.5932179],[-74.1754995,40.5921686],[-74.175079,40.5918753],[-74.1754395,40.5919404],[-74.1757141,40.5925466],[-74.1763149,40.5926769],[-74.1773473,40.5937339],[-74.1780315,40.5936546],[-74.1778427,40.5927877],[-74.1781175,40.593744],[-74.1795103,40.5932907],[-74.1798794,40.5928997],[-74.1794077,40.5925644],[-74.1799631,40.592614],[-74.1801679,40.591915],[-74.1799887,40.5905914],[-74.1791046,40.5897115],[-74.1785381,40.5881668],[-74.1797935,40.5871118],[-74.1790811,40.5868902],[-74.1790188,40.5864981],[-74.1812534,40.5857606],[-74.1813471,40.5852476],[-74.181266,40.5847337],[-74.1787012,40.582372],[-74.1779911,40.5807824],[-74.1782743,40.5795439],[-74.1803517,40.5771714],[-74.1817508,40.5767477],[-74.1850467,40.5768129],[-74.1865439,40.5780245],[-74.1816907,40.5780982],[-74.1808536,40.5785095],[-74.180017,40.5797138],[-74.1802487,40.5808937],[-74.181725,40.5824778],[-74.1832442,40.5850461],[-74.1828408,40.586278],[-74.1802118,40.5883207],[-74.1803943,40.5891846],[-74.1811325,40.5901818],[-74.1814758,40.5917656],[-74.1806537,40.5934587],[-74.1800089,40.5938943],[-74.1803862,40.5943828],[-74.1798712,40.5940178],[-74.1793562,40.5947217],[-74.1792911,40.5942932],[-74.1772529,40.5944965],[-74.1774515,40.5956096],[-74.1781844,40.5953281],[-74.177472,40.5960441],[-74.1783733,40.5958756],[-74.1779747,40.5962162],[-74.1782729,40.5964545],[-74.1770705,40.5963655],[-74.1768913,40.5972483],[-74.1759186,40.5977115],[-74.1758381,40.598238],[-74.1752449,40.5987168],[-74.1749597,40.5994835],[-74.1734672,40.5992864],[-74.1732541,40.599882],[-74.1728112,40.600198],[-74.173235,40.6002879],[-74.1732404,40.6005481],[-74.1729904,40.6006579],[-74.172585,40.6006032],[-74.1729878,40.6008034],[-74.1729356,40.6010237],[-74.172353,40.6011839],[-74.1726628,40.6012301],[-74.1728671,40.6015858],[-74.1716671,40.602199],[-74.1727595,40.6015561],[-74.1722671,40.60115],[-74.172886,40.6009234],[-74.1725029,40.6005599],[-74.1731539,40.6005105],[-74.1727075,40.6002215],[-74.173354,40.5992703],[-74.174923,40.5993463],[-74.1751591,40.5985734],[-74.1756651,40.5982243],[-74.1756158,40.5976607],[-74.1752381,40.5972847],[-74.1745367,40.5975338],[-74.1745125,40.5973238],[-74.176411,40.5969724],[-74.1769354,40.5957413],[-74.1765708,40.5956475],[-74.1769182,40.5954024]],[[-74.1758157,40.5974893],[-74.1764341,40.59713],[-74.1757143,40.5974084],[-74.1758157,40.5974893]]],"type":"Polygon"},"properties":{"kind":"water"},"type":"Feature"},{"geometry":{"coordinates":[[[-74.1608707,40.6022424],[-74.1616082,40.6005725],[-74.1618439,40.6004764],[-74.1619922,40.6017586],[-74.1611443,40.6025829],[-74.1608707,40.6022424]]],"type":"Polygon"},"properties":{"kind":"water"},"type":"Feature"},{"geometry":{"coordinates":[[[-74.1571003,40.6065715],[-74.1581486,40.604295],[-74.1587301,40.6042829],[-74.1588236,40.604824],[-74.1579478,40.6066914],[-74.1577192,40.6068882],[-74.1571003,40.6065715]]],"type":"Polygon"},"properties":{"kind":"water"},"type":"Feature"},{"geometry":{"coordinates":[[[-74.1967742,40.6101033],[-74.1957159,40.6092704],[-74.1949479,40.6094182],[-74.1954328,40.6099421],[-74.1950187,40.6102215],[-74.1943781,40.6103559],[-74.1951674,40.6100711],[-74.1947958,40.6093913],[-74.1934509,40.6094262],[-74.1932491,40.6101436],[-74.1933411,40.6095767],[-74.1927183,40.6094289],[-74.1927926,40.60966],[-74.1925271,40.609566],[-74.192697,40.609308],[-74.1931182,40.6093618],[-74.1927624,40.6089415],[-74.1924969,40.6090962],[-74.1927597,40.60886],[-74.1926012,40.608334],[-74.1917202,40.6083064],[-74.1915808,40.6085325],[-74.1917967,40.6085752],[-74.193291,40.6129853],[-74.191486,40.6085318],[-74.1916079,40.608325],[-74.188024,40.6081877],[-74.1881408,40.6090138],[-74.1877999,40.6094215],[-74.1873329,40.6094427],[-74.1876177,40.6095845],[-74.1874543,40.6100419],[-74.1874823,40.6095952],[-74.1871974,40.6096519],[-74.1872581,40.6093718],[-74.187585,40.6093399],[-74.1868655,40.6087448],[-74.1864876,40.6092158],[-74.186609,40.6096732],[-74.1863615,40.6092655],[-74.1864829,40.6090244],[-74.1859505,40.6088649],[-74.185605,40.6088932],[-74.1859319,40.6095456],[-74.1854882,40.6098434],[-74.1839658,40.6098292],[-74.1856843,40.6095314],[-74.1853528,40.6088684],[-74.185633,40.6087018],[-74.1865903,40.6088471],[-74.186567,40.6083189],[-74.1871937,40.6079378],[-74.1865296,40.6075779],[-74.1851987,40.6084075],[-74.1844141,40.608326],[-74.1840592,40.6086947],[-74.184232,40.6083721],[-74.1840078,40.6083331],[-74.1843581,40.6082941],[-74.1841899,40.6080352],[-74.1849278,40.6083508],[-74.1856703,40.6079572],[-74.1852407,40.6072553],[-74.185661,40.6070425],[-74.184431,40.6064421],[-74.1850352,40.6066844],[-74.1858385,40.6063973],[-74.1857077,40.6067518],[-74.1852547,40.6066348],[-74.1858992,40.6069787],[-74.1855863,40.6072836],[-74.1859692,40.6074467],[-74.1857918,40.6076452],[-74.1867865,40.6072304],[-74.1873235,40.6063334],[-74.1863241,40.6060604],[-74.1866183,40.6058867],[-74.1860253,40.6054187],[-74.1863335,40.605011],[-74.186128,40.6054648],[-74.1868472,40.6058583],[-74.1877111,40.6053301],[-74.1874543,40.6049365],[-74.1885984,40.6056563],[-74.1878325,40.6054045],[-74.1869826,40.6059257],[-74.187599,40.6062448],[-74.1877952,40.6069716],[-74.1875897,40.606493],[-74.1869601,40.607285],[-74.1880103,40.6075151],[-74.1868899,40.6073752],[-74.187362,40.6078863],[-74.1867344,40.608432],[-74.1877965,40.6091121],[-74.1880218,40.6088759],[-74.1878617,40.6080453],[-74.1890646,40.6081361],[-74.1891424,40.6075558],[-74.1892658,40.6080893],[-74.1929423,40.6080927],[-74.1955858,40.6068623],[-74.1958384,40.6073302],[-74.1956844,40.6078588],[-74.1956104,40.6072787],[-74.1948833,40.6074284],[-74.19301,40.608495],[-74.1932319,40.6090938],[-74.1965533,40.609178],[-74.1974101,40.6097922],[-74.1969089,40.610327],[-74.1960593,40.610595],[-74.1967742,40.6101033]]],"type":"Polygon"},"properties":{"kind":"water"},"type":"Feature"},{"geometry":{"coordinates":[[[-74.1827747,40.6166645],[-74.1823161,40.6167948],[-74.181101,40.6161229],[-74.1813102,40.6159295],[-74.1825628,40.6163122],[-74.1827747,40.6166645]]],"type":"Polygon"},"properties":{"kind":"water"},"type":"Feature"},{"geometry":{"coordinates":[[[-74.1837368,40.6166491],[-74.1845289,40.6168212],[-74.1840005,40.6176458],[-74.1833568,40.617257],[-74.1837368,40.6166491]]],"type":"Polygon"},"properties":{"kind":"water"},"type":"Feature"},{"geometry":{"coordinates":[[[-74.168169,40.6191767],[-74.169199,40.6191279],[-74.1694994,40.6196654],[-74.1690702,40.6201703],[-74.1682548,40.620154],[-74.1680208,40.6198259],[-74.168169,40.6191767]]],"type":"Polygon"},"properties":{"kind":"water"},"type":"Feature"},{"geometry":{"coordinates":[[[-74.121751,40.6256086],[-74.120174,40.6249294],[-74.1199481,40.6240966],[-74.1201599,40.6239038],[-74.1199081,40.6237815],[-74.1198475,40.6236154],[-74.1201993,40.6237931],[-74.1203131,40.6235195],[-74.1219211,40.625781],[-74.1225635,40.6273581],[-74.121751,40.6256086]]],"type":"Polygon"},"properties":{"kind":"water"},"type":"Feature"},{"geometry":{"coordinates":[[[-74.0977884,40.6271592],[-74.0971894,40.6282982],[-74.0956182,40.6284103],[-74.0959926,40.6293976],[-74.0951773,40.630224],[-74.0946112,40.6303362],[-74.0921612,40.6295671],[-74.0924302,40.6288388],[-74.0940444,40.6275366],[-74.094664,40.6261245],[-74.0960087,40.6242028],[-74.0965405,40.623896],[-74.0975125,40.6240355],[-74.0986418,40.625713],[-74.0986437,40.6264137],[-74.0977884,40.6271592]]],"type":"Polygon"},"properties":{"kind":"water"},"type":"Feature"},{"geometry":{"coordinates":[[[-74.0350672,40.643037],[-74.0339362,40.6423726],[-74.0348174,40.6415292],[-74.0359379,40.6422009],[-74.0350672,40.643037]]],"type":"Polygon"},"properties":{"kind":"water"},"type":"Feature"},{"geometry":{"coordinates":[[[-73.9979509,40.6539178],[-73.9978296,40.6533995],[-73.99824,40.6531172],[-73.9990794,40.6534774],[-73.9993969,40.6540697],[-73.9991299,40.6543137],[-73.9979509,40.6539178]]],"type":"Polygon"},"properties":{"kind":"water"},"type":"Feature"},{"geometry":{"coordinates":[[[-73.9685043,40.6590737],[-73.9672615,40.6597946],[-73.9671408,40.6602092],[-73.9666178,40.6598728],[-73.9664056,40.6606795],[-73.9658624,40.6607127],[-73.966263,40.661697],[-73.9654776,40.6611697],[-73.9654974,40.6606575],[-73.9661015,40.6604238],[-73.9661199,40.6598142],[-73.968094,40.6590328],[-73.9682775,40.6581105],[-73.9685043,40.6590737]]],"type":"Polygon"},"properties":{"kind":"water"},"type":"Feature"},{"geometry":{"coordinates":[[[-73.9683592,40.6618725],[-73.9674822,40.662079],[-73.9672559,40.6621423],[-73.966909,40.662164],[-73.966696,40.6620389],[-73.9681313,40.6617453],[-73.968397,40.6618556],[-73.9689557,40.6622417],[-73.9691928,40.6625757],[-73.9691968,40.6629072],[-73.9689299,40.6637715],[-73.9690376,40.6639073],[-73.9689681,40.6640697],[-73.9691563,40.6642378],[-73.969488,40.6640688],[-73.9704201,40.6642038],[-73.9704483,40.6639999],[-73.9708415,40.6638074],[-73.9704846,40.6633127],[-73.9712946,40.6633422],[-73.9718704,40.662921],[-73.9717999,40.6632123],[-73.9703718,40.6642535],[-73.9691147,40.6642461],[-73.9689519,40.6641067],[-73.968888,40.6638127],[-73.969137,40.6625422],[-73.9683592,40.6618725]]],"type":"Polygon"},"properties":{"kind":"water"},"type":"Feature"},{"geometry":{"coordinates":[[[-73.9626995,40.6691914],[-73.9626925,40.6683925],[-73.9631515,40.6680958],[-73.9639431,40.6683203],[-73.963059,40.6685074],[-73.9630222,40.6687478],[-73.9632653,40.6687071],[-73.9632883,40.668887],[-73.9626995,40.6691914]]],"type":"Polygon"},"properties":{"kind":"water"},"type":"Feature"},{"geometry":{"coordinates":[[[-73.8869853,40.6903566],[-73.8855586,40.6889424],[-73.8855605,40.6883412],[-73.8865088,40.6881005],[-73.887366,40.6901911],[-73.8869853,40.6903566]]],"type":"Polygon"},"properties":{"kind":"water"},"type":"Feature"},{"geometry":{"coordinates":[[[-73.9753994,40.6995615],[-73.9758185,40.6997512],[-73.9748393,40.7012194],[-73.9743748,40.7011163],[-73.9753994,40.6995615]]],"type":"Polygon"},"properties":{"kind":"water"},"type":"Feature"},{"geometry":{"coordinates":[[[-73.9721273,40.7027426],[-73.9694781,40.7004858],[-73.9698278,40.7002491],[-73.9725347,40.7024636],[-73.9721273,40.7027426]]],"type":"Polygon"},"properties":{"kind":"water"},"type":"Feature"},{"geometry":{"coordinates":[[[-73.9786756,40.7027845],[-73.9777723,40.7026385],[-73.9779401,40.7020421],[-73.9788434,40.7021882],[-73.9786756,40.7027845]]],"type":"Polygon"},"properties":{"kind":"water"},"type":"Feature"},{"geometry":{"coordinates":[[[-73.9689991,40.7017344],[-73.9692439,40.7013759],[-73.9722657,40.7032423],[-73.971912,40.703574],[-73.9689991,40.7017344]]],"type":"Polygon"},"properties":{"kind":"water"},"type":"Feature"},{"geometry":{"coordinates":[[[-73.9774953,40.7038396],[-73.9778084,40.7027261],[-73.9786472,40.7028617],[-73.9783339,40.7039752],[-73.9774953,40.7038396]]],"type":"Polygon"},"properties":{"kind":"water"},"type":"Feature"},{"geometry":{"coordinates":[[[-73.9626653,40.7386412],[-73.9607426,40.7381246],[-73.9572727,40.7396076],[-73.9538285,40.739827],[-73.9471517,40.7379113],[-73.9426943,40.7391327],[-73.9410461,40.7404377],[-73.9396428,40.7427323],[-73.9401672,40.7428361],[-73.9400302,40.7432306],[-73.9385511,40.7429493],[-73.9386313,40.7425466],[-73.9391431,40.7426348],[-73.9411647,40.7394769],[-73.9459434,40.7375199],[-73.9415941,40.7358262],[-73.9400494,40.7337552],[-73.9391275,40.7314026],[-73.9380263,40.7304994],[-73.9345423,40.7291013],[-73.9293152,40.7282817],[-73.9247225,40.7244393],[-73.9203805,40.7237408],[-73.9206034,40.7232016],[-73.9218737,40.7235529],[-73.924543,40.7235529],[-73.925161,40.7222974],[-73.9242426,40.7212241],[-73.9238317,40.7201445],[-73.9239685,40.7191064],[-73.9234591,40.718122],[-73.9222452,40.7163794],[-73.9205739,40.7160478],[-73.9206506,40.7157652],[-73.9223109,40.71607],[-73.9234321,40.7156365],[-73.9241222,40.7151578],[-73.9237148,40.7141037],[-73.9243954,40.7141289],[-73.9248697,40.7152055],[-73.9243225,40.715856],[-73.9230655,40.7163479],[-73.923475,40.7171653],[-73.9246105,40.7179127],[-73.9286127,40.7169655],[-73.9289323,40.7166637],[-73.9284861,40.715552],[-73.9308574,40.7149088],[-73.9311094,40.7144299],[-73.9303885,40.7131077],[-73.9318542,40.7125544],[-73.931638,40.7120369],[-73.9307031,40.7121633],[-73.9315538,40.7118713],[-73.9301832,40.7087969],[-73.9305086,40.7086782],[-73.9319293,40.7113426],[-73.9332807,40.7109905],[-73.9333831,40.7112247],[-73.9320509,40.7115831],[-73.9327189,40.7130556],[-73.9312569,40.713721],[-73.931704,40.7147582],[-73.9321439,40.7146281],[-73.9322726,40.7149859],[-73.9295475,40.7157015],[-73.9293222,40.7159943],[-73.9297299,40.7170108],[-73.9289789,40.717767],[-73.928378,40.7175637],[-73.9248667,40.7184207],[-73.9245401,40.7195121],[-73.924852,40.7202419],[-73.9256503,40.7200467],[-73.9278046,40.7249189],[-73.9278819,40.72581],[-73.92862,40.7267402],[-73.9303138,40.7277712],[-73.934961,40.7285595],[-73.9380809,40.7297284],[-73.9397803,40.7310912],[-73.9417629,40.7349502],[-73.9445439,40.7362839],[-73.945042,40.7354241],[-73.9452767,40.7359216],[-73.9450018,40.7364216],[-73.9455745,40.7366106],[-73.9458561,40.7360984],[-73.9462692,40.7361696],[-73.946752,40.7353058],[-73.9465977,40.7344512],[-73.9470631,40.7344095],[-73.947209,40.7353603],[-73.9464744,40.7369081],[-73.9519376,40.7387443],[-73.9556005,40.7390557],[-73.9569287,40.738898],[-73.9591436,40.7375759],[-73.9620434,40.7344646],[-73.962978,40.738393],[-73.9626653,40.7386412]]],"type":"Polygon"},"properties":{"kind":"water"},"type":"Feature"},{"geometry":{"coordinates":[[[-73.7606561,40.6631519],[-73.7605633,40.6638005],[-73.7603177,40.6634624],[-73.7612837,40.6616657],[-73.7616706,40.6614102],[-73.7621849,40.6615518],[-73.7620438,40.6622561],[-73.7613839,40.6629294],[-73.7606561,40.6631519]]],"type":"Polygon"},"properties":{"kind":"water"},"type":"Feature"},{"geometry":{"coordinates":[[[-73.8085019,40.6641505],[-73.8070894,40.6638946],[-73.8076376,40.6625553],[-73.8094632,40.662886],[-73.8091849,40.6637703],[-73.8086545,40.6636743],[-73.8085019,40.6641505]]],"type":"Polygon"},"properties":{"kind":"water"},"type":"Feature"},{"geometry":{"coordinates":[[[-73.7852657,40.681067],[-73.7849814,40.6806684],[-73.7852711,40.6786343],[-73.7849921,40.6779915],[-73.7840855,40.6774138],[-73.782841,40.677845],[-73.7826962,40.67743],[-73.7838334,40.6768849],[-73.7840694,40.6763194],[-73.7846426,40.6762179],[-73.784766,40.6753346],[-73.7855876,40.6746391],[-73.7864298,40.6749361],[-73.7858963,40.6764782],[-73.7864566,40.6778572],[-73.786301,40.6788377],[-73.7868589,40.6799198],[-73.7862206,40.6809328],[-73.7852657,40.681067]]],"type":"Polygon"},"properties":{"kind":"water"},"type":"Feature"},{"geometry":{"coordinates":[[[-77.6122283,38.7607932],[-77.6121907,38.7601071],[-77.6128881,38.7597934],[-77.6131241,38.7603539],[-77.6122283,38.7607932]]],"type":"Polygon"},"properties":{"kind":"water"},"type":"Feature"},{"geometry":{"coordinates":[[[-77.6542986,38.7773812],[-77.6546496,38.7770731],[-77.6547979,38.7774712],[-77.6543365,38.778744],[-77.6541004,38.7785556],[-77.6542986,38.7773812]]],"type":"Polygon"},"properties":{"kind":"water"},"type":"Feature"},{"geometry":{"coordinates":[[[-77.6745054,38.7820398],[-77.6762529,38.7839111],[-77.6705245,38.7795303],[-77.6714524,38.7798457],[-77.6745054,38.7820398]]],"type":"Polygon"},"properties":{"kind":"water"},"type":"Feature"},{"geometry":{"coordinates":[[[-77.6472398,38.7844743],[-77.6462508,38.7836742],[-77.6452165,38.783952],[-77.6458517,38.7826941],[-77.6454826,38.781182],[-77.645141,38.780891],[-77.6463323,38.7800044],[-77.6466564,38.7791656],[-77.6469414,38.7800335],[-77.6464868,38.7803724],[-77.6463409,38.7814831],[-77.6468139,38.7820645],[-77.6463501,38.782286],[-77.6461156,38.7829084],[-77.647285,38.7839386],[-77.6472398,38.7844743]]],"type":"Polygon"},"properties":{"kind":"water"},"type":"Feature"},{"geometry":{"coordinates":[[[-77.6394058,38.7812288],[-77.6385045,38.7832762],[-77.6388908,38.7809612],[-77.6394058,38.7812288]]],"type":"Polygon"},"properties":{"kind":"water"},"type":"Feature"},{"geometry":{"coordinates":[[[-77.6335385,38.7839011],[-77.6346436,38.7818605],[-77.6351479,38.7824125],[-77.6335385,38.7839011]]],"type":"Polygon"},"properties":{"kind":"water"},"type":"Feature"},{"geometry":{"coordinates":[[[-77.6178165,38.785139],[-77.6182188,38.7846079],[-77.6188893,38.7850261],[-77.6189483,38.7855572],[-77.6178165,38.785139]]],"type":"Polygon"},"properties":{"kind":"water"},"type":"Feature"},{"geometry":{"coordinates":[[[-77.6213623,38.7852728],[-77.6226444,38.7847668],[-77.6229502,38.7852059],[-77.6214428,38.7858373],[-77.6216574,38.7854024],[-77.6213623,38.7852728]]],"type":"Polygon"},"properties":{"kind":"water"},"type":"Feature"},{"geometry":{"coordinates":[[[-77.6105601,38.7876178],[-77.6101793,38.7855441],[-77.6112525,38.785401],[-77.6115679,38.7866498],[-77.6128131,38.7880318],[-77.6127756,38.7884332],[-77.6105601,38.7876178]]],"type":"Polygon"},"properties":{"kind":"water"},"type":"Feature"},{"geometry":{"coordinates":[[[-77.6241116,38.7907574],[-77.6237951,38.7902222],[-77.6240472,38.7899211],[-77.6239775,38.7888675],[-77.6243155,38.7887462],[-77.6246105,38.7900549],[-77.6241116,38.7907574]]],"type":"Polygon"},"properties":{"kind":"water"},"type":"Feature"},{"geometry":{"coordinates":[[[-77.6304112,38.7902333],[-77.6312641,38.7895622],[-77.6318006,38.7898005],[-77.6307418,38.7906159],[-77.6304112,38.7902333]]],"type":"Polygon"},"properties":{"kind":"water"},"type":"Feature"},{"geometry":{"coordinates":[[[-77.684669,38.7967297],[-77.6839194,38.7968279],[-77.684063,38.7963748],[-77.6831454,38.7958862],[-77.6847647,38.7960327],[-77.684669,38.7967297]]],"type":"Polygon"},"properties":{"kind":"water"},"type":"Feature"},{"geometry":{"coordinates":[[[-77.653422,38.8022929],[-77.652612,38.8031834],[-77.6523974,38.8027779],[-77.6519038,38.8027277],[-77.6518824,38.80167],[-77.6533898,38.8019083],[-77.653422,38.8022929]]],"type":"Polygon"},"properties":{"kind":"water"},"type":"Feature"},{"geometry":{"coordinates":[[[-77.676968,38.8064319],[-77.679007,38.8066822],[-77.6787576,38.8074561],[-77.6792711,38.808062],[-77.6791337,38.8091487],[-77.6778998,38.8092788],[-77.678035,38.8084407],[-77.6775723,38.8071317],[-77.6778617,38.8068419],[-77.676968,38.8064319]]],"type":"Polygon"},"properties":{"kind":"water"},"type":"Feature"},{"geometry":{"coordinates":[[[-77.6212816,38.8126414],[-77.6210047,38.8124594],[-77.6212273,38.8120519],[-77.6222036,38.8112765],[-77.6225496,38.8113873],[-77.6226147,38.8118973],[-77.6217134,38.8119579],[-77.6212816,38.8126414]]],"type":"Polygon"},"properties":{"kind":"water"},"type":"Feature"},{"geometry":{"coordinates":[[[-77.664947,38.8140654],[-77.665831,38.8124919],[-77.665167,38.8147175],[-77.6636973,38.8145003],[-77.6635914,38.8139068],[-77.6632608,38.8138185],[-77.6640807,38.8135774],[-77.664947,38.8140654]]],"type":"Polygon"},"properties":{"kind":"water"},"type":"Feature"},{"geometry":{"coordinates":[[[-77.6538643,38.8146978],[-77.6523757,38.814424],[-77.6520377,38.8142526],[-77.6539475,38.8142234],[-77.6538643,38.8146978]]],"type":"Polygon"},"properties":{"kind":"water"},"type":"Feature"},{"geometry":{"coordinates":[[[-77.6704511,38.8148813],[-77.6711671,38.8156218],[-77.6707497,38.8157149],[-77.670971,38.8160429],[-77.6707666,38.8163129],[-77.6702325,38.8160197],[-77.6703125,38.8155936],[-77.670726,38.815585],[-77.6704511,38.8148813]]],"type":"Polygon"},"properties":{"kind":"water"},"type":"Feature"},{"geometry":{"coordinates":[[[-77.6476577,38.814524],[-77.6475557,38.8154184],[-77.646912,38.8162168],[-77.6466062,38.8157027],[-77.6467082,38.814478],[-77.6476577,38.814524]]],"type":"Polygon"},"properties":{"kind":"water"},"type":"Feature"},{"geometry":{"coordinates":[[[-77.6623898,38.8144881],[-77.6631904,38.815539],[-77.6638609,38.8153034],[-77.6637201,38.8154549],[-77.6639816,38.8154914],[-77.6632467,38.8156268],[-77.6636491,38.8167513],[-77.6632539,38.8167179],[-77.6631987,38.8157773],[-77.6626043,38.8154072],[-77.6623898,38.8144881]]],"type":"Polygon"},"properties":{"kind":"water"},"type":"Feature"},{"geometry":{"coordinates":[[[-77.6146517,38.8193297],[-77.6150896,38.8182389],[-77.6147305,38.8177773],[-77.6157534,38.8175681],[-77.6158887,38.818444],[-77.6153048,38.8194568],[-77.6156095,38.8196958],[-77.6153133,38.8208721],[-77.6146517,38.8193297]]],"type":"Polygon"},"properties":{"kind":"water"},"type":"Feature"},{"geometry":{"coordinates":[[[-77.6287671,38.8239073],[-77.6278825,38.8228439],[-77.6279201,38.821937],[-77.6281878,38.821826],[-77.628456,38.8219472],[-77.6283111,38.8229962],[-77.6287671,38.8239073]]],"type":"Polygon"},"properties":{"kind":"water"},"type":"Feature"},{"geometry":{"coordinates":[[[-77.6780672,38.8236784],[-77.6776429,38.8237126],[-77.677677,38.8240963],[-77.6771455,38.8240127],[-77.6771845,38.8221586],[-77.6786377,38.8222726],[-77.6786719,38.8228007],[-77.6780672,38.8236784]]],"type":"Polygon"},"properties":{"kind":"water"},"type":"Feature"},{"geometry":{"coordinates":[[[-77.6630045,38.8249462],[-77.6625018,38.8247363],[-77.6634084,38.8242748],[-77.6640467,38.8247031],[-77.6639958,38.8250406],[-77.6634379,38.8246739],[-77.6630045,38.8249462]]],"type":"Polygon"},"properties":{"kind":"water"},"type":"Feature"},{"geometry":{"coordinates":[[[-77.6865723,38.8243217],[-77.687774,38.8249444],[-77.6877954,38.8249987],[-77.687436,38.8253999],[-77.6862665,38.8248065],[-77.6865723,38.8243217]]],"type":"Polygon"},"properties":{"kind":"water"},"type":"Feature"},{"geometry":{"coordinates":[[[-77.6092138,38.8272173],[-77.6102438,38.8267617],[-77.6114079,38.8268411],[-77.6099058,38.8274973],[-77.6092138,38.8272173]]],"type":"Polygon"},"properties":{"kind":"water"},"type":"Feature"},{"geometry":{"coordinates":[[[-77.6352854,38.8316284],[-77.6354946,38.8295765],[-77.6361432,38.8295241],[-77.6352854,38.8316284]]],"type":"Polygon"},"properties":{"kind":"water"},"type":"Feature"},{"geometry":{"coordinates":[[[-77.6308315,38.8298761],[-77.630574,38.8313011],[-77.6302307,38.8319029],[-77.6302629,38.8298929],[-77.6308315,38.8298761]]],"type":"Polygon"},"properties":{"kind":"water"},"type":"Feature"},{"geometry":{"coordinates":[[[-77.6428151,38.8318973],[-77.6430404,38.8306562],[-77.6436788,38.8307607],[-77.6433355,38.8315463],[-77.6428151,38.8318973]]],"type":"Polygon"},"properties":{"kind":"water"},"type":"Feature"},{"geometry":{"coordinates":[[[-77.6523124,38.8324977],[-77.6524563,38.8318489],[-77.6531406,38.8322827],[-77.6526474,38.8333763],[-77.6523124,38.8324977]]],"type":"Polygon"},"properties":{"kind":"water"},"type":"Feature"},{"geometry":{"coordinates":[[[-77.6346358,38.8348771],[-77.634448,38.8327084],[-77.6347055,38.8325914],[-77.6353171,38.8328964],[-77.6349577,38.8339035],[-77.6350381,38.8347601],[-77.6346358,38.8348771]]],"type":"Polygon"},"properties":{"kind":"water"},"type":"Feature"},{"geometry":{"coordinates":[[[-77.6431509,38.8360638],[-77.6433655,38.8353472],[-77.6430221,38.8348938],[-77.6444115,38.8348562],[-77.6440816,38.8355854],[-77.6431509,38.8360638]]],"type":"Polygon"},"properties":{"kind":"water"},"type":"Feature"},{"geometry":{"coordinates":[[[-77.6465063,38.8354919],[-77.6464033,38.8346734],[-77.6475593,38.8350348],[-77.6472831,38.8356804],[-77.6466581,38.8358935],[-77.6457569,38.8369674],[-77.6465063,38.8354919]]],"type":"Polygon"},"properties":{"kind":"water"},"type":"Feature"},{"geometry":{"coordinates":[[[-77.6340731,38.8360787],[-77.634271,38.8352031],[-77.6348718,38.8352783],[-77.6343735,38.8365191],[-77.6340731,38.8360787]]],"type":"Polygon"},"properties":{"kind":"water"},"type":"Feature"},{"geometry":{"coordinates":[[[-77.6603424,38.8358696],[-77.6614421,38.8359123],[-77.6602692,38.83659],[-77.659887,38.8360928],[-77.6603424,38.8358696]]],"type":"Polygon"},"properties":{"kind":"water"},"type":"Feature"},{"geometry":{"coordinates":[[[-77.6660798,38.8409775],[-77.6655052,38.8408292],[-77.6647573,38.8412272],[-77.66402,38.840864],[-77.6639611,38.8403211],[-77.6652982,38.8392196],[-77.6658321,38.8391709],[-77.6671738,38.840402],[-77.6660798,38.8409775]]],"type":"Polygon"},"properties":{"kind":"water"},"type":"Feature"},{"geometry":{"coordinates":[[[-77.6409093,38.8409715],[-77.6417542,38.8407041],[-77.6423872,38.8410697],[-77.6416094,38.8409861],[-77.6418723,38.841358],[-77.6422719,38.8412912],[-77.6418434,38.8419974],[-77.6416684,38.8416212],[-77.6411588,38.8416818],[-77.6409093,38.8409715]]],"type":"Polygon"},"properties":{"kind":"water"},"type":"Feature"},{"geometry":{"coordinates":[[[-77.6450746,38.841642],[-77.6442753,38.8422311],[-77.6437066,38.8421183],[-77.6435135,38.8418718],[-77.6436915,38.8416868],[-77.644126,38.8421077],[-77.6448046,38.8411729],[-77.6458471,38.8416712],[-77.6450746,38.841642]]],"type":"Polygon"},"properties":{"kind":"water"},"type":"Feature"},{"geometry":{"coordinates":[[[-77.6488213,38.8482428],[-77.6522223,38.846286],[-77.6516001,38.8470338],[-77.6507659,38.8472798],[-77.65044,38.8482031],[-77.6493859,38.8481895],[-77.6489085,38.8485572],[-77.6488213,38.8482428]]],"type":"Polygon"},"properties":{"kind":"water"},"type":"Feature"},{"geometry":{"coordinates":[[[-77.6463959,38.8509868],[-77.6482707,38.8517158],[-77.6485121,38.8522296],[-77.6480132,38.8519434],[-77.647855,38.8522004],[-77.6481474,38.8523675],[-77.6478872,38.8523758],[-77.6466721,38.8514212],[-77.6458192,38.851369],[-77.6463959,38.8509868]]],"type":"Polygon"},"properties":{"kind":"water"},"type":"Feature"},{"geometry":{"coordinates":[[[-77.6428205,38.8526411],[-77.6416135,38.8521147],[-77.6427266,38.8519309],[-77.6431906,38.8524865],[-77.6428205,38.8526411]]],"type":"Polygon"},"properties":{"kind":"water"},"type":"Feature"},{"geometry":{"coordinates":[[[-77.6407606,38.8527017],[-77.6396099,38.852167],[-77.6397869,38.8517931],[-77.6409054,38.8520855],[-77.6407606,38.8527017]]],"type":"Polygon"},"properties":{"kind":"water"},"type":"Feature"},{"geometry":{"coordinates":[[[-77.6400524,38.8532907],[-77.6394248,38.8538944],[-77.6388267,38.8530505],[-77.6392719,38.8524281],[-77.6398808,38.8526181],[-77.6400524,38.8532907]]],"type":"Polygon"},"properties":{"kind":"water"},"type":"Feature"},{"geometry":{"coordinates":[[[-77.6338296,38.8603259],[-77.6329466,38.8596218],[-77.6329211,38.859121],[-77.6343646,38.8593408],[-77.6338296,38.8603259]]],"type":"Polygon"},"properties":{"kind":"water"},"type":"Feature"},{"geometry":{"coordinates":[[[-77.5919686,38.7732061],[-77.591872,38.7721814],[-77.5930629,38.772127],[-77.5931166,38.77224],[-77.5919686,38.7732061]]],"type":"Polygon"},"properties":{"kind":"water"},"type":"Feature"},{"geometry":{"coordinates":[[[-77.5963541,38.7809992],[-77.5959839,38.7807399],[-77.5961073,38.7799746],[-77.5971158,38.7789292],[-77.5977864,38.7789752],[-77.5963541,38.7809992]]],"type":"Polygon"},"properties":{"kind":"water"},"type":"Feature"},{"geometry":{"coordinates":[[[-77.6032955,38.7886734],[-77.6036979,38.7871681],[-77.604485,38.7876165],[-77.6036496,38.7886985],[-77.6032955,38.7886734]]],"type":"Polygon"},"properties":{"kind":"water"},"type":"Feature"},{"geometry":{"coordinates":[[[-77.6007045,38.8111727],[-77.6022763,38.8100692],[-77.6027323,38.8102071],[-77.6017506,38.8112772],[-77.6007045,38.8111727]]],"type":"Polygon"},"properties":{"kind":"water"},"type":"Feature"},{"geometry":{"coordinates":[[[-77.5973649,38.8203038],[-77.5978424,38.8213612],[-77.5976332,38.8219045],[-77.5970162,38.8203874],[-77.5973649,38.8203038]]],"type":"Polygon"},"properties":{"kind":"water"},"type":"Feature"},{"geometry":{"coordinates":[[[-77.5956813,38.8239409],[-77.5948445,38.8247517],[-77.5936643,38.8245093],[-77.594646,38.8232722],[-77.5956813,38.8239409]]],"type":"Polygon"},"properties":{"kind":"water"},"type":"Feature"},{"geometry":{"coordinates":[[[-77.5924455,38.8437733],[-77.5926535,38.8440371],[-77.5922161,38.8439083],[-77.5920081,38.8433039],[-77.5923388,38.8423192],[-77.5927175,38.8425872],[-77.5928856,38.8436736],[-77.5924455,38.8437733]]],"type":"Polygon"},"properties":{"kind":"water"},"type":"Feature"},{"geometry":{"coordinates":[[[-77.6021193,38.8446009],[-77.6022713,38.8459053],[-77.6028127,38.8455418],[-77.6030607,38.8457163],[-77.6025487,38.8467134],[-77.6016845,38.8465243],[-77.6011351,38.8446549],[-77.6021193,38.8446009]]],"type":"Polygon"},"properties":{"kind":"water"},"type":"Feature"},{"geometry":{"coordinates":[[[-77.5767959,38.9183448],[-77.5766036,38.9175662],[-77.5776437,38.9174868],[-77.5778634,38.9179942],[-77.5767959,38.9183448]]],"type":"Polygon"},"properties":{"kind":"water"},"type":"Feature"},{"geometry":{"coordinates":[[[-77.5886043,38.9338983],[-77.5909387,38.9343111],[-77.5914291,38.9345683],[-77.5883569,38.9346592],[-77.5886043,38.9338983]]],"type":"Polygon"},"properties":{"kind":"water"},"type":"Feature"},{"geometry":{"coordinates":[[[-77.6043161,38.9385012],[-77.6050658,38.9382283],[-77.6053729,38.9386685],[-77.6048704,38.939209],[-77.6043161,38.9385012]]],"type":"Polygon"},"properties":{"kind":"water"},"type":"Feature"},{"geometry":{"coordinates":[[[-77.5889463,38.9453131],[-77.5893326,38.946039],[-77.5884206,38.9464729],[-77.5883777,38.9461225],[-77.5889463,38.9453131]]],"type":"Polygon"},"properties":{"kind":"water"},"type":"Feature"},{"geometry":{"coordinates":[[[-77.594222,38.9577277],[-77.5924231,38.957548],[-77.5921421,38.9571205],[-77.5941533,38.9573488],[-77.594222,38.9577277]]],"type":"Polygon"},"properties":{"kind":"water"},"type":"Feature"},{"geometry":{"coordinates":[[[-77.5842449,38.9655507],[-77.5849449,38.9649172],[-77.585686,38.9655819],[-77.5844629,38.9657797],[-77.5842449,38.9655507]]],"type":"Polygon"},"properties":{"kind":"water"},"type":"Feature"},{"geometry":{"coordinates":[[[-77.57953,39.0260712],[-77.5792195,39.0270462],[-77.5786541,39.0268408],[-77.5788723,39.0263756],[-77.5783515,39.0248896],[-77.5789981,39.024902],[-77.57953,39.0260712]]],"type":"Polygon"},"properties":{"kind":"water"},"type":"Feature"},{"geometry":{"coordinates":[[[-77.5836837,39.0434693],[-77.5836816,39.0430421],[-77.584945,39.0430571],[-77.5848741,39.0436311],[-77.5844185,39.0439582],[-77.5836837,39.0434693]]],"type":"Polygon"},"properties":{"kind":"water"},"type":"Feature"},{"geometry":{"coordinates":[[[-77.5825886,39.0631032],[-77.5817401,39.0632705],[-77.5818293,39.062434],[-77.5825313,39.0624732],[-77.5825886,39.0631032]]],"type":"Polygon"},"properties":{"kind":"water"},"type":"Feature"},{"geometry":{"coordinates":[[[-77.605381,39.0647885],[-77.604784,39.0642278],[-77.605708,39.0637245],[-77.6060975,39.0642344],[-77.6061913,39.0651262],[-77.605381,39.0647885]]],"type":"Polygon"},"properties":{"kind":"water"},"type":"Feature"},{"geometry":{"coordinates":[[[-77.5774988,39.073652],[-77.5776704,39.0745516],[-77.5769623,39.0748764],[-77.5766083,39.0741435],[-77.5774988,39.073652]]],"type":"Polygon"},"properties":{"kind":"water"},"type":"Feature"},{"geometry":{"coordinates":[[[-77.5812321,39.0780749],[-77.5818651,39.0798114],[-77.5813348,39.0798261],[-77.5810604,39.0789369],[-77.5812482,39.0785622],[-77.5808888,39.0781541],[-77.5812321,39.0780749]]],"type":"Polygon"},"properties":{"kind":"water"},"type":"Feature"},{"geometry":{"coordinates":[[[-77.6052787,39.1001924],[-77.6036895,39.1002763],[-77.6034624,39.0996519],[-77.6040525,39.0993271],[-77.6052541,39.0998933],[-77.6052787,39.1001924]]],"type":"Polygon"},"properties":{"kind":"water"},"type":"Feature"},{"geometry":{"coordinates":[[[-77.606091,39.0998517],[-77.606724,39.0996935],[-77.6073892,39.1005344],[-77.6063485,39.1011006],[-77.606091,39.0998517]]],"type":"Polygon"},"properties":{"kind":"water"},"type":"Feature"},{"geometry":{"coordinates":[[[-77.5819663,39.1017112],[-77.581359,39.1015453],[-77.5816622,39.1022117],[-77.5809137,39.1022297],[-77.5812741,39.1014349],[-77.5824575,39.1011367],[-77.5819663,39.1017112]]],"type":"Polygon"},"properties":{"kind":"water"},"type":"Feature"},{"geometry":{"coordinates":[[[-77.5702867,38.7191602],[-77.5712898,38.7191393],[-77.5710806,38.7202505],[-77.5709653,38.7202902],[-77.5702867,38.7191602]]],"type":"Polygon"},"properties":{"kind":"water"},"type":"Feature"},{"geometry":{"coordinates":[[[-77.5758642,38.7388369],[-77.5738889,38.7386345],[-77.5743502,38.7380947],[-77.5758642,38.7388369]]],"type":"Polygon"},"properties":{"kind":"water"},"type":"Feature"},{"geometry":{"coordinates":[[[-77.5643456,38.7586179],[-77.5643939,38.7581243],[-77.5665879,38.7580741],[-77.5660247,38.7584799],[-77.5643456,38.7586179]]],"type":"Polygon"},"properties":{"kind":"water"},"type":"Feature"},{"geometry":{"coordinates":[[[-77.5632083,38.7582833],[-77.5640076,38.7580992],[-77.5644153,38.7595508],[-77.5656492,38.7605003],[-77.5655476,38.7608098],[-77.5637718,38.7597422],[-77.5632083,38.7582833]]],"type":"Polygon"},"properties":{"kind":"water"},"type":"Feature"},{"geometry":{"coordinates":[[[-77.5561548,38.7582437],[-77.5545409,38.7609267],[-77.5543032,38.7607102],[-77.5550488,38.7581585],[-77.5561548,38.7582437]]],"type":"Polygon"},"properties":{"kind":"water"},"type":"Feature"},{"geometry":{"coordinates":[[[-77.5652576,38.7674478],[-77.5651235,38.7684433],[-77.5647855,38.7684768],[-77.5648231,38.7677155],[-77.5644664,38.7671703],[-77.564984,38.7667201],[-77.5659882,38.7671168],[-77.5652576,38.7674478]]],"type":"Polygon"},"properties":{"kind":"water"},"type":"Feature"},{"geometry":{"coordinates":[[[-77.5578637,38.9130536],[-77.5570982,38.9117104],[-77.5563133,38.9108663],[-77.5567602,38.9109256],[-77.5582569,38.9128582],[-77.5578637,38.9130536]]],"type":"Polygon"},"properties":{"kind":"water"},"type":"Feature"},{"geometry":{"coordinates":[[[-77.5597375,38.9147115],[-77.5590277,38.9142974],[-77.5589687,38.913688],[-77.5584651,38.9133847],[-77.5585682,38.9129856],[-77.5589195,38.912877],[-77.5597949,38.9138926],[-77.5597375,38.9147115]]],"type":"Polygon"},"properties":{"kind":"water"},"type":"Feature"},{"geometry":{"coordinates":[[[-77.5717737,38.9161105],[-77.5714892,38.9152681],[-77.5716209,38.9149543],[-77.5721048,38.9149411],[-77.5725379,38.9152979],[-77.5717737,38.9161105]]],"type":"Polygon"},"properties":{"kind":"water"},"type":"Feature"},{"geometry":{"coordinates":[[[-77.5642608,38.929171],[-77.5649181,38.928239],[-77.565769,38.928393],[-77.5658341,38.9291836],[-77.5642608,38.929171]]],"type":"Polygon"},"properties":{"kind":"water"},"type":"Feature"},{"geometry":{"coordinates":[[[-77.5734443,38.9347171],[-77.5741704,38.9348255],[-77.5742632,38.9352228],[-77.5738664,38.9352918],[-77.5729124,38.9366348],[-77.5734443,38.9347171]]],"type":"Polygon"},"properties":{"kind":"water"},"type":"Feature"},{"geometry":{"coordinates":[[[-77.5574391,38.9435169],[-77.5573694,38.9421303],[-77.5581589,38.9421162],[-77.5578597,38.9433383],[-77.5574391,38.9435169]]],"type":"Polygon"},"properties":{"kind":"water"},"type":"Feature"},{"geometry":{"coordinates":[[[-77.556782,38.9531933],[-77.5570126,38.9522592],[-77.5566425,38.9512497],[-77.5571736,38.9485171],[-77.5574525,38.9484336],[-77.5581874,38.9505196],[-77.5583162,38.9521466],[-77.5589224,38.9522467],[-77.5598021,38.9518588],[-77.5594103,38.9526468],[-77.5588634,38.9528846],[-77.5589921,38.9535187],[-77.5583537,38.9542325],[-77.5567176,38.9540902],[-77.556664,38.9535771],[-77.5561007,38.95321],[-77.556782,38.9531933]]],"type":"Polygon"},"properties":{"kind":"water"},"type":"Feature"},{"geometry":{"coordinates":[[[-77.561515,39.0258926],[-77.5604463,39.0193735],[-77.5607523,39.018443],[-77.5611612,39.0182647],[-77.5623166,39.0184615],[-77.5648807,39.0198429],[-77.569418,39.0209189],[-77.5719346,39.0205274],[-77.5737656,39.0196733],[-77.5752166,39.0181409],[-77.5759012,39.0178383],[-77.5767855,39.0178444],[-77.5777033,39.01842],[-77.5774427,39.0187628],[-77.575699,39.0182586],[-77.5745119,39.019642],[-77.5730637,39.0203696],[-77.5714624,39.0209578],[-77.5693099,39.0212181],[-77.5652026,39.0202569],[-77.5617468,39.0186173],[-77.5611058,39.0186193],[-77.5608262,39.0199269],[-77.5615616,39.022639],[-77.5619196,39.0258656],[-77.5616875,39.0266177],[-77.5608987,39.0270972],[-77.55729,39.0273985],[-77.5565524,39.0271191],[-77.5520281,39.0269665],[-77.5487583,39.0279009],[-77.5443684,39.0283441],[-77.5414882,39.0280291],[-77.5393737,39.0302884],[-77.5391766,39.031252],[-77.5404071,39.0316162],[-77.5456249,39.0311344],[-77.547304,39.0318011],[-77.5475937,39.0324636],[-77.5472343,39.0332554],[-77.5465369,39.0339221],[-77.5451368,39.0340888],[-77.539767,39.0339263],[-77.5378519,39.0348763],[-77.5357693,39.0335445],[-77.5347619,39.0337981],[-77.5332292,39.0355855],[-77.5330051,39.0370764],[-77.5350006,39.0385597],[-77.5360252,39.0398793],[-77.5364562,39.0415213],[-77.5356756,39.0425949],[-77.5334096,39.0427181],[-77.5318389,39.0434047],[-77.5296416,39.047251],[-77.5302811,39.0487865],[-77.5305783,39.0488045],[-77.5302988,39.0481412],[-77.5306636,39.0480266],[-77.5309297,39.0489136],[-77.5308959,39.0498835],[-77.5304592,39.0492319],[-77.5304265,39.0510241],[-77.5281748,39.0523621],[-77.5273977,39.0559485],[-77.526732,39.0565359],[-77.5252337,39.0558989],[-77.5263887,39.0545564],[-77.5273301,39.052219],[-77.5282911,39.0514031],[-77.5278273,39.0514907],[-77.5279022,39.0512154],[-77.5290781,39.0508646],[-77.5297532,39.0498573],[-77.5285704,39.0470018],[-77.5300107,39.0452579],[-77.5310922,39.0431581],[-77.5316979,39.0424772],[-77.5323796,39.0422381],[-77.5349288,39.0423048],[-77.5357975,39.0420896],[-77.5360496,39.0415276],[-77.5359764,39.0405866],[-77.5349979,39.0394233],[-77.5324337,39.0373733],[-77.5323586,39.0365066],[-77.5327234,39.0355065],[-77.5346332,39.0334064],[-77.5354378,39.0330147],[-77.5361593,39.0332262],[-77.537891,39.0344716],[-77.5399681,39.0334679],[-77.5452065,39.0337721],[-77.5466227,39.0334762],[-77.5469982,39.0330845],[-77.5471162,39.0321261],[-77.5468856,39.0318344],[-77.5456035,39.0314636],[-77.5421863,39.0319386],[-77.5401911,39.0318757],[-77.5388644,39.0313213],[-77.5387833,39.0306266],[-77.5393112,39.0297487],[-77.541772,39.0276315],[-77.5417171,39.0267156],[-77.540194,39.026587],[-77.5415605,39.0264555],[-77.5418869,39.026873],[-77.5419242,39.027642],[-77.5439218,39.0280369],[-77.5479724,39.0276442],[-77.5524745,39.0266967],[-77.5585648,39.0269865],[-77.560845,39.0267748],[-77.5612016,39.0266619],[-77.561515,39.0258926]]],"type":"Polygon"},"properties":{"kind":"water"},"type":"Feature"},{"geometry":{"coordinates":[[[-77.5595603,39.0355968],[-77.5602042,39.0357499],[-77.5600432,39.0373083],[-77.5596865,39.0377875],[-77.5592895,39.0365104],[-77.5595603,39.0355968]]],"type":"Polygon"},"properties":{"kind":"water"},"type":"Feature"},{"geometry":{"coordinates":[[[-77.5591417,39.0521747],[-77.5602095,39.0514144],[-77.5606169,39.0515332],[-77.5601183,39.0531349],[-77.5587879,39.0529933],[-77.5591417,39.0521747]]],"type":"Polygon"},"properties":{"kind":"water"},"type":"Feature"},{"geometry":{"coordinates":[[[-77.5736555,39.0538867],[-77.5738835,39.0527609],[-77.5741719,39.0527089],[-77.5742792,39.0539169],[-77.5736555,39.0538867]]],"type":"Polygon"},"properties":{"kind":"water"},"type":"Feature"},{"geometry":{"coordinates":[[[-77.5676506,39.0776058],[-77.5683265,39.0767562],[-77.569217,39.0769103],[-77.5679939,39.0777973],[-77.5676506,39.0776058]]],"type":"Polygon"},"properties":{"kind":"water"},"type":"Feature"},{"geometry":{"coordinates":[[[-77.5648445,39.0785541],[-77.5656948,39.0774006],[-77.5658879,39.0803114],[-77.5650966,39.0792496],[-77.5648445,39.0785541]]],"type":"Polygon"},"properties":{"kind":"water"},"type":"Feature"},{"geometry":{"coordinates":[[[-77.559217,39.0946267],[-77.5574253,39.0968207],[-77.5568888,39.0966292],[-77.5577525,39.0954843],[-77.558069,39.0943519],[-77.5588187,39.0935362],[-77.559217,39.0946267]]],"type":"Polygon"},"properties":{"kind":"water"},"type":"Feature"},{"geometry":{"coordinates":[[[-77.5745192,39.0951886],[-77.5749591,39.0948639],[-77.5758281,39.0950283],[-77.5752675,39.0960546],[-77.5745406,39.0956362],[-77.5745192,39.0951886]]],"type":"Polygon"},"properties":{"kind":"water"},"type":"Feature"},{"geometry":{"coordinates":[[[-77.5749376,39.0968643],[-77.5739345,39.0971863],[-77.5728643,39.0962669],[-77.5736233,39.0952823],[-77.5751522,39.0961857],[-77.5749376,39.0968643]]],"type":"Polygon"},"properties":{"kind":"water"},"type":"Feature"},{"geometry":{"coordinates":[[[-77.5655916,39.102481],[-77.5666036,39.1016939],[-77.5668105,39.1011662],[-77.5667775,39.102258],[-77.5673351,39.1029326],[-77.566347,39.102893],[-77.5655916,39.102481]]],"type":"Polygon"},"properties":{"kind":"water"},"type":"Feature"},{"geometry":{"coordinates":[[[-77.5479666,38.7131772],[-77.5468571,38.7141875],[-77.5465426,38.7135082],[-77.547218,38.7130821],[-77.5479666,38.7131772]]],"type":"Polygon"},"properties":{"kind":"water"},"type":"Feature"},{"geometry":{"coordinates":[[[-77.5404187,38.7173823],[-77.5392736,38.7176353],[-77.5394461,38.716951],[-77.5401645,38.7168182],[-77.5404187,38.7173823]]],"type":"Polygon"},"properties":{"kind":"water"},"type":"Feature"},{"geometry":{"coordinates":[[[-77.5370068,38.7424757],[-77.5359391,38.7400439],[-77.535983,38.7399583],[-77.5364747,38.7399393],[-77.5376319,38.7413235],[-77.5370885,38.7417979],[-77.5370068,38.7424757]]],"type":"Polygon"},"properties":{"kind":"water"},"type":"Feature"},{"geometry":{"coordinates":[[[-77.5414679,38.7621121],[-77.540395,38.7630031],[-77.5400678,38.7627103],[-77.5404862,38.7620787],[-77.5412104,38.7617901],[-77.5414679,38.7621121]]],"type":"Polygon"},"properties":{"kind":"water"},"type":"Feature"},{"geometry":{"coordinates":[[[-77.5500267,38.7800905],[-77.5506801,38.7811294],[-77.5486276,38.7800655],[-77.5501436,38.7782781],[-77.5506864,38.7785642],[-77.5499097,38.7792191],[-77.5500267,38.7800905]]],"type":"Polygon"},"properties":{"kind":"water"},"type":"Feature"},{"geometry":{"coordinates":[[[-77.5424899,38.7831203],[-77.5439007,38.7833043],[-77.5438739,38.7840068],[-77.5421948,38.7845713],[-77.5418461,38.7851233],[-77.5420124,38.7844877],[-77.5417067,38.7839023],[-77.5424899,38.7831203]]],"type":"Polygon"},"properties":{"kind":"water"},"type":"Feature"},{"geometry":{"coordinates":[[[-77.5472971,38.7851199],[-77.5475697,38.7855039],[-77.5469499,38.7858513],[-77.5471155,38.7862526],[-77.5460053,38.7862642],[-77.5462571,38.7855958],[-77.5472971,38.7851199]]],"type":"Polygon"},"properties":{"kind":"water"},"type":"Feature"},{"geometry":{"coordinates":[[[-77.5421803,38.7989569],[-77.5420689,38.7992406],[-77.5411677,38.7992151],[-77.5409172,38.7987883],[-77.5413078,38.7986014],[-77.5421803,38.7989569]]],"type":"Polygon"},"properties":{"kind":"water"},"type":"Feature"},{"geometry":{"coordinates":[[[-77.5410904,38.8142711],[-77.5414042,38.8136316],[-77.541954,38.8140621],[-77.5429009,38.81406],[-77.5419943,38.8144069],[-77.5410904,38.8142711]]],"type":"Polygon"},"properties":{"kind":"water"},"type":"Feature"},{"geometry":{"coordinates":[[[-77.5521942,38.9185125],[-77.5520215,38.91767],[-77.5513236,38.9170842],[-77.5513232,38.9167097],[-77.5506614,38.9166675],[-77.5509334,38.9159035],[-77.5516002,38.9161812],[-77.5522097,38.9176539],[-77.5521942,38.9185125]]],"type":"Polygon"},"properties":{"kind":"water"},"type":"Feature"},{"geometry":{"coordinates":[[[-77.5524033,38.9234909],[-77.5511367,38.9231082],[-77.5514639,38.9225114],[-77.5527637,38.9225873],[-77.5527836,38.9229579],[-77.5523667,38.9229921],[-77.5524033,38.9234909]]],"type":"Polygon"},"properties":{"kind":"water"},"type":"Feature"},{"geometry":{"coordinates":[[[-77.5506448,38.9382278],[-77.5511276,38.9367048],[-77.5513314,38.9369969],[-77.5513529,38.9360205],[-77.551605,38.9358369],[-77.5519092,38.9374175],[-77.5517069,38.9383155],[-77.5506448,38.9382278]]],"type":"Polygon"},"properties":{"kind":"water"},"type":"Feature"},{"geometry":{"coordinates":[[[-77.5395177,38.9387737],[-77.5394066,38.9391004],[-77.5402922,38.9395522],[-77.5394782,38.9402239],[-77.5390145,38.9392935],[-77.5392168,38.9391449],[-77.5387708,38.938695],[-77.5391049,38.9387396],[-77.539129,38.9382073],[-77.5395177,38.9387737]]],"type":"Polygon"},"properties":{"kind":"water"},"type":"Feature"},{"geometry":{"coordinates":[[[-77.5437647,38.9650168],[-77.5429934,38.9664661],[-77.5433063,38.9646545],[-77.544337,38.9646981],[-77.5437647,38.9650168]]],"type":"Polygon"},"properties":{"kind":"water"},"type":"Feature"},{"geometry":{"coordinates":[[[-77.5389271,38.9686465],[-77.5374478,38.968256],[-77.5367565,38.9676452],[-77.5388191,38.9681748],[-77.5389271,38.9686465]]],"type":"Polygon"},"properties":{"kind":"water"},"type":"Feature"},{"geometry":{"coordinates":[[[-77.5470722,38.9719529],[-77.5466135,38.9702034],[-77.5471956,38.9700449],[-77.54785,38.9714775],[-77.5476703,38.9719404],[-77.5470722,38.9719529]]],"type":"Polygon"},"properties":{"kind":"water"},"type":"Feature"},{"geometry":{"coordinates":[[[-77.5509858,38.9731514],[-77.5513945,38.9723762],[-77.5522596,38.9727349],[-77.5512779,38.9733376],[-77.5509858,38.9731514]]],"type":"Polygon"},"properties":{"kind":"water"},"type":"Feature"},{"geometry":{"coordinates":[[[-77.5533029,38.9745074],[-77.553665,38.9739819],[-77.5543249,38.9750224],[-77.5534987,38.9749328],[-77.5533029,38.9745074]]],"type":"Polygon"},"properties":{"kind":"water"},"type":"Feature"},{"geometry":{"coordinates":[[[-77.5362414,38.9773349],[-77.5366223,38.9777853],[-77.5359947,38.9784817],[-77.5355977,38.9777352],[-77.5362414,38.9773349]]],"type":"Polygon"},"properties":{"kind":"water"},"type":"Feature"},{"geometry":{"coordinates":[[[-77.5432634,38.9846054],[-77.5433738,38.9865051],[-77.5428865,38.9868463],[-77.5423536,38.9867798],[-77.5428684,38.9844292],[-77.5432634,38.9846054]]],"type":"Polygon"},"properties":{"kind":"water"},"type":"Feature"},{"geometry":{"coordinates":[[[-77.5439143,38.995485],[-77.5430061,38.9971952],[-77.5425512,38.999323],[-77.5416156,38.9993631],[-77.5399162,39.0010573],[-77.5433494,39.001044],[-77.5441819,39.0013241],[-77.5414869,39.0020378],[-77.540826,39.0026381],[-77.5406286,39.0021979],[-77.5399848,39.0027248],[-77.5397445,39.0039588],[-77.5405256,39.0049259],[-77.5405256,39.0054995],[-77.5403453,39.0058664],[-77.5389034,39.005893],[-77.5391008,39.0068335],[-77.5385,39.0072336],[-77.5385085,39.007954],[-77.5381738,39.0081607],[-77.5381738,39.008881],[-77.5390149,39.0089677],[-77.5401307,39.009588],[-77.5417615,39.0094479],[-77.541135,39.0105684],[-77.5397702,39.0109352],[-77.5395986,39.0112353],[-77.5404655,39.0132094],[-77.542122,39.013236],[-77.5433188,39.0140687],[-77.5415555,39.0147699],[-77.542361,39.0157593],[-77.5427272,39.0168881],[-77.5422336,39.0175108],[-77.5428344,39.0179109],[-77.5431754,39.0188602],[-77.5428516,39.0193246],[-77.5422679,39.0194713],[-77.5427202,39.020133],[-77.5417615,39.0209917],[-77.5418302,39.0218386],[-77.542225,39.0223387],[-77.5420261,39.0235073],[-77.5425783,39.0246024],[-77.542585,39.0254858],[-77.5394856,39.0256517],[-77.5392012,39.0262196],[-77.5383469,39.0258727],[-77.5382879,39.0252705],[-77.536646,39.0240657],[-77.5383802,39.024525],[-77.5384914,39.0224721],[-77.537882,39.0218719],[-77.5376931,39.0207717],[-77.5370065,39.0202715],[-77.5359336,39.0179242],[-77.5351268,39.0174841],[-77.5360194,39.0163304],[-77.5369121,39.0168906],[-77.5378476,39.0157502],[-77.5376159,39.01491],[-77.5369035,39.0144831],[-77.5367662,39.013036],[-77.5357019,39.0127292],[-77.5340282,39.0135762],[-77.5338565,39.0142564],[-77.5334617,39.0135695],[-77.5335262,39.0129785],[-77.5325944,39.0126116],[-77.5339423,39.0117822],[-77.5341054,39.0107751],[-77.5354766,39.0104725],[-77.5350667,39.009648],[-77.5356504,39.0083275],[-77.5354358,39.008034],[-77.5359765,39.0063999],[-77.5357791,39.005793],[-77.5365001,39.0054462],[-77.5374806,39.0040271],[-77.5370616,39.0034277],[-77.5370923,39.0018911],[-77.5365945,39.0001301],[-77.5353195,38.9989505],[-77.5356805,38.9991837],[-77.53644,38.9987961],[-77.5376073,39.001064],[-77.5379339,39.0011973],[-77.5380708,39.0008038],[-77.5396156,38.9998195],[-77.5401521,38.9985834],[-77.5416461,38.9984521],[-77.5425082,38.9969483],[-77.5439143,38.995485]]],"type":"Polygon"},"properties":{"kind":"water"},"type":"Feature"},{"geometry":{"coordinates":[[[-77.5503308,39.0127644],[-77.5512149,39.0127194],[-77.5513019,39.0133568],[-77.5500496,39.0137644],[-77.5499163,39.0131833],[-77.5503308,39.0127644]]],"type":"Polygon"},"properties":{"kind":"water"},"type":"Feature"},{"geometry":{"coordinates":[[[-77.5476429,39.0143444],[-77.547024,39.0142476],[-77.5468162,39.013781],[-77.5490561,39.0127978],[-77.5491439,39.0132069],[-77.5489083,39.0132284],[-77.5491762,39.0135514],[-77.5484326,39.0136267],[-77.5476429,39.0143444]]],"type":"Polygon"},"properties":{"kind":"water"},"type":"Feature"},{"geometry":{"coordinates":[[[-77.5361605,39.04554],[-77.5360064,39.0448255],[-77.5363333,39.0447566],[-77.5379398,39.0458266],[-77.5375989,39.0459209],[-77.5365388,39.0452934],[-77.5361605,39.04554]]],"type":"Polygon"},"properties":{"kind":"water"},"type":"Feature"},{"geometry":{"coordinates":[[[-77.5439667,39.0586495],[-77.5441813,39.0597366],[-77.5430762,39.0597533],[-77.5431942,39.0590743],[-77.543677,39.0586578],[-77.5439667,39.0586495]]],"type":"Polygon"},"properties":{"kind":"water"},"type":"Feature"},{"geometry":{"coordinates":[[[-77.5509988,39.0723155],[-77.55112,39.0725933],[-77.5499098,39.0728528],[-77.5499796,39.0721698],[-77.5509988,39.0723155]]],"type":"Polygon"},"properties":{"kind":"water"},"type":"Feature"},{"geometry":{"coordinates":[[[-77.5439005,39.0896761],[-77.5458987,39.0896761],[-77.5460489,39.0898156],[-77.5438838,39.0901306],[-77.5439005,39.0896761]]],"type":"Polygon"},"properties":{"kind":"water"},"type":"Feature"},{"geometry":{"coordinates":[[[-77.5253123,38.6982855],[-77.5248246,38.6984491],[-77.5244199,38.6981827],[-77.5246735,38.6969762],[-77.5253123,38.6982855]]],"type":"Polygon"},"properties":{"kind":"water"},"type":"Feature"},{"geometry":{"coordinates":[[[-77.530494,38.7008227],[-77.5309309,38.7012209],[-77.5304292,38.7013527],[-77.5304292,38.7018049],[-77.5294793,38.7018008],[-77.5295087,38.7013053],[-77.5298064,38.7012579],[-77.5297179,38.7015439],[-77.5299873,38.7016456],[-77.530494,38.7008227]]],"type":"Polygon"},"properties":{"kind":"water"},"type":"Feature"},{"geometry":{"coordinates":[[[-77.5262842,38.7068955],[-77.5261987,38.7055376],[-77.5267787,38.7054042],[-77.526681,38.7068574],[-77.5262842,38.7068955]]],"type":"Polygon"},"properties":{"kind":"water"},"type":"Feature"},{"geometry":{"coordinates":[[[-77.5319993,38.7191711],[-77.530942,38.7191143],[-77.5311315,38.7180993],[-77.5319401,38.7182788],[-77.5319993,38.7191711]]],"type":"Polygon"},"properties":{"kind":"water"},"type":"Feature"},{"geometry":{"coordinates":[[[-77.5307104,38.7200666],[-77.5309515,38.7192955],[-77.5321195,38.7192328],[-77.5324127,38.7204207],[-77.5307104,38.7200666]]],"type":"Polygon"},"properties":{"kind":"water"},"type":"Feature"},{"geometry":{"coordinates":[[[-77.5332488,38.7299685],[-77.5331766,38.728116],[-77.5333211,38.7280811],[-77.5337995,38.7295604],[-77.5335827,38.7300598],[-77.5332488,38.7299685]]],"type":"Polygon"},"properties":{"kind":"water"},"type":"Feature"},{"geometry":{"coordinates":[[[-77.534393,38.7335503],[-77.5331431,38.7337971],[-77.5329366,38.733613],[-77.5343126,38.7330251],[-77.5345566,38.7332594],[-77.534393,38.7335503]]],"type":"Polygon"},"properties":{"kind":"water"},"type":"Feature"},{"geometry":{"coordinates":[[[-77.5244719,38.741714],[-77.5252309,38.7428005],[-77.5265372,38.7434316],[-77.5263092,38.743576],[-77.5239489,38.7421722],[-77.5235143,38.7415953],[-77.5238307,38.7409554],[-77.5248501,38.7409797],[-77.5250432,38.7414316],[-77.5244719,38.741714]]],"type":"Polygon"},"properties":{"kind":"water"},"type":"Feature"},{"geometry":{"coordinates":[[[-77.5238312,38.7709845],[-77.5245941,38.7711027],[-77.5243746,38.7717671],[-77.5223034,38.7734547],[-77.5217407,38.7733582],[-77.5217687,38.7729413],[-77.5234546,38.771008],[-77.5237254,38.7709934],[-77.5233775,38.7715833],[-77.5228662,38.7720311],[-77.5223758,38.7726937],[-77.5221283,38.7728357],[-77.5218785,38.7732708],[-77.5234052,38.7715919],[-77.5238312,38.7709845]]],"type":"Polygon"},"properties":{"kind":"water"},"type":"Feature"},{"geometry":{"coordinates":[[[-77.5330603,38.777243],[-77.5328433,38.776581],[-77.5337362,38.7776487],[-77.5328189,38.7780878],[-77.5324649,38.7776445],[-77.5330603,38.777243]]],"type":"Polygon"},"properties":{"kind":"water"},"type":"Feature"},{"geometry":{"coordinates":[[[-77.5319688,38.7818776],[-77.5321725,38.7814375],[-77.5327222,38.781286],[-77.533336,38.781557],[-77.5323875,38.7820443],[-77.5319688,38.7818776]]],"type":"Polygon"},"properties":{"kind":"water"},"type":"Feature"},{"geometry":{"coordinates":[[[-77.5291138,38.7817893],[-77.5300258,38.7825253],[-77.5288456,38.7829769],[-77.5284486,38.7821238],[-77.5291138,38.7817893]]],"type":"Polygon"},"properties":{"kind":"water"},"type":"Feature"},{"geometry":{"coordinates":[[[-77.5260044,38.7955071],[-77.5257115,38.7964613],[-77.5252042,38.7968991],[-77.5248965,38.796282],[-77.5253363,38.7955115],[-77.52578,38.7952079],[-77.5260044,38.7955071]]],"type":"Polygon"},"properties":{"kind":"water"},"type":"Feature"},{"geometry":{"coordinates":[[[-77.53541,38.8735446],[-77.5341529,38.8728202],[-77.5340358,38.8708868],[-77.5356626,38.8714049],[-77.5351388,38.8725947],[-77.5355147,38.8733527],[-77.53541,38.8735446]]],"type":"Polygon"},"properties":{"kind":"water"},"type":"Feature"},{"geometry":{"coordinates":[[[-77.5251407,38.8761775],[-77.5255031,38.8756812],[-77.5265707,38.8762542],[-77.5258861,38.8767339],[-77.5251407,38.8761775]]],"type":"Polygon"},"properties":{"kind":"water"},"type":"Feature"},{"geometry":{"coordinates":[[[-77.5227546,38.9056558],[-77.5219397,38.9055116],[-77.5224923,38.9044846],[-77.5227873,38.9045055],[-77.5227546,38.9056558]]],"type":"Polygon"},"properties":{"kind":"water"},"type":"Feature"},{"geometry":{"coordinates":[[[-77.5221865,38.9086466],[-77.5231247,38.9091247],[-77.523232,38.9093],[-77.5212424,38.9092852],[-77.5221865,38.9086466]]],"type":"Polygon"},"properties":{"kind":"water"},"type":"Feature"},{"geometry":{"coordinates":[[[-77.5231253,38.9179547],[-77.5225888,38.9177042],[-77.5225781,38.9173536],[-77.5235759,38.9167067],[-77.525727,38.9174997],[-77.5268804,38.9175206],[-77.5258772,38.9178503],[-77.524343,38.9176291],[-77.5231253,38.9179547]]],"type":"Polygon"},"properties":{"kind":"water"},"type":"Feature"},{"geometry":{"coordinates":[[[-77.5243215,38.9229714],[-77.5225298,38.9215357],[-77.5231789,38.9216024],[-77.5248151,38.922746],[-77.5243215,38.9229714]]],"type":"Polygon"},"properties":{"kind":"water"},"type":"Feature"},{"geometry":{"coordinates":[[[-77.5298693,38.9245369],[-77.5307383,38.9242406],[-77.5314786,38.924708],[-77.5314679,38.925647],[-77.5306632,38.9257722],[-77.5299551,38.925334],[-77.5298693,38.9245369]]],"type":"Polygon"},"properties":{"kind":"water"},"type":"Feature"},{"geometry":{"coordinates":[[[-77.5251605,38.9480825],[-77.5239567,38.9451605],[-77.5242422,38.9448223],[-77.5253537,38.9452557],[-77.5250488,38.9459096],[-77.5252439,38.9467879],[-77.5263353,38.9474902],[-77.5256245,38.9481737],[-77.5251605,38.9480825]]],"type":"Polygon"},"properties":{"kind":"water"},"type":"Feature"},{"geometry":{"coordinates":[[[-77.5298525,38.9590466],[-77.5258587,38.9591362],[-77.5257486,38.9586151],[-77.5265024,38.9588557],[-77.5290076,38.9586272],[-77.5298525,38.9590466]]],"type":"Polygon"},"properties":{"kind":"water"},"type":"Feature"},{"geometry":{"coordinates":[[[-77.5330479,38.9598543],[-77.5309466,38.9587915],[-77.5309597,38.9581201],[-77.5317942,38.9580949],[-77.5339384,38.9589283],[-77.5334877,38.9589658],[-77.5330479,38.9598543]]],"type":"Polygon"},"properties":{"kind":"water"},"type":"Feature"},{"geometry":{"coordinates":[[[-77.5327476,38.9602892],[-77.5336821,38.9603227],[-77.533414,38.9614933],[-77.5327236,38.9611543],[-77.5327476,38.9602892]]],"type":"Polygon"},"properties":{"kind":"water"},"type":"Feature"},{"geometry":{"coordinates":[[[-77.5200302,38.966141],[-77.5214075,38.965971],[-77.5219801,38.9654225],[-77.5236432,38.9662223],[-77.5259284,38.9657823],[-77.5267793,38.9660722],[-77.5261302,38.9664038],[-77.5247757,38.9662224],[-77.5236083,38.9667624],[-77.5224932,38.9668293],[-77.5215376,38.9677009],[-77.520859,38.9669793],[-77.5195367,38.9671962],[-77.5200302,38.966141]]],"type":"Polygon"},"properties":{"kind":"water"},"type":"Feature"},{"geometry":{"coordinates":[[[-77.5220405,38.9804552],[-77.5237973,38.9815446],[-77.5218282,38.9816353],[-77.5213927,38.9794992],[-77.5227365,38.9777811],[-77.5226329,38.9790874],[-77.5229202,38.9797328],[-77.5223539,38.9796795],[-77.5220405,38.9804552]]],"type":"Polygon"},"properties":{"kind":"water"},"type":"Feature"},{"geometry":{"coordinates":[[[-77.5222564,38.9841258],[-77.5222832,38.9833461],[-77.5229696,38.9833925],[-77.5232633,38.983553],[-77.523215,38.9840992],[-77.5222564,38.9841258]]],"type":"Polygon"},"properties":{"kind":"water"},"type":"Feature"},{"geometry":{"coordinates":[[[-77.5345364,38.9973613],[-77.53379,38.9978166],[-77.5328565,38.997136],[-77.533318,38.9968911],[-77.5345364,38.9973613]]],"type":"Polygon"},"properties":{"kind":"water"},"type":"Feature"},{"geometry":{"coordinates":[[[-77.5220704,39.0493931],[-77.5224697,39.0503924],[-77.5222587,39.0506115],[-77.5215849,39.0496788],[-77.5216835,39.049202],[-77.5220704,39.0493931]]],"type":"Polygon"},"properties":{"kind":"water"},"type":"Feature"},{"geometry":{"coordinates":[[[-77.5099111,38.6944962],[-77.5094112,38.6948748],[-77.5088155,38.6943452],[-77.5097266,38.6937369],[-77.5099111,38.6944962]]],"type":"Polygon"},"properties":{"kind":"water"},"type":"Feature"},{"geometry":{"coordinates":[[[-77.5178422,38.6939885],[-77.5168857,38.6954881],[-77.5162999,38.6952495],[-77.5178422,38.6939885]]],"type":"Polygon"},"properties":{"kind":"water"},"type":"Feature"},{"geometry":{"coordinates":[[[-77.5136251,38.6977192],[-77.5134039,38.6971588],[-77.5153172,38.6960272],[-77.5153041,38.6966809],[-77.5143171,38.6974848],[-77.5136251,38.6977192]]],"type":"Polygon"},"properties":{"kind":"water"},"type":"Feature"},{"geometry":{"coordinates":[[[-77.5153794,38.738237],[-77.514827,38.7376525],[-77.5149073,38.7371323],[-77.5151443,38.7368242],[-77.5150418,38.7372842],[-77.5162153,38.7374575],[-77.5159098,38.7382019],[-77.5153794,38.738237]]],"type":"Polygon"},"properties":{"kind":"water"},"type":"Feature"},{"geometry":{"coordinates":[[[-77.5162182,38.7426194],[-77.5167733,38.7415292],[-77.5167199,38.7411965],[-77.5163896,38.741186],[-77.5167099,38.7410644],[-77.5165531,38.7405456],[-77.5177273,38.7416733],[-77.5167289,38.7425352],[-77.5162182,38.7426194]]],"type":"Polygon"},"properties":{"kind":"water"},"type":"Feature"},{"geometry":{"coordinates":[[[-77.5184311,38.7506513],[-77.5172345,38.7500955],[-77.5180539,38.7494445],[-77.5200429,38.7508264],[-77.5184311,38.7506513]]],"type":"Polygon"},"properties":{"kind":"water"},"type":"Feature"},{"geometry":{"coordinates":[[[-77.5074535,38.7566582],[-77.5070565,38.7569343],[-77.5065844,38.757796],[-77.5062197,38.7571518],[-77.5066059,38.7564239],[-77.5074535,38.7566582]]],"type":"Polygon"},"properties":{"kind":"water"},"type":"Feature"},{"geometry":{"coordinates":[[[-77.5150217,38.7877538],[-77.5161053,38.788749],[-77.5161858,38.7893135],[-77.5155785,38.789476],[-77.5157483,38.7896087],[-77.5153221,38.7894682],[-77.5149949,38.7889831],[-77.5146676,38.7878165],[-77.5150217,38.7877538]]],"type":"Polygon"},"properties":{"kind":"water"},"type":"Feature"},{"geometry":{"coordinates":[[[-77.5137163,38.7952161],[-77.5156958,38.7945262],[-77.5153501,38.795071],[-77.5127547,38.7964468],[-77.5115504,38.7958728],[-77.5118924,38.79563],[-77.5128633,38.7958516],[-77.5134105,38.7941792],[-77.5137753,38.7939158],[-77.5137163,38.7952161]]],"type":"Polygon"},"properties":{"kind":"water"},"type":"Feature"},{"geometry":{"coordinates":[[[-77.5145111,38.8040596],[-77.5149939,38.8046197],[-77.5145218,38.8061874],[-77.5130627,38.8065134],[-77.5141141,38.8054475],[-77.5141839,38.8041097],[-77.5145111,38.8040596]]],"type":"Polygon"},"properties":{"kind":"water"},"type":"Feature"},{"geometry":{"coordinates":[[[-77.5035755,38.824808],[-77.5041154,38.8255247],[-77.5092977,38.8280184],[-77.5118072,38.8296497],[-77.512475,38.8304267],[-77.5123707,38.8312352],[-77.511047,38.8324511],[-77.5106619,38.8335645],[-77.5111177,38.8354198],[-77.5108923,38.8363605],[-77.5097233,38.8368138],[-77.5082532,38.836802],[-77.5076814,38.8371767],[-77.508916,38.8393018],[-77.5089193,38.8398639],[-77.5083811,38.8402975],[-77.5089614,38.8411281],[-77.5109714,38.8413456],[-77.5122901,38.840515],[-77.5146264,38.8400473],[-77.522991,38.8369003],[-77.5273054,38.837343],[-77.5295771,38.8369418],[-77.5302824,38.8371864],[-77.5277667,38.8375581],[-77.5231379,38.8370995],[-77.514965,38.8401692],[-77.5124453,38.8406893],[-77.5111468,38.8415068],[-77.508829,38.8413771],[-77.5081697,38.840333],[-77.5087281,38.8396989],[-77.5086861,38.8392547],[-77.5074313,38.8372397],[-77.5082975,38.8365755],[-77.5099526,38.8365925],[-77.510723,38.8362532],[-77.5109164,38.8355562],[-77.5103613,38.8338817],[-77.5105649,38.8330183],[-77.5108407,38.8323199],[-77.512119,38.8311433],[-77.5122637,38.8305261],[-77.5117877,38.8298854],[-77.5090746,38.8281964],[-77.5042186,38.8258718],[-77.5033524,38.8251708],[-77.5035071,38.8244081],[-77.5052118,38.8220628],[-77.5059762,38.8216634],[-77.5062983,38.8207037],[-77.5054477,38.8188108],[-77.505053,38.8163753],[-77.5010469,38.8140121],[-77.4965824,38.8132692],[-77.4913493,38.8115428],[-77.4890968,38.8088649],[-77.4895582,38.8060051],[-77.490123,38.804994],[-77.4941563,38.8002509],[-77.4942289,38.7986634],[-77.4938977,38.7980729],[-77.4933397,38.798209],[-77.4926183,38.7977988],[-77.4867567,38.7965949],[-77.4849938,38.7971775],[-77.4832075,38.7972444],[-77.4809788,38.7965024],[-77.4803698,38.7968788],[-77.4805145,38.7979393],[-77.4799779,38.7990339],[-77.4767417,38.7994429],[-77.4758772,38.7991872],[-77.4758318,38.7977728],[-77.4752734,38.7971816],[-77.473551,38.7964488],[-77.4715292,38.7963636],[-77.4704241,38.7957834],[-77.4688346,38.7959984],[-77.4683592,38.796428],[-77.4660263,38.7967006],[-77.4620113,38.7956139],[-77.4604192,38.7966201],[-77.4599588,38.7975512],[-77.4592158,38.797828],[-77.4572143,38.7971188],[-77.45709,38.7963504],[-77.4566357,38.7961039],[-77.4530272,38.7962856],[-77.4517593,38.7971439],[-77.4515276,38.7969697],[-77.4525537,38.7961241],[-77.4570951,38.7957676],[-77.4575846,38.7969448],[-77.4585063,38.797532],[-77.4593187,38.7976055],[-77.4614178,38.7956194],[-77.4624018,38.7953939],[-77.4658365,38.7965082],[-77.4704183,38.7956338],[-77.4722971,38.7963378],[-77.474593,38.7964597],[-77.4759723,38.7975661],[-77.4760412,38.7989124],[-77.4765374,38.7992323],[-77.4797231,38.7989373],[-77.4803051,38.7979817],[-77.4801504,38.7967835],[-77.4806836,38.7963719],[-77.4832789,38.7970706],[-77.4848369,38.797007],[-77.486783,38.7963965],[-77.4913811,38.7974979],[-77.4927921,38.7975669],[-77.4933456,38.7980177],[-77.4941009,38.7979328],[-77.4945025,38.8001657],[-77.4899384,38.8058156],[-77.4893599,38.8089038],[-77.4912404,38.8112388],[-77.4970545,38.8131372],[-77.5011898,38.8138071],[-77.5052367,38.8162144],[-77.5056586,38.8187242],[-77.5065569,38.8206489],[-77.5062303,38.8217376],[-77.505391,38.8223844],[-77.5035755,38.824808]]],"type":"Polygon"},"properties":{"kind":"water"},"type":"Feature"},{"geometry":{"coordinates":[[[-77.5065722,38.8944212],[-77.5058104,38.8929181],[-77.505966,38.8921457],[-77.5062932,38.8919912],[-77.5067167,38.8927118],[-77.5065776,38.8936822],[-77.5068658,38.8939052],[-77.5065722,38.8944212]]],"type":"Polygon"},"properties":{"kind":"water"},"type":"Feature"},{"geometry":{"coordinates":[[[-77.5102767,38.8983677],[-77.5107219,38.8970317],[-77.5113603,38.8971528],[-77.5108399,38.8984721],[-77.5102767,38.8983677]]],"type":"Polygon"},"properties":{"kind":"water"},"type":"Feature"},{"geometry":{"coordinates":[[[-77.5172459,38.9170531],[-77.5176804,38.9159262],[-77.5181525,38.9161474],[-77.5177126,38.9171742],[-77.5172459,38.9170531]]],"type":"Polygon"},"properties":{"kind":"water"},"type":"Feature"},{"geometry":{"coordinates":[[[-77.5102764,38.9198608],[-77.5104345,38.9173066],[-77.5111493,38.9165426],[-77.5113237,38.9171248],[-77.5110487,38.9186159],[-77.5102764,38.9198608]]],"type":"Polygon"},"properties":{"kind":"water"},"type":"Feature"},{"geometry":{"coordinates":[[[-77.5177477,38.9512318],[-77.5180669,38.9507359],[-77.5197239,38.9509126],[-77.5192802,38.9512603],[-77.5177477,38.9512318]]],"type":"Polygon"},"properties":{"kind":"water"},"type":"Feature"},{"geometry":{"coordinates":[[[-77.5219493,38.9603101],[-77.5209713,38.9598886],[-77.5209761,38.9594081],[-77.5210582,38.9596242],[-77.5211182,38.9593797],[-77.5220038,38.9594885],[-77.5219493,38.9603101]]],"type":"Polygon"},"properties":{"kind":"water"},"type":"Feature"},{"geometry":{"coordinates":[[[-77.5074002,39.0554761],[-77.5077941,39.0549303],[-77.5086584,39.0553147],[-77.5078734,39.055799],[-77.5074002,39.0554761]]],"type":"Polygon"},"properties":{"kind":"water"},"type":"Feature"},{"geometry":{"coordinates":[[[-77.5145059,39.0681775],[-77.5154016,39.0677216],[-77.5166754,39.0681466],[-77.5173422,39.0689965],[-77.51572,39.0702869],[-77.5146104,39.0687068],[-77.5145059,39.0681775]]],"type":"Polygon"},"properties":{"kind":"water"},"type":"Feature"},{"geometry":{"coordinates":[[[-77.5170423,39.0706454],[-77.5161089,39.0717366],[-77.5131262,39.072961],[-77.5123645,39.0738938],[-77.5110588,39.0786563],[-77.5101973,39.0834134],[-77.5115137,39.0857227],[-77.5113345,39.0867446],[-77.5094677,39.0881019],[-77.5024442,39.0908336],[-77.5004233,39.0940808],[-77.4977996,39.0965938],[-77.4976741,39.0981171],[-77.4972524,39.0987628],[-77.4944441,39.0998535],[-77.4912716,39.1004838],[-77.4784002,39.1013528],[-77.4775544,39.1013711],[-77.4772712,39.1010451],[-77.4767352,39.1002545],[-77.4780642,39.1007739],[-77.4872106,39.1002926],[-77.4926127,39.0998427],[-77.4965395,39.098777],[-77.4972207,39.0979714],[-77.4972421,39.0964813],[-77.5006245,39.0932273],[-77.5022445,39.0905283],[-77.5087382,39.0879937],[-77.5107981,39.0867612],[-77.5111784,39.0856686],[-77.5098218,39.0837465],[-77.5098325,39.0827055],[-77.5106264,39.0782998],[-77.5112916,39.0768923],[-77.511989,39.0736689],[-77.5131692,39.0726278],[-77.5158085,39.0714867],[-77.5170959,39.0702539],[-77.5190164,39.0695625],[-77.5192524,39.0698291],[-77.5170423,39.0706454]]],"type":"Polygon"},"properties":{"kind":"water"},"type":"Feature"},{"geometry":{"coordinates":[[[-77.5034916,38.718725],[-77.5025796,38.7189887],[-77.5030369,38.7186243],[-77.5024831,38.7178335],[-77.5024361,38.7172055],[-77.503615,38.7175949],[-77.5053222,38.7188545],[-77.5048595,38.7191352],[-77.5034916,38.718725]]],"type":"Polygon"},"properties":{"kind":"water"},"type":"Feature"},{"geometry":{"coordinates":[[[-77.5039529,38.7206252],[-77.5033414,38.7213953],[-77.5029176,38.7207005],[-77.5031268,38.719809],[-77.5027835,38.7193403],[-77.5042587,38.7193277],[-77.5034969,38.720102],[-77.5039529,38.7206252]]],"type":"Polygon"},"properties":{"kind":"water"},"type":"Feature"},{"geometry":{"coordinates":[[[-77.5045467,38.7331146],[-77.5054404,38.7318157],[-77.5059259,38.7321708],[-77.5054694,38.7327589],[-77.5045467,38.7331146]]],"type":"Polygon"},"properties":{"kind":"water"},"type":"Feature"},{"geometry":{"coordinates":[[[-77.4965989,38.7421115],[-77.4959551,38.7423437],[-77.4956976,38.7416156],[-77.4989807,38.7402851],[-77.4973284,38.7415487],[-77.4987875,38.7435654],[-77.4976503,38.7439587],[-77.4963306,38.7428123],[-77.4965989,38.7421115]]],"type":"Polygon"},"properties":{"kind":"water"},"type":"Feature"},{"geometry":{"coordinates":[[[-77.4887603,38.7653312],[-77.488518,38.7654611],[-77.4881226,38.7650182],[-77.4896896,38.7654531],[-77.4900872,38.7661118],[-77.4895336,38.766319],[-77.4886426,38.765533],[-77.4887603,38.7653312]]],"type":"Polygon"},"properties":{"kind":"water"},"type":"Feature"},{"geometry":{"coordinates":[[[-77.503548,38.7795798],[-77.502983,38.7786323],[-77.503361,38.7781548],[-77.5038548,38.7794726],[-77.503548,38.7795798]]],"type":"Polygon"},"properties":{"kind":"water"},"type":"Feature"},{"geometry":{"coordinates":[[[-77.4969574,38.7980392],[-77.4965711,38.7977591],[-77.496378,38.7981145],[-77.4961956,38.7977967],[-77.4962546,38.7973452],[-77.4968286,38.7970525],[-77.4973114,38.7976295],[-77.4969574,38.7980392]]],"type":"Polygon"},"properties":{"kind":"water"},"type":"Feature"},{"geometry":{"coordinates":[[[-77.4965575,38.8282328],[-77.4970698,38.8274335],[-77.4976948,38.8277376],[-77.496642,38.8285869],[-77.4965575,38.8282328]]],"type":"Polygon"},"properties":{"kind":"water"},"type":"Feature"},{"geometry":{"coordinates":[[[-77.5019782,38.8298138],[-77.5017529,38.8293583],[-77.5020479,38.8288025],[-77.5029921,38.8288569],[-77.5024663,38.8298765],[-77.5019782,38.8298138]]],"type":"Polygon"},"properties":{"kind":"water"},"type":"Feature"},{"geometry":{"coordinates":[[[-77.5050124,38.8431162],[-77.5050407,38.8426572],[-77.5043807,38.8426421],[-77.504294,38.8423981],[-77.5027739,38.8431424],[-77.503549,38.8420894],[-77.5046603,38.8422603],[-77.505607,38.8418151],[-77.5059114,38.8423953],[-77.5050124,38.8431162]]],"type":"Polygon"},"properties":{"kind":"water"},"type":"Feature"},{"geometry":{"coordinates":[[[-77.4914431,38.8663983],[-77.4921941,38.866603],[-77.4923014,38.8672128],[-77.4916952,38.8671794],[-77.4912929,38.8667241],[-77.4914431,38.8663983]]],"type":"Polygon"},"properties":{"kind":"water"},"type":"Feature"},{"geometry":{"coordinates":[[[-77.4949394,38.881882],[-77.4951942,38.882358],[-77.4946846,38.8828748],[-77.4926559,38.8824061],[-77.4931169,38.8822265],[-77.4934414,38.8812524],[-77.4949394,38.881882]]],"type":"Polygon"},"properties":{"kind":"water"},"type":"Feature"},{"geometry":{"coordinates":[[[-77.4955585,38.8903787],[-77.4953654,38.8894768],[-77.4960735,38.8891887],[-77.4964276,38.8908964],[-77.4952903,38.8912179],[-77.4955585,38.8903787]]],"type":"Polygon"},"properties":{"kind":"water"},"type":"Feature"},{"geometry":{"coordinates":[[[-77.5013038,38.8898025],[-77.5022265,38.8901365],[-77.5018832,38.8902492],[-77.5014648,38.8916438],[-77.5013038,38.8898025]]],"type":"Polygon"},"properties":{"kind":"water"},"type":"Feature"},{"geometry":{"coordinates":[[[-77.4972473,38.9015624],[-77.4982768,38.9020114],[-77.498148,38.9026835],[-77.4972366,38.901888],[-77.4972473,38.9015624]]],"type":"Polygon"},"properties":{"kind":"water"},"type":"Feature"},{"geometry":{"coordinates":[[[-77.5032021,38.9567642],[-77.5031002,38.9557964],[-77.5036635,38.954207],[-77.5040926,38.9550079],[-77.5039049,38.956347],[-77.5032021,38.9567642]]],"type":"Polygon"},"properties":{"kind":"water"},"type":"Feature"},{"geometry":{"coordinates":[[[-77.4868416,38.9680695],[-77.487716,38.9676941],[-77.4875175,38.9683281],[-77.4871795,38.9683197],[-77.4864392,38.9691872],[-77.485935,38.9690746],[-77.4868416,38.9680695]]],"type":"Polygon"},"properties":{"kind":"water"},"type":"Feature"},{"geometry":{"coordinates":[[[-77.4901401,38.9914612],[-77.4900971,38.9898001],[-77.4908525,38.9897134],[-77.4909297,38.9903605],[-77.490449,38.991061],[-77.4910756,38.9919682],[-77.4901401,38.9914612]]],"type":"Polygon"},"properties":{"kind":"water"},"type":"Feature"},{"geometry":{"coordinates":[[[-77.4971482,38.9959558],[-77.4964468,38.9953294],[-77.4964897,38.9951553],[-77.4974446,38.9952075],[-77.4976203,38.9963008],[-77.4971589,38.996404],[-77.4971482,38.9959558]]],"type":"Polygon"},"properties":{"kind":"water"},"type":"Feature"},{"geometry":{"coordinates":[[[-77.4882607,38.9967417],[-77.4872576,38.9969147],[-77.4870819,38.99665],[-77.4873313,38.9963717],[-77.4871369,38.9957797],[-77.4878624,38.9958078],[-77.488663,38.9953857],[-77.4881481,38.9962404],[-77.4882607,38.9967417]]],"type":"Polygon"},"properties":{"kind":"water"},"type":"Feature"},{"geometry":{"coordinates":[[[-77.5003438,39.010994],[-77.5008007,39.0098109],[-77.5019531,39.009931],[-77.5011538,39.0102812],[-77.5009106,39.011036],[-77.5003438,39.010994]]],"type":"Polygon"},"properties":{"kind":"water"},"type":"Feature"},{"geometry":{"coordinates":[[[-77.5002984,39.0329748],[-77.4989866,39.0324918],[-77.4993192,39.0318959],[-77.5005863,39.0326604],[-77.5002984,39.0329748]]],"type":"Polygon"},"properties":{"kind":"water"},"type":"Feature"},{"geometry":{"coordinates":[[[-77.5038987,39.0459927],[-77.5034601,39.0462586],[-77.5035071,39.0456219],[-77.5050581,39.0458651],[-77.5053182,39.0462692],[-77.5047261,39.0463969],[-77.5038987,39.0459927]]],"type":"Polygon"},"properties":{"kind":"water"},"type":"Feature"},{"geometry":{"coordinates":[[[-77.4957483,39.0551942],[-77.496709,39.0572389],[-77.4961097,39.0571238],[-77.4949155,39.0557401],[-77.4946004,39.0562206],[-77.494628,39.0575398],[-77.4944373,39.057287],[-77.4942399,39.0550876],[-77.4947102,39.054937],[-77.4947892,39.0526481],[-77.4955779,39.0530238],[-77.4956304,39.0535946],[-77.4962998,39.0544077],[-77.4957483,39.0551942]]],"type":"Polygon"},"properties":{"kind":"water"},"type":"Feature"},{"geometry":{"coordinates":[[[-77.4998512,39.0731075],[-77.500267,39.0720575],[-77.5002887,39.0715135],[-77.5006582,39.0725083],[-77.5011082,39.0727874],[-77.5007705,39.0732845],[-77.4998512,39.0731075]]],"type":"Polygon"},"properties":{"kind":"water"},"type":"Feature"},{"geometry":{"coordinates":[[[-77.4961142,39.0797771],[-77.4948445,39.0790989],[-77.4948573,39.0789344],[-77.4951169,39.0787836],[-77.4964552,39.0794979],[-77.4961142,39.0797771]]],"type":"Polygon"},"properties":{"kind":"water"},"type":"Feature"},{"geometry":{"coordinates":[[[-77.4775306,38.7040282],[-77.4764067,38.7043945],[-77.4761895,38.7035154],[-77.4766937,38.7034768],[-77.4775306,38.7040282]]],"type":"Polygon"},"properties":{"kind":"water"},"type":"Feature"},{"geometry":{"coordinates":[[[-77.466909,38.7296042],[-77.466445,38.7290497],[-77.4681589,38.7287588],[-77.4681388,38.7290497],[-77.466909,38.7296042]]],"type":"Polygon"},"properties":{"kind":"water"},"type":"Feature"},{"geometry":{"coordinates":[[[-77.4789204,38.7323356],[-77.478993,38.7313595],[-77.4797583,38.7310021],[-77.4803584,38.7321156],[-77.4781772,38.7331358],[-77.4789204,38.7323356]]],"type":"Polygon"},"properties":{"kind":"water"},"type":"Feature"},{"geometry":{"coordinates":[[[-77.4784267,38.7759654],[-77.4771131,38.7758765],[-77.4771555,38.7751452],[-77.4765656,38.7737509],[-77.4771745,38.7736716],[-77.4785328,38.7716924],[-77.4773438,38.7742371],[-77.4776067,38.775061],[-77.4782987,38.7754332],[-77.4784267,38.7759654]]],"type":"Polygon"},"properties":{"kind":"water"},"type":"Feature"},{"geometry":{"coordinates":[[[-77.4720533,38.7954123],[-77.4714345,38.7952376],[-77.4713855,38.7948573],[-77.4727788,38.7935136],[-77.4733312,38.7933511],[-77.4741473,38.7937788],[-77.4732138,38.7951867],[-77.4724923,38.7949665],[-77.4720533,38.7954123]]],"type":"Polygon"},"properties":{"kind":"water"},"type":"Feature"},{"geometry":{"coordinates":[[[-77.4681274,38.8204077],[-77.4694524,38.8197772],[-77.4700794,38.8206841],[-77.4696194,38.8209297],[-77.4684265,38.8206162],[-77.4681274,38.8204077]]],"type":"Polygon"},"properties":{"kind":"water"},"type":"Feature"},{"geometry":{"coordinates":[[[-77.475903,38.8261857],[-77.4762248,38.8268126],[-77.4746477,38.8264323],[-77.4752646,38.8260353],[-77.475903,38.8261857]]],"type":"Polygon"},"properties":{"kind":"water"},"type":"Feature"},{"geometry":{"coordinates":[[[-77.4860302,38.8491514],[-77.4870172,38.8493519],[-77.4869958,38.8496026],[-77.4862018,38.8501039],[-77.4860302,38.8491514]]],"type":"Polygon"},"properties":{"kind":"water"},"type":"Feature"},{"geometry":{"coordinates":[[[-77.4795397,38.8615205],[-77.4777197,38.8630134],[-77.4768568,38.8625461],[-77.4767408,38.8627177],[-77.4762907,38.8629381],[-77.4759591,38.86262],[-77.4751827,38.8629413],[-77.4737759,38.8630277],[-77.4724576,38.8629102],[-77.4752646,38.8628647],[-77.4759004,38.8625371],[-77.4763122,38.8628775],[-77.4768113,38.8625116],[-77.4776483,38.8629067],[-77.4787033,38.8619615],[-77.4795397,38.8615205]]],"type":"Polygon"},"properties":{"kind":"water"},"type":"Feature"},{"geometry":{"coordinates":[[[-77.4702353,38.8655687],[-77.4693384,38.8653539],[-77.4696649,38.865808],[-77.4694388,38.8661365],[-77.4686499,38.866212],[-77.4677953,38.8657999],[-77.4679641,38.8654597],[-77.4647869,38.8673611],[-77.4642528,38.8676309],[-77.4638756,38.8675832],[-77.4671792,38.8658471],[-77.4684972,38.8648088],[-77.470072,38.864309],[-77.4715447,38.8628813],[-77.47207,38.862902],[-77.4723264,38.8640991],[-77.4702353,38.8655687]]],"type":"Polygon"},"properties":{"kind":"water"},"type":"Feature"},{"geometry":{"coordinates":[[[-77.4809895,38.8754786],[-77.479981,38.8755872],[-77.4798952,38.8750777],[-77.4806676,38.8747603],[-77.4809895,38.8754786]]],"type":"Polygon"},"properties":{"kind":"water"},"type":"Feature"},{"geometry":{"coordinates":[[[-77.4679756,38.8815602],[-77.4674498,38.8801102],[-77.4681031,38.8797541],[-77.468299,38.8815356],[-77.4679756,38.8815602]]],"type":"Polygon"},"properties":{"kind":"water"},"type":"Feature"},{"geometry":{"coordinates":[[[-77.4728141,38.8874505],[-77.473936,38.8874723],[-77.4738816,38.8882522],[-77.4728739,38.888011],[-77.4728141,38.8874505]]],"type":"Polygon"},"properties":{"kind":"water"},"type":"Feature"},{"geometry":{"coordinates":[[[-77.4800069,38.8890673],[-77.4806104,38.8870318],[-77.4810127,38.8869587],[-77.4807552,38.8881947],[-77.4803395,38.888988],[-77.4800069,38.8890673]]],"type":"Polygon"},"properties":{"kind":"water"},"type":"Feature"},{"geometry":{"coordinates":[[[-77.4662602,38.9487578],[-77.4669091,38.9486664],[-77.467108,38.9494354],[-77.4664229,38.9495564],[-77.4662602,38.9487578]]],"type":"Polygon"},"properties":{"kind":"water"},"type":"Feature"},{"geometry":{"coordinates":[[[-77.4859842,38.9997769],[-77.4865206,38.9996185],[-77.4865367,39.0005399],[-77.4860539,39.0011777],[-77.4857857,39.0009984],[-77.4859842,38.9997769]]],"type":"Polygon"},"properties":{"kind":"water"},"type":"Feature"},{"geometry":{"coordinates":[[[-77.4709822,39.0089541],[-77.4712504,39.0084789],[-77.4723019,39.0083747],[-77.4729671,39.0074743],[-77.4735464,39.0075368],[-77.4743618,39.0082538],[-77.4741472,39.0085664],[-77.4723448,39.0088832],[-77.4716474,39.0093334],[-77.4709822,39.0089541]]],"type":"Polygon"},"properties":{"kind":"water"},"type":"Feature"},{"geometry":{"coordinates":[[[-77.4676509,39.0101087],[-77.4673183,39.0098461],[-77.4674202,39.0095669],[-77.469169,39.0092751],[-77.4696411,39.0095543],[-77.4693461,39.0099337],[-77.4676509,39.0101087]]],"type":"Polygon"},"properties":{"kind":"water"},"type":"Feature"},{"geometry":{"coordinates":[[[-77.4810322,39.0095835],[-77.4822539,39.0102651],[-77.4822231,39.010436],[-77.4808632,39.01019],[-77.4810322,39.0095835]]],"type":"Polygon"},"properties":{"kind":"water"},"type":"Feature"},{"geometry":{"coordinates":[[[-77.4848124,39.0203381],[-77.4832012,39.0209101],[-77.481923,39.0206784],[-77.4821907,39.0201333],[-77.4844466,39.0197953],[-77.4853321,39.0189797],[-77.4848124,39.0203381]]],"type":"Polygon"},"properties":{"kind":"water"},"type":"Feature"},{"geometry":{"coordinates":[[[-77.4841851,39.0270239],[-77.4804541,39.0279939],[-77.4799704,39.0273653],[-77.4799712,39.026568],[-77.4804944,39.0262051],[-77.4804038,39.0269998],[-77.4809485,39.0272125],[-77.4841851,39.0270239]]],"type":"Polygon"},"properties":{"kind":"water"},"type":"Feature"},{"geometry":{"coordinates":[[[-77.477721,39.0284439],[-77.4773668,39.0280157],[-77.4772596,39.0268395],[-77.4777934,39.0278116],[-77.4795046,39.0278001],[-77.4797943,39.0281074],[-77.4794912,39.0283877],[-77.477721,39.0284439]]],"type":"Polygon"},"properties":{"kind":"water"},"type":"Feature"},{"geometry":{"coordinates":[[[-77.477139,39.0285231],[-77.4762494,39.0293116],[-77.4744663,39.0298199],[-77.4739488,39.0296836],[-77.4742254,39.0291336],[-77.4770058,39.0283139],[-77.477139,39.0285231]]],"type":"Polygon"},"properties":{"kind":"water"},"type":"Feature"},{"geometry":{"coordinates":[[[-77.4737513,39.0346383],[-77.4734885,39.0341529],[-77.4742985,39.0337986],[-77.4759937,39.0354556],[-77.4752127,39.0354756],[-77.4737513,39.0346383]]],"type":"Polygon"},"properties":{"kind":"water"},"type":"Feature"},{"geometry":{"coordinates":[[[-77.4723756,39.0485993],[-77.4718219,39.0474967],[-77.4725014,39.0473892],[-77.4728427,39.0468994],[-77.4744252,39.0469995],[-77.474472,39.0460502],[-77.4746844,39.0470824],[-77.4758066,39.0471083],[-77.4761948,39.0468389],[-77.4758324,39.0461471],[-77.4759836,39.0459104],[-77.4762432,39.0467942],[-77.4772158,39.0466799],[-77.4765998,39.0470817],[-77.4766065,39.0476224],[-77.4776742,39.0485605],[-77.4795542,39.04914],[-77.4770647,39.0487367],[-77.4765687,39.0480889],[-77.4759191,39.0479351],[-77.4750316,39.0484465],[-77.4742575,39.048037],[-77.4736591,39.0481372],[-77.4733366,39.0486261],[-77.4734389,39.049248],[-77.4723756,39.0485993]]],"type":"Polygon"},"properties":{"kind":"water"},"type":"Feature"},{"geometry":{"coordinates":[[[-77.4861532,39.0796331],[-77.4848855,39.0793921],[-77.4857605,39.0792438],[-77.4859629,39.0787655],[-77.4863152,39.079066],[-77.4862672,39.0786984],[-77.4864673,39.0791209],[-77.4861532,39.0796331]]],"type":"Polygon"},"properties":{"kind":"water"},"type":"Feature"},{"geometry":{"coordinates":[[[-77.469409,39.0825609],[-77.4688903,39.0813741],[-77.4697128,39.0807453],[-77.4698395,39.0811676],[-77.4694062,39.0815126],[-77.4700398,39.0820311],[-77.4697548,39.0825881],[-77.469409,39.0825609]]],"type":"Polygon"},"properties":{"kind":"water"},"type":"Feature"},{"geometry":{"coordinates":[[[-77.4693472,39.0852689],[-77.471021,39.086058],[-77.4701358,39.0861871],[-77.4712082,39.0869576],[-77.4713697,39.0873821],[-77.4709888,39.0872655],[-77.4712409,39.0877027],[-77.4710371,39.0878651],[-77.4723776,39.0892143],[-77.4711765,39.0885771],[-77.4699583,39.0873365],[-77.4697276,39.0869284],[-77.4707254,39.0870492],[-77.4709722,39.0876738],[-77.4711009,39.0876904],[-77.4704947,39.0865995],[-77.4696847,39.0862206],[-77.4696289,39.0855198],[-77.4688567,39.0852522],[-77.4687639,39.0851049],[-77.4693472,39.0852689]]],"type":"Polygon"},"properties":{"kind":"water"},"type":"Feature"},{"geometry":{"coordinates":[[[-77.4662294,38.7225765],[-77.4648936,38.7233745],[-77.4641577,38.7231948],[-77.4654928,38.7226047],[-77.4662294,38.7225765]]],"type":"Polygon"},"properties":{"kind":"water"},"type":"Feature"},{"geometry":{"coordinates":[[[-77.4621385,38.7337891],[-77.4614986,38.7329138],[-77.4617899,38.7326713],[-77.4626031,38.7331558],[-77.4626403,38.7337659],[-77.4621385,38.7337891]]],"type":"Polygon"},"properties":{"kind":"water"},"type":"Feature"},{"geometry":{"coordinates":[[[-77.4622352,38.7700788],[-77.4616143,38.7700024],[-77.4627448,38.7686902],[-77.4626289,38.7695126],[-77.4622352,38.7700788]]],"type":"Polygon"},"properties":{"kind":"water"},"type":"Feature"},{"geometry":{"coordinates":[[[-77.4622423,38.7730627],[-77.4617202,38.7730893],[-77.4615647,38.7722969],[-77.4617514,38.7711395],[-77.4621025,38.7710355],[-77.4622423,38.7730627]]],"type":"Polygon"},"properties":{"kind":"water"},"type":"Feature"},{"geometry":{"coordinates":[[[-77.4622444,38.8040613],[-77.460517,38.8039735],[-77.4601952,38.8045379],[-77.460281,38.8031583],[-77.4641702,38.8038816],[-77.4638108,38.8047469],[-77.4631027,38.8052527],[-77.462239,38.8051942],[-77.4622444,38.8040613]]],"type":"Polygon"},"properties":{"kind":"water"},"type":"Feature"},{"geometry":{"coordinates":[[[-77.465286,38.8050437],[-77.4641702,38.8047135],[-77.4646208,38.8037854],[-77.466611,38.8041031],[-77.467362,38.8054074],[-77.4657095,38.8063037],[-77.465286,38.8050437]]],"type":"Polygon"},"properties":{"kind":"water"},"type":"Feature"},{"geometry":{"coordinates":[[[-77.4528641,38.8579636],[-77.4532537,38.8560323],[-77.4536769,38.8559637],[-77.453194,38.8578526],[-77.4528641,38.8579636]]],"type":"Polygon"},"properties":{"kind":"water"},"type":"Feature"},{"geometry":{"coordinates":[[[-77.4484701,38.8729527],[-77.4494893,38.8739885],[-77.4493498,38.8742725],[-77.4477945,38.8728443],[-77.4484701,38.8729527]]],"type":"Polygon"},"properties":{"kind":"water"},"type":"Feature"},{"geometry":{"coordinates":[[[-77.4566609,38.876093],[-77.4573733,38.8760195],[-77.4572188,38.8769282],[-77.4565236,38.876681],[-77.4566609,38.876093]]],"type":"Polygon"},"properties":{"kind":"water"},"type":"Feature"},{"geometry":{"coordinates":[[[-77.4543538,38.886298],[-77.454225,38.8850536],[-77.4548688,38.8851079],[-77.4556198,38.8857927],[-77.4553194,38.8861811],[-77.4543538,38.886298]]],"type":"Polygon"},"properties":{"kind":"water"},"type":"Feature"},{"geometry":{"coordinates":[[[-77.4534794,38.8917512],[-77.4536511,38.8909077],[-77.4546381,38.8912376],[-77.4543913,38.8916259],[-77.4534794,38.8917512]]],"type":"Polygon"},"properties":{"kind":"water"},"type":"Feature"},{"geometry":{"coordinates":[[[-77.4642161,38.8999821],[-77.4646507,38.8991827],[-77.4654954,38.8996773],[-77.4647526,38.89998],[-77.4642161,38.8999821]]],"type":"Polygon"},"properties":{"kind":"water"},"type":"Feature"},{"geometry":{"coordinates":[[[-77.4640123,38.9036829],[-77.4626175,38.9031841],[-77.4630852,38.9027253],[-77.4641742,38.9034475],[-77.4640123,38.9036829]]],"type":"Polygon"},"properties":{"kind":"water"},"type":"Feature"},{"geometry":{"coordinates":[[[-77.4617818,38.9083509],[-77.4612715,38.9081461],[-77.4620183,38.907933],[-77.462646,38.9084243],[-77.4618227,38.9096364],[-77.4614422,38.9095672],[-77.4617818,38.9083509]]],"type":"Polygon"},"properties":{"kind":"water"},"type":"Feature"},{"geometry":{"coordinates":[[[-77.4458765,38.9349088],[-77.4471479,38.9351759],[-77.4473464,38.9355013],[-77.4469279,38.9357559],[-77.44556,38.9356432],[-77.4458765,38.9349088]]],"type":"Polygon"},"properties":{"kind":"water"},"type":"Feature"},{"geometry":{"coordinates":[[[-77.4640654,38.9897296],[-77.4615531,38.9869211],[-77.4616761,38.9858655],[-77.4627623,38.985637],[-77.4635549,38.9846777],[-77.4638451,38.9839632],[-77.4639236,38.980765],[-77.4646704,38.9794439],[-77.4640524,38.9818859],[-77.4644173,38.9839876],[-77.4625503,38.986356],[-77.4630653,38.9876236],[-77.4653033,38.9891919],[-77.4640654,38.9897296]]],"type":"Polygon"},"properties":{"kind":"water"},"type":"Feature"},{"geometry":{"coordinates":[[[-77.4562368,38.9885915],[-77.4553892,38.9882695],[-77.4554057,38.9878026],[-77.454949,38.9874262],[-77.4555901,38.9874241],[-77.4562368,38.9885915]]],"type":"Polygon"},"properties":{"kind":"water"},"type":"Feature"},{"geometry":{"coordinates":[[[-77.4549202,39.002452],[-77.4551294,39.0015056],[-77.4561594,39.0014014],[-77.4562532,39.0025895],[-77.4549202,39.002452]]],"type":"Polygon"},"properties":{"kind":"water"},"type":"Feature"},{"geometry":{"coordinates":[[[-77.4592835,39.0102932],[-77.4588503,39.0099868],[-77.4600559,39.009496],[-77.4598199,39.0097753],[-77.4600559,39.0097868],[-77.4604248,39.0094137],[-77.4601874,39.0099837],[-77.4592835,39.0102932]]],"type":"Polygon"},"properties":{"kind":"water"},"type":"Feature"},{"geometry":{"coordinates":[[[-77.4496289,39.0099724],[-77.4507242,39.0096839],[-77.4509578,39.0097533],[-77.4505175,39.0103852],[-77.4498088,39.0104402],[-77.4496289,39.0099724]]],"type":"Polygon"},"properties":{"kind":"water"},"type":"Feature"},{"geometry":{"coordinates":[[[-77.4592097,39.0105454],[-77.4588597,39.0113561],[-77.4581784,39.0106121],[-77.4585579,39.0102182],[-77.4592097,39.0105454]]],"type":"Polygon"},"properties":{"kind":"water"},"type":"Feature"},{"geometry":{"coordinates":[[[-77.4475267,39.0154683],[-77.4465906,39.0148035],[-77.4465825,39.0141762],[-77.4476179,39.0144555],[-77.4478459,39.0143138],[-77.4476527,39.0139699],[-77.4480926,39.0140533],[-77.4481838,39.0145222],[-77.4475267,39.0154683]]],"type":"Polygon"},"properties":{"kind":"water"},"type":"Feature"},{"geometry":{"coordinates":[[[-77.4476581,39.0188735],[-77.44684,39.0187401],[-77.4463418,39.0182746],[-77.4466871,39.0179066],[-77.4473979,39.0178461],[-77.4493452,39.0182754],[-77.4476581,39.0188735]]],"type":"Polygon"},"properties":{"kind":"water"},"type":"Feature"},{"geometry":{"coordinates":[[[-77.4642563,39.0225137],[-77.4633292,39.0221354],[-77.4650606,39.0213783],[-77.4642563,39.0225137]]],"type":"Polygon"},"properties":{"kind":"water"},"type":"Feature"},{"geometry":{"coordinates":[[[-77.4633972,39.0237654],[-77.4628183,39.0236361],[-77.4634943,39.0227824],[-77.463938,39.023049],[-77.4633972,39.0237654]]],"type":"Polygon"},"properties":{"kind":"water"},"type":"Feature"},{"geometry":{"coordinates":[[[-77.4637009,39.0363551],[-77.4631318,39.0365033],[-77.4629708,39.0355783],[-77.4618663,39.0347925],[-77.4636092,39.0348928],[-77.4637009,39.0363551]]],"type":"Polygon"},"properties":{"kind":"water"},"type":"Feature"},{"geometry":{"coordinates":[[[-77.4545137,39.0592304],[-77.453254,39.0586703],[-77.4514356,39.057892],[-77.4526568,39.0580711],[-77.4545137,39.0592304]]],"type":"Polygon"},"properties":{"kind":"water"},"type":"Feature"},{"geometry":{"coordinates":[[[-77.4660842,39.0611119],[-77.4643582,39.0586834],[-77.4644119,39.0584459],[-77.4651253,39.0584084],[-77.46674,39.0605411],[-77.4665206,39.0610528],[-77.4660842,39.0611119]]],"type":"Polygon"},"properties":{"kind":"water"},"type":"Feature"},{"geometry":{"coordinates":[[[-77.4662349,39.0728228],[-77.4648297,39.0722384],[-77.4644468,39.0715871],[-77.4663433,39.0723001],[-77.4662349,39.0728228]]],"type":"Polygon"},"properties":{"kind":"water"},"type":"Feature"},{"geometry":{"coordinates":[[[-77.4391429,38.7295526],[-77.4408309,38.7310689],[-77.4408585,38.7312684],[-77.4388694,38.730579],[-77.438607,38.7298467],[-77.4391429,38.7295526]]],"type":"Polygon"},"properties":{"kind":"water"},"type":"Feature"},{"geometry":{"coordinates":[[[-77.4424715,38.872212],[-77.4430756,38.8711984],[-77.4434779,38.8713237],[-77.4430187,38.8723582],[-77.4424715,38.872212]]],"type":"Polygon"},"properties":{"kind":"water"},"type":"Feature"},{"geometry":{"coordinates":[[[-77.4340064,38.8740017],[-77.4340842,38.8730996],[-77.4335757,38.8725964],[-77.4340708,38.8725984],[-77.4348245,38.8735506],[-77.4340064,38.8740017]]],"type":"Polygon"},"properties":{"kind":"water"},"type":"Feature"},{"geometry":{"coordinates":[[[-77.4381157,38.8794621],[-77.4370385,38.87806],[-77.4384494,38.8784275],[-77.4384376,38.8794245],[-77.4381157,38.8794621]]],"type":"Polygon"},"properties":{"kind":"water"},"type":"Feature"},{"geometry":{"coordinates":[[[-77.4457519,38.8815522],[-77.4453482,38.8812248],[-77.4459739,38.8805379],[-77.4468402,38.880796],[-77.4457519,38.8815522]]],"type":"Polygon"},"properties":{"kind":"water"},"type":"Feature"},{"geometry":{"coordinates":[[[-77.4407088,38.8912456],[-77.4424682,38.8906462],[-77.4430404,38.8907878],[-77.4428211,38.8911416],[-77.4407088,38.8912456]]],"type":"Polygon"},"properties":{"kind":"water"},"type":"Feature"},{"geometry":{"coordinates":[[[-77.4404782,38.8943253],[-77.4392484,38.8936888],[-77.4404508,38.8935102],[-77.4410018,38.8937633],[-77.4404782,38.8943253]]],"type":"Polygon"},"properties":{"kind":"water"},"type":"Feature"},{"geometry":{"coordinates":[[[-77.4336431,38.8969371],[-77.4336266,38.8980098],[-77.4318189,38.8978845],[-77.4321098,38.8976115],[-77.4332115,38.8977091],[-77.4336431,38.8969371]]],"type":"Polygon"},"properties":{"kind":"water"},"type":"Feature"},{"geometry":{"coordinates":[[[-77.4446875,38.9082688],[-77.4458837,38.9082459],[-77.4460312,38.9088595],[-77.4446365,38.9088824],[-77.4446875,38.9082688]]],"type":"Polygon"},"properties":{"kind":"water"},"type":"Feature"},{"geometry":{"coordinates":[[[-77.4285675,38.9117851],[-77.4285944,38.9130749],[-77.4275429,38.9131041],[-77.4279721,38.9118477],[-77.4285675,38.9117851]]],"type":"Polygon"},"properties":{"kind":"water"},"type":"Feature"},{"geometry":{"coordinates":[[[-77.4435153,38.9135199],[-77.4423539,38.9135325],[-77.4428099,38.9125933],[-77.443518,38.9127018],[-77.4435153,38.9135199]]],"type":"Polygon"},"properties":{"kind":"water"},"type":"Feature"},{"geometry":{"coordinates":[[[-77.4290818,38.9222451],[-77.4280572,38.9213811],[-77.4283844,38.9208469],[-77.4290389,38.9213394],[-77.4290818,38.9222451]]],"type":"Polygon"},"properties":{"kind":"water"},"type":"Feature"},{"geometry":{"coordinates":[[[-77.4266569,38.9557767],[-77.4258254,38.9546879],[-77.4265282,38.9548662],[-77.4278873,38.9566775],[-77.4268661,38.9566767],[-77.4265067,38.9561521],[-77.4266569,38.9557767]]],"type":"Polygon"},"properties":{"kind":"water"},"type":"Feature"},{"geometry":{"coordinates":[[[-77.4360497,38.9846279],[-77.4405451,38.982372],[-77.4412013,38.9824065],[-77.4403952,38.982564],[-77.4366452,38.9845654],[-77.4360497,38.9846279]]],"type":"Polygon"},"properties":{"kind":"water"},"type":"Feature"},{"geometry":{"coordinates":[[[-77.4414805,39.0022355],[-77.4409037,39.0020286],[-77.4415249,39.0005915],[-77.4422651,39.0006586],[-77.4414805,39.0022355]]],"type":"Polygon"},"properties":{"kind":"water"},"type":"Feature"},{"geometry":{"coordinates":[[[-77.4448508,39.0065988],[-77.4446158,39.0059122],[-77.4440863,39.0055847],[-77.4443422,39.0051733],[-77.4447727,39.0052181],[-77.4462721,39.006823],[-77.4448508,39.0065988]]],"type":"Polygon"},"properties":{"kind":"water"},"type":"Feature"},{"geometry":{"coordinates":[[[-77.444528,39.0133926],[-77.4432832,39.0108287],[-77.4444341,39.0115003],[-77.444528,39.0133926]]],"type":"Polygon"},"properties":{"kind":"water"},"type":"Feature"},{"geometry":{"coordinates":[[[-77.4435659,39.0167655],[-77.4434338,39.0163039],[-77.4444975,39.015758],[-77.4446033,39.0161682],[-77.4442108,39.0166169],[-77.4444258,39.0174459],[-77.4435659,39.0167655]]],"type":"Polygon"},"properties":{"kind":"water"},"type":"Feature"},{"geometry":{"coordinates":[[[-77.4303505,39.0245912],[-77.4305306,39.0230261],[-77.4309115,39.0229052],[-77.4307153,39.0248912],[-77.4303505,39.0245912]]],"type":"Polygon"},"properties":{"kind":"water"},"type":"Feature"},{"geometry":{"coordinates":[[[-77.4390429,39.0240283],[-77.440386,39.0251101],[-77.4411987,39.029067],[-77.4410646,39.0295191],[-77.4401741,39.0307922],[-77.4379975,39.0305328],[-77.4371579,39.0307807],[-77.4376112,39.0318454],[-77.4373376,39.0331726],[-77.4365075,39.0338528],[-77.4355017,39.0338549],[-77.4346299,39.0348831],[-77.4344127,39.0356706],[-77.4380739,39.0387592],[-77.4399555,39.0410217],[-77.4443315,39.0428706],[-77.4449363,39.0445611],[-77.4464451,39.0435153],[-77.4468474,39.0426216],[-77.4467401,39.0415311],[-77.4475555,39.0398384],[-77.4481121,39.0395676],[-77.4498475,39.0397342],[-77.4519959,39.0394436],[-77.4517599,39.0376072],[-77.4525109,39.0359571],[-77.4534738,39.0353008],[-77.4536441,39.0347425],[-77.4551556,39.0339487],[-77.4566267,39.0326423],[-77.4574824,39.0327017],[-77.4581904,39.032175],[-77.4575977,39.0327715],[-77.4566898,39.0327205],[-77.4552333,39.0340081],[-77.453683,39.034806],[-77.4534188,39.0354821],[-77.4526021,39.0360134],[-77.4518953,39.0375561],[-77.4522212,39.0392707],[-77.4519798,39.039528],[-77.4499065,39.039878],[-77.4477392,39.0398197],[-77.4469158,39.0414019],[-77.4470016,39.0425945],[-77.4464116,39.0437466],[-77.4467576,39.0439695],[-77.4470016,39.0444871],[-77.4471572,39.0455089],[-77.4475957,39.0457901],[-77.4470821,39.0455485],[-77.4466784,39.0440653],[-77.4463364,39.0438799],[-77.4452716,39.0446329],[-77.4429703,39.0452381],[-77.442348,39.0465098],[-77.4416246,39.0469753],[-77.4342716,39.046087],[-77.4326202,39.0468329],[-77.4314285,39.0478892],[-77.4317298,39.0488003],[-77.4326703,39.0484412],[-77.4329329,39.048566],[-77.4328712,39.0512608],[-77.432533,39.0523328],[-77.4346286,39.052251],[-77.435632,39.0535383],[-77.4366078,39.0564399],[-77.4357596,39.0574344],[-77.4358483,39.0579768],[-77.4364137,39.0583513],[-77.4386313,39.0587388],[-77.4405453,39.0613329],[-77.4406992,39.062234],[-77.4426153,39.0660385],[-77.4444741,39.0686047],[-77.4446271,39.0701477],[-77.4443546,39.0712577],[-77.4437498,39.0712396],[-77.4442643,39.0702533],[-77.4440801,39.0685619],[-77.4422906,39.066252],[-77.4403888,39.0623444],[-77.4402369,39.0613821],[-77.4385143,39.058873],[-77.436643,39.058618],[-77.435695,39.058132],[-77.435571,39.057403],[-77.4363084,39.0564864],[-77.4354564,39.0535753],[-77.4345827,39.0524252],[-77.4331606,39.0526322],[-77.4323551,39.0523507],[-77.4328286,39.0487027],[-77.4317442,39.0490131],[-77.4311927,39.0480194],[-77.4312888,39.0475887],[-77.4324018,39.0466934],[-77.4343806,39.045816],[-77.4415616,39.0467697],[-77.4421777,39.0463088],[-77.442749,39.0451048],[-77.4446721,39.0444527],[-77.4442041,39.0430258],[-77.439521,39.0409811],[-77.4379586,39.0389332],[-77.4353381,39.0369499],[-77.4341995,39.0355988],[-77.4343711,39.0348081],[-77.4352723,39.0337893],[-77.4365021,39.0336601],[-77.4371177,39.0331007],[-77.4373685,39.0315714],[-77.436875,39.0309599],[-77.4369997,39.0306651],[-77.4381933,39.0303421],[-77.4400882,39.0306505],[-77.440964,39.0292993],[-77.4402519,39.0252601],[-77.4391367,39.0244284],[-77.4390429,39.0240283]]],"type":"Polygon"},"properties":{"kind":"water"},"type":"Feature"},{"geometry":{"coordinates":[[[-77.4292566,39.0265205],[-77.4284488,39.0266353],[-77.4289745,39.0265019],[-77.4295168,39.0254036],[-77.4304636,39.024791],[-77.4306004,39.0252328],[-77.4292566,39.0265205]]],"type":"Polygon"},"properties":{"kind":"water"},"type":"Feature"},{"geometry":{"coordinates":[[[-77.4388109,39.0294816],[-77.4378874,39.0296116],[-77.4372181,39.0286037],[-77.4376134,39.0284788],[-77.4384992,39.0289911],[-77.4388109,39.0294816]]],"type":"Polygon"},"properties":{"kind":"water"},"type":"Feature"},{"geometry":{"coordinates":[[[-77.4392086,39.0444166],[-77.4377147,39.0450265],[-77.4376439,39.0449328],[-77.4376948,39.0443225],[-77.4392086,39.0444166]]],"type":"Polygon"},"properties":{"kind":"water"},"type":"Feature"},{"geometry":{"coordinates":[[[-77.4268285,39.0455258],[-77.4290172,39.0448326],[-77.4293605,39.0453392],[-77.4280473,39.0455725],[-77.4268285,39.0455258]]],"type":"Polygon"},"properties":{"kind":"water"},"type":"Feature"},{"geometry":{"coordinates":[[[-77.4406871,39.0525012],[-77.4398583,39.0520742],[-77.4398181,39.0519471],[-77.4403223,39.0518846],[-77.4411216,39.0524762],[-77.4406495,39.0530906],[-77.4404135,39.0529573],[-77.4406871,39.0525012]]],"type":"Polygon"},"properties":{"kind":"water"},"type":"Feature"},{"geometry":{"coordinates":[[[-77.4456056,39.0703289],[-77.4457158,39.0697733],[-77.4452826,39.0689832],[-77.4463829,39.0685018],[-77.4470791,39.0693397],[-77.4461347,39.0697419],[-77.4462519,39.0705251],[-77.4456056,39.0703289]]],"type":"Polygon"},"properties":{"kind":"water"},"type":"Feature"},{"geometry":{"coordinates":[[[-77.410437,38.7104979],[-77.4095196,38.7138427],[-77.4099536,38.7147027],[-77.4094806,38.7145848],[-77.4079688,38.71624],[-77.4075543,38.7172826],[-77.4080127,38.7175223],[-77.4073934,38.7174158],[-77.4078713,38.7187247],[-77.4071934,38.7182909],[-77.4063497,38.7195199],[-77.4068862,38.7195047],[-77.4056133,38.7205244],[-77.4059986,38.720551],[-77.406379,38.7212587],[-77.4055304,38.7213348],[-77.4053256,38.7210304],[-77.4047404,38.7216506],[-77.4037894,38.7219436],[-77.4020192,38.7213196],[-77.4005074,38.7193068],[-77.3998976,38.7175959],[-77.4004083,38.7181865],[-77.4004398,38.7174438],[-77.401039,38.7184089],[-77.4024581,38.7183974],[-77.4008878,38.7186372],[-77.4019704,38.7205168],[-77.4030238,38.7212245],[-77.4038967,38.7212625],[-77.4065107,38.7180246],[-77.4076567,38.715536],[-77.4087247,38.7148511],[-77.4088661,38.7124614],[-77.4100248,38.7100445],[-77.410437,38.7104979]]],"type":"Polygon"},"properties":{"kind":"water"},"type":"Feature"},{"geometry":{"coordinates":[[[-77.3919477,38.7396247],[-77.3901292,38.7411435],[-77.3895874,38.740859],[-77.3906442,38.7399971],[-77.3919477,38.7396247]]],"type":"Polygon"},"properties":{"kind":"water"},"type":"Feature"},{"geometry":{"coordinates":[[[-77.4117659,38.75006],[-77.412812,38.7505766],[-77.4110879,38.7506588],[-77.4106734,38.7503001],[-77.4114834,38.7493455],[-77.4130761,38.7489162],[-77.4128713,38.7494873],[-77.4120005,38.749684],[-77.4117659,38.75006]]],"type":"Polygon"},"properties":{"kind":"water"},"type":"Feature"},{"geometry":{"coordinates":[[[-77.4029824,38.7512172],[-77.401296,38.7516464],[-77.4005032,38.7510847],[-77.4029824,38.7512172]]],"type":"Polygon"},"properties":{"kind":"water"},"type":"Feature"},{"geometry":{"coordinates":[[[-77.3935546,38.7590895],[-77.3926373,38.7587716],[-77.3929422,38.7584908],[-77.3928012,38.7571637],[-77.3935331,38.757136],[-77.3936933,38.758739],[-77.3935546,38.7590895]]],"type":"Polygon"},"properties":{"kind":"water"},"type":"Feature"},{"geometry":{"coordinates":[[[-77.407281,38.868202],[-77.406685,38.868701],[-77.406328,38.868725],[-77.405826,38.868495],[-77.405683,38.868682],[-77.405507,38.868742],[-77.405309,38.868641],[-77.405269,38.868255],[-77.404632,38.867755],[-77.402966,38.867431],[-77.402323,38.867202],[-77.402285,38.867342],[-77.402166,38.867423],[-77.400036,38.867284],[-77.39946,38.86705],[-77.399399,38.866878],[-77.398716,38.867104],[-77.398244,38.866877],[-77.398245,38.86666],[-77.398032,38.866684],[-77.39825,38.866631],[-77.398861,38.867016],[-77.399468,38.86686],[-77.399971,38.867232],[-77.402158,38.867379],[-77.402323,38.867154],[-77.404691,38.867726],[-77.405268,38.868175],[-77.405498,38.868718],[-77.405661,38.868486],[-77.405966,38.868432],[-77.406539,38.868661],[-77.406791,38.868327],[-77.407281,38.868202]]],"type":"Polygon"},"properties":{"kind":"water"},"type":"Feature"},{"geometry":{"coordinates":[[[-77.4002829,38.884532],[-77.3996305,38.8847832],[-77.3990887,38.8839559],[-77.3994598,38.8838207],[-77.4002829,38.884532]]],"type":"Polygon"},"properties":{"kind":"water"},"type":"Feature"},{"geometry":{"coordinates":[[[-77.3949811,38.8885314],[-77.3948115,38.8872662],[-77.395651,38.8882517],[-77.3966085,38.888594],[-77.3960211,38.8890847],[-77.3949811,38.8885314]]],"type":"Polygon"},"properties":{"kind":"water"},"type":"Feature"},{"geometry":{"coordinates":[[[-77.3943044,38.8989656],[-77.3937894,38.898857],[-77.3936282,38.8992918],[-77.3934968,38.8990226],[-77.3940067,38.8983874],[-77.3940898,38.8974396],[-77.3957315,38.8984563],[-77.3943044,38.8989656]]],"type":"Polygon"},"properties":{"kind":"water"},"type":"Feature"},{"geometry":{"coordinates":[[[-77.3934139,38.8995208],[-77.3913805,38.9005756],[-77.3924266,38.8994213],[-77.3929284,38.8992035],[-77.3934139,38.8995208]]],"type":"Polygon"},"properties":{"kind":"water"},"type":"Feature"},{"geometry":{"coordinates":[[[-77.3889889,38.9078222],[-77.3889723,38.907337],[-77.388453,38.9068315],[-77.3891923,38.9068461],[-77.3893603,38.9064165],[-77.389721,38.9064176],[-77.389946,38.9066569],[-77.3889889,38.9078222]]],"type":"Polygon"},"properties":{"kind":"water"},"type":"Feature"},{"geometry":{"coordinates":[[[-77.3908658,38.9132171],[-77.3904049,38.9123976],[-77.3915924,38.9125013],[-77.3913491,38.9130488],[-77.3908658,38.9132171]]],"type":"Polygon"},"properties":{"kind":"water"},"type":"Feature"},{"geometry":{"coordinates":[[[-77.4104927,38.9314514],[-77.4117131,38.9308985],[-77.4125554,38.9298177],[-77.413183,38.9302308],[-77.4120779,38.931658],[-77.4118258,38.9313158],[-77.4104927,38.9314514]]],"type":"Polygon"},"properties":{"kind":"water"},"type":"Feature"},{"geometry":{"coordinates":[[[-77.3936548,38.9407731],[-77.3920157,38.9399984],[-77.3935552,38.9402763],[-77.3941009,38.9397121],[-77.3944885,38.9398098],[-77.3945577,38.940278],[-77.3936548,38.9407731]]],"type":"Polygon"},"properties":{"kind":"water"},"type":"Feature"},{"geometry":{"coordinates":[[[-77.3876639,38.949364],[-77.3875022,38.9489179],[-77.3887364,38.9487429],[-77.3881053,38.9494534],[-77.3883383,38.950161],[-77.3877685,38.9500147],[-77.3874441,38.9495728],[-77.3876639,38.949364]]],"type":"Polygon"},"properties":{"kind":"water"},"type":"Feature"},{"geometry":{"coordinates":[[[-77.4118459,38.9513889],[-77.4122091,38.9514561],[-77.4116367,38.9524798],[-77.4110359,38.9529366],[-77.4105826,38.952847],[-77.4118459,38.9513889]]],"type":"Polygon"},"properties":{"kind":"water"},"type":"Feature"},{"geometry":{"coordinates":[[[-77.4053769,38.9545227],[-77.4030772,38.9547247],[-77.4029452,38.9546646],[-77.4043479,38.9541323],[-77.4053769,38.9545227]]],"type":"Polygon"},"properties":{"kind":"water"},"type":"Feature"},{"geometry":{"coordinates":[[[-77.4017982,38.9550998],[-77.4011223,38.9550592],[-77.3996149,38.9544866],[-77.4014817,38.9548047],[-77.4024258,38.954641],[-77.4026404,38.9553168],[-77.4015979,38.9552384],[-77.4017982,38.9550998]]],"type":"Polygon"},"properties":{"kind":"water"},"type":"Feature"},{"geometry":{"coordinates":[[[-77.3957515,38.957916],[-77.3947776,38.9570082],[-77.3950251,38.9568557],[-77.3963942,38.9575881],[-77.3972793,38.9585325],[-77.3957515,38.957916]]],"type":"Polygon"},"properties":{"kind":"water"},"type":"Feature"},{"geometry":{"coordinates":[[[-77.3966297,38.975283],[-77.3968738,38.9750599],[-77.3972305,38.9737254],[-77.3977576,38.9756393],[-77.3967692,38.9757877],[-77.3966297,38.975283]]],"type":"Polygon"},"properties":{"kind":"water"},"type":"Feature"},{"geometry":{"coordinates":[[[-77.4097186,39.0039804],[-77.4091178,39.0029398],[-77.4109632,39.0040537],[-77.4104996,39.0048547],[-77.4095384,39.0043805],[-77.4097186,39.0039804]]],"type":"Polygon"},"properties":{"kind":"water"},"type":"Feature"},{"geometry":{"coordinates":[[[-77.4053893,39.0171134],[-77.4056468,39.0163265],[-77.4067884,39.0163132],[-77.4065995,39.0174602],[-77.4053893,39.0171134]]],"type":"Polygon"},"properties":{"kind":"water"},"type":"Feature"},{"geometry":{"coordinates":[[[-77.3945958,39.0180016],[-77.3940092,39.0174968],[-77.3944029,39.016945],[-77.3958688,39.0176418],[-77.3945958,39.0180016]]],"type":"Polygon"},"properties":{"kind":"water"},"type":"Feature"},{"geometry":{"coordinates":[[[-77.4249089,39.0200021],[-77.4261097,39.0193081],[-77.4263644,39.0198042],[-77.4252983,39.020135],[-77.4249089,39.0200021]]],"type":"Polygon"},"properties":{"kind":"water"},"type":"Feature"},{"geometry":{"coordinates":[[[-77.3998182,39.0282418],[-77.3986226,39.0282356],[-77.3977838,39.0277147],[-77.3981948,39.0275396],[-77.3998182,39.0282418]]],"type":"Polygon"},"properties":{"kind":"water"},"type":"Feature"},{"geometry":{"coordinates":[[[-77.4002694,39.032251],[-77.3982695,39.0317776],[-77.3986472,39.0304441],[-77.3993252,39.0306908],[-77.4005183,39.0318843],[-77.4007414,39.0325377],[-77.4003037,39.032711],[-77.4002694,39.032251]]],"type":"Polygon"},"properties":{"kind":"water"},"type":"Feature"},{"geometry":{"coordinates":[[[-77.4101055,39.0339844],[-77.4115733,39.0328444],[-77.4120282,39.0329577],[-77.4116934,39.0342711],[-77.412423,39.0349645],[-77.4101055,39.0339844]]],"type":"Polygon"},"properties":{"kind":"water"},"type":"Feature"},{"geometry":{"coordinates":[[[-77.4030409,39.0328626],[-77.4056058,39.0349102],[-77.4048441,39.0352912],[-77.4035996,39.0345978],[-77.4035653,39.0341178],[-77.4017548,39.0336169],[-77.4024716,39.033681],[-77.4030409,39.0328626]]],"type":"Polygon"},"properties":{"kind":"water"},"type":"Feature"},{"geometry":{"coordinates":[[[-77.4052487,39.0502226],[-77.40621,39.0510625],[-77.406416,39.0518356],[-77.4058324,39.0519356],[-77.4051886,39.0507958],[-77.4045106,39.0503226],[-77.4052487,39.0502226]]],"type":"Polygon"},"properties":{"kind":"water"},"type":"Feature"},{"geometry":{"coordinates":[[[-77.3564543,38.742887],[-77.3575922,38.7429687],[-77.3581611,38.7436927],[-77.3572478,38.7439613],[-77.3564543,38.742887]]],"type":"Polygon"},"properties":{"kind":"water"},"type":"Feature"},{"geometry":{"coordinates":[[[-77.3437838,38.7794596],[-77.3420758,38.7804833],[-77.3428052,38.7780335],[-77.3442042,38.7784164],[-77.3437838,38.7794596]]],"type":"Polygon"},"properties":{"kind":"water"},"type":"Feature"},{"geometry":{"coordinates":[[[-77.379425,38.869859],[-77.382491,38.869336],[-77.382942,38.869977],[-77.380364,38.870488],[-77.379346,38.870147],[-77.379425,38.869859]]],"type":"Polygon"},"properties":{"kind":"water"},"type":"Feature"},{"geometry":{"coordinates":[[[-77.3549477,38.8723024],[-77.3553247,38.8721874],[-77.3561245,38.8723093],[-77.3554556,38.8730981],[-77.3549973,38.8731545],[-77.3549477,38.8723024]]],"type":"Polygon"},"properties":{"kind":"water"},"type":"Feature"},{"geometry":{"coordinates":[[[-77.3577429,38.8727826],[-77.3561324,38.873218],[-77.355653,38.8730582],[-77.3564485,38.8721625],[-77.3577429,38.8727826]]],"type":"Polygon"},"properties":{"kind":"water"},"type":"Feature"},{"geometry":{"coordinates":[[[-77.339221,38.8741109],[-77.3404223,38.8725638],[-77.3406736,38.8727794],[-77.3394046,38.8743943],[-77.339221,38.8741109]]],"type":"Polygon"},"properties":{"kind":"water"},"type":"Feature"},{"geometry":{"coordinates":[[[-77.3386288,38.8850848],[-77.3364413,38.8841974],[-77.3356341,38.8828927],[-77.3359853,38.8827153],[-77.3396148,38.8846627],[-77.3392327,38.8850656],[-77.3386288,38.8850848]]],"type":"Polygon"},"properties":{"kind":"water"},"type":"Feature"},{"geometry":{"coordinates":[[[-77.3878184,38.8877298],[-77.3871881,38.8869615],[-77.3866463,38.886855],[-77.3859328,38.8873477],[-77.3856592,38.8869218],[-77.3864862,38.8864697],[-77.3880491,38.8874709],[-77.3878184,38.8877298]]],"type":"Polygon"},"properties":{"kind":"water"},"type":"Feature"},{"geometry":{"coordinates":[[[-77.3440947,38.8971313],[-77.3437165,38.897719],[-77.3427793,38.8972388],[-77.3431372,38.896959],[-77.3440947,38.8971313]]],"type":"Polygon"},"properties":{"kind":"water"},"type":"Feature"},{"geometry":{"coordinates":[[[-77.3415005,38.9042124],[-77.341243,38.9030102],[-77.3423052,38.9031354],[-77.3424018,38.9033358],[-77.3415005,38.9042124]]],"type":"Polygon"},"properties":{"kind":"water"},"type":"Feature"},{"geometry":{"coordinates":[[[-77.3448801,38.9033107],[-77.3435283,38.9044629],[-77.3434639,38.9054523],[-77.3432064,38.9055775],[-77.3427397,38.9044629],[-77.344333,38.9032982],[-77.3448801,38.9033107]]],"type":"Polygon"},"properties":{"kind":"water"},"type":"Feature"},{"geometry":{"coordinates":[[[-77.3694701,38.9201356],[-77.3686462,38.9191246],[-77.3688123,38.918785],[-77.3700498,38.9194565],[-77.3694701,38.9201356]]],"type":"Polygon"},"properties":{"kind":"water"},"type":"Feature"},{"geometry":{"coordinates":[[[-77.3768699,38.9222284],[-77.3767384,38.9217986],[-77.3770093,38.9216921],[-77.3780742,38.9221158],[-77.3775833,38.9224768],[-77.3768699,38.9222284]]],"type":"Polygon"},"properties":{"kind":"water"},"type":"Feature"},{"geometry":{"coordinates":[[[-77.3740493,38.9383334],[-77.3739634,38.9395601],[-77.3735343,38.9396102],[-77.3728798,38.9387924],[-77.3738132,38.9381999],[-77.3740493,38.9383334]]],"type":"Polygon"},"properties":{"kind":"water"},"type":"Feature"},{"geometry":{"coordinates":[[[-77.350166,38.9400033],[-77.3491762,38.9385555],[-77.3502196,38.9382175],[-77.3505334,38.9399303],[-77.350166,38.9400033]]],"type":"Polygon"},"properties":{"kind":"water"},"type":"Feature"},{"geometry":{"coordinates":[[[-77.348035,38.9487968],[-77.3480738,38.949375],[-77.3470545,38.9491163],[-77.3478896,38.9483978],[-77.3494427,38.9479662],[-77.3484795,38.9488324],[-77.348035,38.9487968]]],"type":"Polygon"},"properties":{"kind":"water"},"type":"Feature"},{"geometry":{"coordinates":[[[-77.3412912,38.9514175],[-77.3417258,38.9499156],[-77.3436409,38.950458],[-77.3421549,38.9505414],[-77.3412912,38.9514175]]],"type":"Polygon"},"properties":{"kind":"water"},"type":"Feature"},{"geometry":{"coordinates":[[[-77.3667757,38.9594749],[-77.3672488,38.9587428],[-77.3682136,38.9587355],[-77.3673833,38.9600304],[-77.3670772,38.9600664],[-77.3667757,38.9594749]]],"type":"Polygon"},"properties":{"kind":"water"},"type":"Feature"},{"geometry":{"coordinates":[[[-77.3608881,38.9656292],[-77.3612502,38.9640984],[-77.362653,38.9655311],[-77.3608881,38.9656292]]],"type":"Polygon"},"properties":{"kind":"water"},"type":"Feature"},{"geometry":{"coordinates":[[[-77.3365756,38.9642467],[-77.3401198,38.9657455],[-77.3408674,38.9657713],[-77.3409737,38.9667129],[-77.342939,38.9676387],[-77.3415819,38.9672692],[-77.3408107,38.9674805],[-77.3409586,38.9685476],[-77.340537,38.9686375],[-77.3402499,38.9670622],[-77.3395063,38.9666037],[-77.3370531,38.9657716],[-77.335539,38.9655621],[-77.3350923,38.966128],[-77.334757,38.9655228],[-77.3332256,38.9656413],[-77.3330541,38.9653756],[-77.3335101,38.9644184],[-77.3353212,38.9644423],[-77.3360523,38.9641998],[-77.3362913,38.9636655],[-77.3365756,38.9642467]]],"type":"Polygon"},"properties":{"kind":"water"},"type":"Feature"},{"geometry":{"coordinates":[[[-77.3599265,38.970365],[-77.3598005,38.9697081],[-77.3603368,38.9692609],[-77.3601383,38.9685206],[-77.3615223,38.9672839],[-77.3612407,38.9702681],[-77.3599265,38.970365]]],"type":"Polygon"},"properties":{"kind":"water"},"type":"Feature"},{"geometry":{"coordinates":[[[-77.3419502,38.9760859],[-77.342138,38.9752747],[-77.341682,38.9747597],[-77.3416176,38.9734064],[-77.3430751,38.9722157],[-77.3451152,38.9726557],[-77.3431787,38.9732979],[-77.3447855,38.9751819],[-77.342771,38.9743176],[-77.3425216,38.9745741],[-77.3425725,38.9754374],[-77.3429668,38.9760254],[-77.3419502,38.9760859]]],"type":"Polygon"},"properties":{"kind":"water"},"type":"Feature"},{"geometry":{"coordinates":[[[-77.3552614,38.9862134],[-77.354572,38.9851064],[-77.3540892,38.985221],[-77.3536038,38.9846748],[-77.3536869,38.9842828],[-77.3551621,38.984779],[-77.3558193,38.9844684],[-77.3562243,38.9860362],[-77.3552614,38.9862134]]],"type":"Polygon"},"properties":{"kind":"water"},"type":"Feature"},{"geometry":{"coordinates":[[[-77.364932,39.0184819],[-77.365844,39.0186444],[-77.3661336,39.0184152],[-77.366595,39.0189112],[-77.366257,39.0196322],[-77.3643473,39.0187403],[-77.364932,39.0184819]]],"type":"Polygon"},"properties":{"kind":"water"},"type":"Feature"},{"geometry":{"coordinates":[[[-77.3763513,39.0387059],[-77.3772611,39.0380126],[-77.3777074,39.0380192],[-77.3775014,39.0375659],[-77.3779048,39.0375726],[-77.3783425,39.0380659],[-77.3791579,39.0380792],[-77.3776645,39.0386792],[-77.3776645,39.0392592],[-77.3763513,39.0387059]]],"type":"Polygon"},"properties":{"kind":"water"},"type":"Feature"},{"geometry":{"coordinates":[[[-77.2938555,38.7536943],[-77.2935122,38.7543408],[-77.2937876,38.7546096],[-77.2929059,38.7549109],[-77.2927143,38.7543293],[-77.2930207,38.7536196],[-77.2938555,38.7536943]]],"type":"Polygon"},"properties":{"kind":"water"},"type":"Feature"},{"geometry":{"coordinates":[[[-77.262803,38.7548886],[-77.262803,38.7567627],[-77.2599706,38.7562339],[-77.2599964,38.7567827],[-77.259756,38.7568363],[-77.258975,38.7558591],[-77.2565116,38.7549019],[-77.256031,38.7549153],[-77.255516,38.7558189],[-77.2553272,38.7548015],[-77.2558679,38.7540452],[-77.2566575,38.7540251],[-77.2568635,38.75359],[-77.2576017,38.7533022],[-77.2578849,38.7533692],[-77.2574472,38.7539381],[-77.2576446,38.7542125],[-77.262803,38.7548886]]],"type":"Polygon"},"properties":{"kind":"water"},"type":"Feature"},{"geometry":{"coordinates":[[[-77.2921245,38.7810971],[-77.2924523,38.7821404],[-77.2919974,38.7822542],[-77.2914653,38.7816721],[-77.2921777,38.7807487],[-77.2926669,38.780722],[-77.2921245,38.7810971]]],"type":"Polygon"},"properties":{"kind":"water"},"type":"Feature"},{"geometry":{"coordinates":[[[-77.288856,38.7829166],[-77.2883668,38.7823479],[-77.2888474,38.7821605],[-77.2889676,38.7823947],[-77.2903237,38.7823612],[-77.288856,38.7829166]]],"type":"Polygon"},"properties":{"kind":"water"},"type":"Feature"},{"geometry":{"coordinates":[[[-77.2682262,38.8810355],[-77.2685427,38.8824616],[-77.2682208,38.8826207],[-77.2679366,38.8806638],[-77.2682048,38.8800855],[-77.2688378,38.8798412],[-77.2686719,38.8809515],[-77.2682262,38.8810355]]],"type":"Polygon"},"properties":{"kind":"water"},"type":"Feature"},{"geometry":{"coordinates":[[[-77.3345757,38.892441],[-77.3360497,38.8933101],[-77.3338431,38.8930993],[-77.3325282,38.8920237],[-77.3325796,38.891554],[-77.3338236,38.8914438],[-77.3345757,38.892441]]],"type":"Polygon"},"properties":{"kind":"water"},"type":"Feature"},{"geometry":{"coordinates":[[[-77.2949209,38.8973451],[-77.2961654,38.8969881],[-77.2963317,38.8976039],[-77.2953378,38.8975995],[-77.2949209,38.8973451]]],"type":"Polygon"},"properties":{"kind":"water"},"type":"Feature"},{"geometry":{"coordinates":[[[-77.2695632,38.9262316],[-77.2683272,38.9260313],[-77.2686706,38.9251766],[-77.2697263,38.9252233],[-77.270061,38.925871],[-77.2695632,38.9262316]]],"type":"Polygon"},"properties":{"kind":"water"},"type":"Feature"},{"geometry":{"coordinates":[[[-77.3356602,38.9290955],[-77.3355075,38.9293591],[-77.3343167,38.9293874],[-77.3335059,38.9302123],[-77.3317141,38.9305348],[-77.3316997,38.9312563],[-77.3304197,38.93074],[-77.3296207,38.9315133],[-77.3286573,38.9317139],[-77.3284507,38.9332412],[-77.3296765,38.9349437],[-77.3308111,38.9357574],[-77.3304919,38.9361496],[-77.3301834,38.9359243],[-77.3295022,38.9362227],[-77.3273242,38.9327488],[-77.3259509,38.9329512],[-77.3254628,38.9325005],[-77.3270319,38.9315679],[-77.3275951,38.9306185],[-77.3286224,38.9305789],[-77.3293976,38.9295919],[-77.3310069,38.929256],[-77.3322434,38.9296754],[-77.3327289,38.9289096],[-77.3360038,38.927858],[-77.3388574,38.9287349],[-77.3356602,38.9290955]]],"type":"Polygon"},"properties":{"kind":"water"},"type":"Feature"},{"geometry":{"coordinates":[[[-77.292604,38.9337484],[-77.2929792,38.9332432],[-77.2935177,38.9333543],[-77.2930967,38.9343571],[-77.292721,38.934261],[-77.292604,38.9337484]]],"type":"Polygon"},"properties":{"kind":"water"},"type":"Feature"},{"geometry":{"coordinates":[[[-77.2842734,38.9364967],[-77.2838111,38.9365005],[-77.2831711,38.935751],[-77.2846694,38.9355725],[-77.2848411,38.9358996],[-77.2842734,38.9364967]]],"type":"Polygon"},"properties":{"kind":"water"},"type":"Feature"},{"geometry":{"coordinates":[[[-77.3376756,38.9395983],[-77.3364576,38.9390385],[-77.3360675,38.9393995],[-77.3357868,38.938833],[-77.3348488,38.9385163],[-77.334182,38.93918],[-77.3338411,38.9386741],[-77.3340771,38.9381996],[-77.333516,38.9382198],[-77.332356,38.9395299],[-77.3323074,38.9405429],[-77.332695,38.9416411],[-77.3324097,38.9417345],[-77.3317643,38.9410475],[-77.331103,38.940913],[-77.3315892,38.9400916],[-77.3309435,38.9391505],[-77.3315722,38.9388434],[-77.331819,38.9379889],[-77.331731,38.9373119],[-77.3310894,38.9367938],[-77.3331686,38.9348819],[-77.3335202,38.9356151],[-77.3338876,38.9355713],[-77.3339118,38.935807],[-77.3330378,38.9361062],[-77.333571,38.9369119],[-77.3346063,38.9365698],[-77.334316,38.9369756],[-77.3354834,38.9374921],[-77.3358667,38.9369877],[-77.3363127,38.9372645],[-77.3360555,38.937585],[-77.3374902,38.9384279],[-77.3392776,38.9379154],[-77.3396124,38.9375216],[-77.3398213,38.9379173],[-77.3404967,38.9380644],[-77.3397363,38.9381268],[-77.3385359,38.9388527],[-77.3388898,38.9400449],[-77.3393892,38.9405792],[-77.3382673,38.9405834],[-77.3376756,38.9395983]]],"type":"Polygon"},"properties":{"kind":"water"},"type":"Feature"},{"geometry":{"coordinates":[[[-77.268043,38.9456972],[-77.2684659,38.9449495],[-77.2694342,38.9452165],[-77.2682362,38.9461228],[-77.268043,38.9456972]]],"type":"Polygon"},"properties":{"kind":"water"},"type":"Feature"},{"geometry":{"coordinates":[[[-77.2591746,38.9524951],[-77.2587562,38.9533128],[-77.25815,38.9527329],[-77.2587508,38.9520446],[-77.2591746,38.9524951]]],"type":"Polygon"},"properties":{"kind":"water"},"type":"Feature"},{"geometry":{"coordinates":[[[-77.3193473,38.9644017],[-77.3199309,38.965253],[-77.3209517,38.9652087],[-77.3215794,38.9655226],[-77.3212208,38.9656989],[-77.3229098,38.9652275],[-77.3217317,38.9658834],[-77.3211028,38.9666405],[-77.3186383,38.9669727],[-77.3190972,38.9684006],[-77.318033,38.9673902],[-77.3180038,38.9661173],[-77.3173857,38.9647141],[-77.3179798,38.9637461],[-77.3193473,38.9644017]]],"type":"Polygon"},"properties":{"kind":"water"},"type":"Feature"},{"geometry":{"coordinates":[[[-77.2477122,38.7177209],[-77.2488494,38.7171015],[-77.2494717,38.7174865],[-77.2487863,38.7190343],[-77.2483237,38.7181311],[-77.2477122,38.7177209]]],"type":"Polygon"},"properties":{"kind":"water"},"type":"Feature"},{"geometry":{"coordinates":[[[-77.2339812,38.7203842],[-77.2338818,38.7194129],[-77.2343514,38.7190969],[-77.234826,38.7204113],[-77.2339812,38.7203842]]],"type":"Polygon"},"properties":{"kind":"water"},"type":"Feature"},{"geometry":{"coordinates":[[[-77.1907992,38.7204405],[-77.1884662,38.7212296],[-77.1878249,38.7219213],[-77.186763,38.7224383],[-77.1854462,38.722195],[-77.1845172,38.7215748],[-77.1866384,38.7222927],[-77.1876361,38.7218356],[-77.1883111,38.7210837],[-77.1901642,38.7204378],[-77.1907992,38.7204405]]],"type":"Polygon"},"properties":{"kind":"water"},"type":"Feature"},{"geometry":{"coordinates":[[[-77.2063567,38.7232655],[-77.2059272,38.7242733],[-77.2043297,38.7251456],[-77.2063567,38.7232655]]],"type":"Polygon"},"properties":{"kind":"water"},"type":"Feature"},{"geometry":{"coordinates":[[[-77.1629184,38.7252429],[-77.1613412,38.7252626],[-77.161689,38.7248773],[-77.161668,38.7241674],[-77.1625885,38.7242584],[-77.1629184,38.7252429]]],"type":"Polygon"},"properties":{"kind":"water"},"type":"Feature"},{"geometry":{"coordinates":[[[-77.2015448,38.7255888],[-77.2007317,38.7250885],[-77.201044,38.7255758],[-77.200582,38.7255917],[-77.2004457,38.7259633],[-77.1991217,38.7257673],[-77.1997532,38.7253736],[-77.2011846,38.724898],[-77.2015674,38.7251928],[-77.2015448,38.7255888]]],"type":"Polygon"},"properties":{"kind":"water"},"type":"Feature"},{"geometry":{"coordinates":[[[-77.1549567,38.7464353],[-77.1547025,38.7457094],[-77.1553871,38.745193],[-77.1557356,38.7458134],[-77.1549567,38.7464353]]],"type":"Polygon"},"properties":{"kind":"water"},"type":"Feature"},{"geometry":{"coordinates":[[[-77.2067916,38.7458723],[-77.2059953,38.7464304],[-77.2048151,38.7454061],[-77.2067916,38.7458723]]],"type":"Polygon"},"properties":{"kind":"water"},"type":"Feature"},{"geometry":{"coordinates":[[[-77.2110445,38.7471759],[-77.210423,38.7476762],[-77.2098592,38.747215],[-77.2104757,38.7466951],[-77.2110445,38.7471759]]],"type":"Polygon"},"properties":{"kind":"water"},"type":"Feature"},{"geometry":{"coordinates":[[[-77.1496368,38.7502307],[-77.1490852,38.7504751],[-77.1487801,38.7502747],[-77.1499565,38.7494696],[-77.1511413,38.7498558],[-77.1504831,38.7503936],[-77.1496368,38.7502307]]],"type":"Polygon"},"properties":{"kind":"water"},"type":"Feature"},{"geometry":{"coordinates":[[[-77.168749,38.7503384],[-77.1705076,38.7502977],[-77.1705394,38.7504483],[-77.169642,38.7512368],[-77.168749,38.7503384]]],"type":"Polygon"},"properties":{"kind":"water"},"type":"Feature"},{"geometry":{"coordinates":[[[-77.1973895,38.7521159],[-77.1983087,38.7527822],[-77.1980426,38.7532051],[-77.1969705,38.752345],[-77.1973895,38.7521159]]],"type":"Polygon"},"properties":{"kind":"water"},"type":"Feature"},{"geometry":{"coordinates":[[[-77.1853396,38.7582844],[-77.1856762,38.7587139],[-77.1855978,38.7593223],[-77.1846473,38.7595087],[-77.1853396,38.7582844]]],"type":"Polygon"},"properties":{"kind":"water"},"type":"Feature"},{"geometry":{"coordinates":[[[-77.2275636,38.7731541],[-77.229057,38.7733549],[-77.2298329,38.7738298],[-77.2270979,38.7737686],[-77.2269072,38.7733963],[-77.2265061,38.7733839],[-77.2275636,38.7731541]]],"type":"Polygon"},"properties":{"kind":"water"},"type":"Feature"},{"geometry":{"coordinates":[[[-77.2206285,38.7746062],[-77.2202744,38.7750804],[-77.2198067,38.7743618],[-77.2203528,38.7739352],[-77.2215297,38.7740575],[-77.2224137,38.773395],[-77.2236219,38.7733958],[-77.2223747,38.7739918],[-77.2224009,38.7746714],[-77.2206285,38.7746062]]],"type":"Polygon"},"properties":{"kind":"water"},"type":"Feature"},{"geometry":{"coordinates":[[[-77.2149666,38.8719573],[-77.213515,38.8732877],[-77.2138616,38.8727842],[-77.2135794,38.8722937],[-77.2139259,38.8711136],[-77.2134592,38.8708505],[-77.2130515,38.8699235],[-77.2170641,38.8701031],[-77.2168549,38.8705416],[-77.2159108,38.8707335],[-77.2162487,38.8720408],[-77.2166993,38.8723039],[-77.2160234,38.8726714],[-77.2159108,38.8721076],[-77.2149666,38.8719573]]],"type":"Polygon"},"properties":{"kind":"water"},"type":"Feature"},{"geometry":{"coordinates":[[[-77.2173055,38.8727383],[-77.2179332,38.8732269],[-77.2180834,38.8738909],[-77.2186252,38.8739244],[-77.2187164,38.8746636],[-77.2181209,38.8746552],[-77.2169729,38.8728719],[-77.2173055,38.8727383]]],"type":"Polygon"},"properties":{"kind":"water"},"type":"Feature"},{"geometry":{"coordinates":[[[-77.2318697,38.9046391],[-77.2304465,38.9039437],[-77.2295426,38.9043883],[-77.2304347,38.9038125],[-77.2303543,38.9035433],[-77.2305232,38.9038],[-77.2322291,38.9039941],[-77.2318697,38.9046391]]],"type":"Polygon"},"properties":{"kind":"water"},"type":"Feature"},{"geometry":{"coordinates":[[[-77.2174307,38.9320067],[-77.2171002,38.9323799],[-77.2165756,38.9323756],[-77.2154774,38.9314435],[-77.2159853,38.9311807],[-77.2169246,38.9320115],[-77.2174307,38.9320067]]],"type":"Polygon"},"properties":{"kind":"water"},"type":"Feature"},{"geometry":{"coordinates":[[[-77.2478664,38.9486132],[-77.2481239,38.9477121],[-77.249347,38.9471614],[-77.248773,38.9487676],[-77.2478664,38.9486132]]],"type":"Polygon"},"properties":{"kind":"water"},"type":"Feature"}],"type":"FeatureCollection"}
